-- Changes to this script should ideally be made by updating and rerunning the UI script documented at
-- https://github.com/ministryofjustice/hmpps-accredited-programmes-ui/blob/main/README.md#seeded-resources

DELETE from referral;
DELETE from offering;
DELETE from course_audience;
DELETE from audience;
DELETE from prerequisite;
DELETE from course;

INSERT INTO course(course_id, name, identifier, description, alternate_name, referable)
VALUES ('da282c07-069d-4b7c-be6f-d423e8f3cf3d', 'Silver Course', 'SC0', 'Templum nisi tantillus libero conservo ars tredecim corporis. Cui advoco dedecor contego occaecati terreo veritas. Coniuratio suspendo ab cito vere solum.', 'SC', false),
       ('26312e6d-e67a-44db-b81d-45d27e64924d', 'Green Course', 'GC1', 'Arceo damnatio totidem sollers consectetur adamo communis. Solvo assumenda super adsuesco ullam patrocinor voluptatem cometes pecco. Tibi ventito ventito. Accendo neque laborum tenus. Voveo terreo conduco depereo volubilis adiuvo curriculum talus. Minima tantum corpus audax sursum caterva in sublime.', 'GC', false),
       ('1625ba90-40d7-4d10-afff-784e0c4551ff', 'Salmon Course', 'SC2', 'Venio theologus civis alveus. Color tener stultus civis. Cui voluptas contigo conculco communis temperantia demergo depromo. Eaque crur aegrus tego conor vehemens carmen voveo. Vorax contra vinculum libero id comprehendo desino alter crebro cedo.', 'SC', true),
       ('c20a2b68-b5a9-4805-a58b-e40bd01b0f73', 'Magenta Course', 'MC3', 'Pecus degenero ab tabesco. Basium culpa defluo advenio. Casus volup defluo cado.', 'MC', false),
       ('896f8228-1041-43db-8cdb-dfa73bf65ca5', 'Mint Green Course', 'MGC4', 'Stultus via pecto tametsi. Cerno tener clarus cogito.', 'MGC', true),
       ('ba5d3ca9-4b9c-42f8-b889-571a340d455c', 'Ivory Course', 'IC5', 'Vix creator cultellus architecto velociter condico curiositas cui verecundia. Contabesco audentia labore cerno creber viduo doloremque. Supellex earum abstergo ex arbitro patrocinor atrox magnam. Ascisco titulus uter fugit aliquid iure dolor sordeo. Tyrannus creptio demulceo coma suscipio desino charisma vox audacia.', 'IC', true),
       ('22cd022f-5d44-4c3c-afb5-f90cd6b1b2f6', 'Salmon Course', 'SC6', 'Sordeo stultus tot virgo sordeo coaegresco amiculum aufero expedita tutamen. Summopere aeternus adsidue adimpleo currus cunae conitor usus civis. Accommodo ut vita articulus. Beneficium somnus sit ea viscus.', 'SC', false),
       ('6ce7522f-386f-4399-bf59-aab20ae4c4fc', 'Violet Course', 'VC7', 'Asperiores assumenda armarium conscendo asperiores libero. Supplanto cavus apostolus tres vehemens caecus. Absconditus blandior virtus teneo. Assentator supra arto agnosco. Pax appello vis eius vulgivagus corpus vulgaris. Aggero cauda speciosus verbera.', 'VC', false),
       ('f3715b63-7958-41dd-ba02-2405ded543be', 'Silver Course', 'SC8', 'Ascit tripudio confero neque demonstro benevolentia thesis et. Verumtamen minima casso.', 'SC', false),
       ('b3f8c5ed-8887-4056-885d-e7b8bcb52363', 'Lavender Course', 'LC9', 'Crur adfectus denego reiciendis sortitus dignissimos tepidus. Totam vindico territo custodia.', 'LC', false);

INSERT INTO prerequisite(course_id, name, description)
VALUES ('da282c07-069d-4b7c-be6f-d423e8f3cf3d', 'Setting', 'Custody'),
       ('da282c07-069d-4b7c-be6f-d423e8f3cf3d', 'Gender', 'Male only'),
       ('da282c07-069d-4b7c-be6f-d423e8f3cf3d', 'Risk criteria', 'High ESARA/SARA/OVP, High OGRS'),
       ('26312e6d-e67a-44db-b81d-45d27e64924d', 'Setting', 'Custody'),
       ('26312e6d-e67a-44db-b81d-45d27e64924d', 'Gender', 'Male only'),
       ('26312e6d-e67a-44db-b81d-45d27e64924d', 'Risk criteria', 'High ESARA/SARA/OVP, High OGRS'),
       ('1625ba90-40d7-4d10-afff-784e0c4551ff', 'Setting', 'Custody'),
       ('1625ba90-40d7-4d10-afff-784e0c4551ff', 'Gender', 'Male only'),
       ('1625ba90-40d7-4d10-afff-784e0c4551ff', 'Risk criteria', 'High ESARA/SARA/OVP, High OGRS'),
       ('c20a2b68-b5a9-4805-a58b-e40bd01b0f73', 'Setting', 'Custody'),
       ('c20a2b68-b5a9-4805-a58b-e40bd01b0f73', 'Gender', 'Male only'),
       ('c20a2b68-b5a9-4805-a58b-e40bd01b0f73', 'Risk criteria', 'High ESARA/SARA/OVP, High OGRS'),
       ('896f8228-1041-43db-8cdb-dfa73bf65ca5', 'Setting', 'Custody'),
       ('896f8228-1041-43db-8cdb-dfa73bf65ca5', 'Gender', 'Male only'),
       ('896f8228-1041-43db-8cdb-dfa73bf65ca5', 'Risk criteria', 'High ESARA/SARA/OVP, High OGRS'),
       ('ba5d3ca9-4b9c-42f8-b889-571a340d455c', 'Setting', 'Custody'),
       ('ba5d3ca9-4b9c-42f8-b889-571a340d455c', 'Gender', 'Male only'),
       ('ba5d3ca9-4b9c-42f8-b889-571a340d455c', 'Risk criteria', 'High ESARA/SARA/OVP, High OGRS'),
       ('22cd022f-5d44-4c3c-afb5-f90cd6b1b2f6', 'Setting', 'Custody'),
       ('22cd022f-5d44-4c3c-afb5-f90cd6b1b2f6', 'Gender', 'Male only'),
       ('22cd022f-5d44-4c3c-afb5-f90cd6b1b2f6', 'Risk criteria', 'High ESARA/SARA/OVP, High OGRS'),
       ('6ce7522f-386f-4399-bf59-aab20ae4c4fc', 'Setting', 'Custody'),
       ('6ce7522f-386f-4399-bf59-aab20ae4c4fc', 'Gender', 'Male only'),
       ('6ce7522f-386f-4399-bf59-aab20ae4c4fc', 'Risk criteria', 'High ESARA/SARA/OVP, High OGRS'),
       ('f3715b63-7958-41dd-ba02-2405ded543be', 'Setting', 'Custody'),
       ('f3715b63-7958-41dd-ba02-2405ded543be', 'Gender', 'Male only'),
       ('f3715b63-7958-41dd-ba02-2405ded543be', 'Risk criteria', 'High ESARA/SARA/OVP, High OGRS'),
       ('b3f8c5ed-8887-4056-885d-e7b8bcb52363', 'Setting', 'Custody'),
       ('b3f8c5ed-8887-4056-885d-e7b8bcb52363', 'Gender', 'Male only'),
       ('b3f8c5ed-8887-4056-885d-e7b8bcb52363', 'Risk criteria', 'High ESARA/SARA/OVP, High OGRS');

INSERT INTO audience(audience_id, audience_value)
VALUES ('56b6af7a-b6e8-4d3b-8880-af1e4255adb7', 'Sexual offence'),
       ('779b29cf-52ee-406e-87c4-3ecb2844bb9a', 'Extremism offence'),
       ('5d2ebebd-60b1-410f-8741-b14e282562a7', 'Gang offence'),
       ('decb6d25-074d-4272-8fbe-51927f005124', 'General violence offence'),
       ('6ba3d4ef-30d1-42f5-8dca-25f559a89a47', 'Intimate partner violence offence'),
       ('3a7b7587-3e55-414a-aefd-25ede516d893', 'General offence');

INSERT INTO course_audience(course_id, audience_id)
VALUES ('da282c07-069d-4b7c-be6f-d423e8f3cf3d', '5d2ebebd-60b1-410f-8741-b14e282562a7'),
       ('26312e6d-e67a-44db-b81d-45d27e64924d', '56b6af7a-b6e8-4d3b-8880-af1e4255adb7'),
       ('1625ba90-40d7-4d10-afff-784e0c4551ff', '779b29cf-52ee-406e-87c4-3ecb2844bb9a'),
       ('c20a2b68-b5a9-4805-a58b-e40bd01b0f73', '56b6af7a-b6e8-4d3b-8880-af1e4255adb7'),
       ('896f8228-1041-43db-8cdb-dfa73bf65ca5', 'decb6d25-074d-4272-8fbe-51927f005124'),
       ('ba5d3ca9-4b9c-42f8-b889-571a340d455c', '5d2ebebd-60b1-410f-8741-b14e282562a7'),
       ('22cd022f-5d44-4c3c-afb5-f90cd6b1b2f6', '56b6af7a-b6e8-4d3b-8880-af1e4255adb7'),
       ('6ce7522f-386f-4399-bf59-aab20ae4c4fc', '779b29cf-52ee-406e-87c4-3ecb2844bb9a'),
       ('f3715b63-7958-41dd-ba02-2405ded543be', '779b29cf-52ee-406e-87c4-3ecb2844bb9a'),
       ('b3f8c5ed-8887-4056-885d-e7b8bcb52363', '6ba3d4ef-30d1-42f5-8dca-25f559a89a47');

INSERT INTO offering(offering_id, course_id, organisation_id, contact_email, secondary_contact_email)
VALUES ('085ce438-8bef-49f4-9b93-0261d398364a', 'da282c07-069d-4b7c-be6f-d423e8f3cf3d', 'DAI', 'nobody-dai@digital.justice.gov.uk', null),
       ('61d86b29-022f-4cb0-a673-77514d429de1', 'da282c07-069d-4b7c-be6f-d423e8f3cf3d', 'GNI', 'nobody-gni@digital.justice.gov.uk', null),
       ('dfbbe2a8-3243-4972-a472-4cc4fc1ed6b3', 'da282c07-069d-4b7c-be6f-d423e8f3cf3d', 'BXI', 'nobody-bxi@digital.justice.gov.uk', null),
       ('3a01a8d8-c102-4bc6-ac06-e9d31e98b531', 'da282c07-069d-4b7c-be6f-d423e8f3cf3d', 'RHI', 'nobody-rhi@digital.justice.gov.uk', null),
       ('b3cd065c-12cd-4bd4-942d-dc41e7248c6c', 'da282c07-069d-4b7c-be6f-d423e8f3cf3d', 'BWI', 'nobody-bwi@digital.justice.gov.uk', null),
       ('1c33a2e7-2191-44d7-b86c-20abcc4fcd46', 'da282c07-069d-4b7c-be6f-d423e8f3cf3d', 'PDI', 'nobody-pdi@digital.justice.gov.uk', null),
       ('9ba2cbd7-c55b-4d03-8572-f25a8d836d89', 'da282c07-069d-4b7c-be6f-d423e8f3cf3d', 'NSI', 'nobody-nsi@digital.justice.gov.uk', null),
       ('6b3e3c9a-0c89-457d-818c-7a5b066e5d65', 'da282c07-069d-4b7c-be6f-d423e8f3cf3d', 'BFI', 'nobody-bfi@digital.justice.gov.uk', null),
       ('7978c065-17c4-47b4-9e87-0cf8bc5e0ddc', 'da282c07-069d-4b7c-be6f-d423e8f3cf3d', 'MSI', 'nobody-msi@digital.justice.gov.uk', null),
       ('eaf727fe-cf37-403a-ad15-3fe562b7f547', 'da282c07-069d-4b7c-be6f-d423e8f3cf3d', 'NWI', 'nobody-nwi@digital.justice.gov.uk', null),
       ('9036530e-fbc3-49bf-b806-7bb9c18d7a80', 'da282c07-069d-4b7c-be6f-d423e8f3cf3d', 'WWI', 'nobody-wwi@digital.justice.gov.uk', null),
       ('e075cb8d-eac2-4784-837c-da43d17e97a2', 'da282c07-069d-4b7c-be6f-d423e8f3cf3d', 'WMI', 'nobody-wmi@digital.justice.gov.uk', null),
       ('19144451-f74b-45d8-8afd-c06cc55ee4a1', 'da282c07-069d-4b7c-be6f-d423e8f3cf3d', 'CWI', 'nobody-cwi@digital.justice.gov.uk', null),
       ('9b22c15b-8f79-4895-9330-b66642f213db', 'da282c07-069d-4b7c-be6f-d423e8f3cf3d', 'VEI', 'nobody-vei@digital.justice.gov.uk', null),
       ('df122905-c019-4eb8-aaef-443acad75cdf', 'da282c07-069d-4b7c-be6f-d423e8f3cf3d', 'EYI', 'nobody-eyi@digital.justice.gov.uk', null),
       ('2fc7c0c1-4a97-46a6-b407-138045fe2c80', 'da282c07-069d-4b7c-be6f-d423e8f3cf3d', 'BSI', 'nobody-bsi@digital.justice.gov.uk', null),
       ('535012a4-a045-4316-85f8-b2c8047ddc5c', 'da282c07-069d-4b7c-be6f-d423e8f3cf3d', 'CDI', 'nobody-cdi@digital.justice.gov.uk', null),
       ('9ea1b22c-0257-4cbe-b696-0f6a7f2c02b6', 'da282c07-069d-4b7c-be6f-d423e8f3cf3d', 'PBI', 'nobody-pbi@digital.justice.gov.uk', null),
       ('3a7a0760-6a38-43d8-a118-14df12c77815', 'da282c07-069d-4b7c-be6f-d423e8f3cf3d', 'LYI', 'nobody-lyi@digital.justice.gov.uk', null),
       ('1ab1fd57-2375-4ed3-85fe-2a23d57d7834', 'da282c07-069d-4b7c-be6f-d423e8f3cf3d', 'LFI', 'nobody-lfi@digital.justice.gov.uk', null),
       ('a2974070-8853-4a5d-8889-7c1bef537f02', 'da282c07-069d-4b7c-be6f-d423e8f3cf3d', 'GTI', 'nobody-gti@digital.justice.gov.uk', null),
       ('f6eedcff-cf21-4151-a7d6-fd74c25a2d4a', 'da282c07-069d-4b7c-be6f-d423e8f3cf3d', 'BZI', 'nobody-bzi@digital.justice.gov.uk', null),
       ('b6f39cb9-7c20-47c3-a35b-cacb0504badd', 'da282c07-069d-4b7c-be6f-d423e8f3cf3d', 'HLI', 'nobody-hli@digital.justice.gov.uk', null),
       ('94eb1686-6996-4b5e-a12f-88f5723cef7d', 'da282c07-069d-4b7c-be6f-d423e8f3cf3d', 'TCI', 'nobody-tci@digital.justice.gov.uk', null),
       ('c0c4204a-2a8e-4e0a-a08a-68046bdf8f81', 'da282c07-069d-4b7c-be6f-d423e8f3cf3d', 'ACI', 'nobody-aci@digital.justice.gov.uk', null),
       ('60690387-3340-4310-b193-577747f9ab69', '26312e6d-e67a-44db-b81d-45d27e64924d', 'LII', 'nobody-lii@digital.justice.gov.uk', null),
       ('4861aa37-7692-4181-86cf-bbd4ee3d67d8', '26312e6d-e67a-44db-b81d-45d27e64924d', 'FBI', 'nobody-fbi@digital.justice.gov.uk', null),
       ('efc83dd0-c059-4f17-b1d6-5860b01219a4', '26312e6d-e67a-44db-b81d-45d27e64924d', 'ESI', 'nobody-esi@digital.justice.gov.uk', null),
       ('71b2f451-d6c0-40be-975a-0357ddc57a28', '26312e6d-e67a-44db-b81d-45d27e64924d', 'HII', 'nobody-hii@digital.justice.gov.uk', null),
       ('2ad4dce2-92c2-4183-8054-a367d98b2565', '26312e6d-e67a-44db-b81d-45d27e64924d', 'DGI', 'nobody-dgi@digital.justice.gov.uk', null),
       ('bf16d224-2574-4500-9098-20db22445f55', '26312e6d-e67a-44db-b81d-45d27e64924d', 'PFI', 'nobody-pfi@digital.justice.gov.uk', null),
       ('f26e5d83-929f-44d8-aa96-2e71a08ec9cb', '26312e6d-e67a-44db-b81d-45d27e64924d', 'FSI', 'nobody-fsi@digital.justice.gov.uk', null),
       ('bae949d4-cfcc-485c-8f91-86f0766232fd', '26312e6d-e67a-44db-b81d-45d27e64924d', 'DHI', 'nobody-dhi@digital.justice.gov.uk', null),
       ('fb522717-d48e-47cf-9520-bcfc59d6a95e', '26312e6d-e67a-44db-b81d-45d27e64924d', 'WII', 'nobody-wii@digital.justice.gov.uk', null),
       ('5ca071a6-3521-49ff-ab71-ee0202a70bf7', '26312e6d-e67a-44db-b81d-45d27e64924d', 'HOI', 'nobody-hoi@digital.justice.gov.uk', null),
       ('741621aa-e8cc-4b8b-85af-d760586cb79c', '26312e6d-e67a-44db-b81d-45d27e64924d', 'NMI', 'nobody-nmi@digital.justice.gov.uk', null),
       ('0f4bc84f-7d2a-4800-8e34-f71d97408d61', '26312e6d-e67a-44db-b81d-45d27e64924d', 'WDI', 'nobody-wdi@digital.justice.gov.uk', null),
       ('b52e31d5-4ae8-4a86-8e60-559a6f1e316b', '26312e6d-e67a-44db-b81d-45d27e64924d', 'SFI', 'nobody-sfi@digital.justice.gov.uk', null),
       ('0760b802-ca3b-4758-ad70-3af62cfe8417', '26312e6d-e67a-44db-b81d-45d27e64924d', 'HVI', 'nobody-hvi@digital.justice.gov.uk', null),
       ('b21da3d3-6fa7-482e-93f8-677df2136beb', '26312e6d-e67a-44db-b81d-45d27e64924d', 'RCI', 'nobody-rci@digital.justice.gov.uk', null),
       ('29486bc5-af25-4ba6-90cf-0251e837601d', '26312e6d-e67a-44db-b81d-45d27e64924d', 'DNI', 'nobody-dni@digital.justice.gov.uk', null),
       ('b801c5ad-882b-4cdb-a01f-f40f49cabcbe', '26312e6d-e67a-44db-b81d-45d27e64924d', 'AGI', 'nobody-agi@digital.justice.gov.uk', null),
       ('c5c1a092-900b-4668-85ac-a5986e5d106e', '26312e6d-e67a-44db-b81d-45d27e64924d', 'SUI', 'nobody-sui@digital.justice.gov.uk', null),
       ('a57ffda8-4ca5-431a-baac-7c11e0ae19b4', '26312e6d-e67a-44db-b81d-45d27e64924d', 'FKI', 'nobody-fki@digital.justice.gov.uk', null),
       ('f6eae6f4-46e7-4a0e-bae9-1e9172d624ed', '26312e6d-e67a-44db-b81d-45d27e64924d', 'EWI', 'nobody-ewi@digital.justice.gov.uk', null),
       ('67d573b9-c7c9-402e-a40f-6af6f5265cfa', '26312e6d-e67a-44db-b81d-45d27e64924d', 'LTI', 'nobody-lti@digital.justice.gov.uk', null),
       ('0e34d74a-4e1c-4d6a-bcc1-4eb3dfbed8b5', '26312e6d-e67a-44db-b81d-45d27e64924d', 'SHI', 'nobody-shi@digital.justice.gov.uk', null),
       ('ec9bfd1d-e0ec-4965-acc6-93442f948c79', '26312e6d-e67a-44db-b81d-45d27e64924d', 'BFI', 'nobody-bfi@digital.justice.gov.uk', null),
       ('20cf8ee3-59b8-410d-b71d-e7baf72eaa94', '26312e6d-e67a-44db-b81d-45d27e64924d', 'HDI', 'nobody-hdi@digital.justice.gov.uk', null),
       ('eb279cb8-e3f2-429f-8ff4-26142a75227d', '26312e6d-e67a-44db-b81d-45d27e64924d', 'EEI', 'nobody-eei@digital.justice.gov.uk', null),
       ('0f9d8d79-a0eb-4035-b582-8dd4b0c2ebaa', '26312e6d-e67a-44db-b81d-45d27e64924d', 'EXI', 'nobody-exi@digital.justice.gov.uk', null),
       ('44111b58-d93c-40bd-a05e-74f922bf1567', '26312e6d-e67a-44db-b81d-45d27e64924d', 'DTI', 'nobody-dti@digital.justice.gov.uk', null),
       ('0b4e8935-beaf-4600-b932-6c22f55231cb', '26312e6d-e67a-44db-b81d-45d27e64924d', 'DWI', 'nobody-dwi@digital.justice.gov.uk', null),
       ('751bba6a-5beb-40dc-8095-a0ec27f0ca6d', '26312e6d-e67a-44db-b81d-45d27e64924d', 'LPI', 'nobody-lpi@digital.justice.gov.uk', null),
       ('5843ed59-ffa3-4444-8049-b5678a2f5b8d', '26312e6d-e67a-44db-b81d-45d27e64924d', 'NSI', 'nobody-nsi@digital.justice.gov.uk', null),
       ('2ae0cc06-f7c7-4d9e-bef2-a6cfd1b04c68', '26312e6d-e67a-44db-b81d-45d27e64924d', 'BXI', 'nobody-bxi@digital.justice.gov.uk', null),
       ('c1653d26-a5b2-4d40-9c32-e3465ed45166', '26312e6d-e67a-44db-b81d-45d27e64924d', 'LHI', 'nobody-lhi@digital.justice.gov.uk', null),
       ('a4931c81-0b2b-441f-a27a-9434a16d747f', '26312e6d-e67a-44db-b81d-45d27e64924d', 'GHI', 'nobody-ghi@digital.justice.gov.uk', null),
       ('b63f3e1d-3f53-45ba-babc-fa4e3f24d698', '26312e6d-e67a-44db-b81d-45d27e64924d', 'BRI', 'nobody-bri@digital.justice.gov.uk', null),
       ('fd2b2ac7-888d-4cac-8817-e9c7d3f486c6', '26312e6d-e67a-44db-b81d-45d27e64924d', 'LWI', 'nobody-lwi@digital.justice.gov.uk', null),
       ('c40322f8-acf5-49ca-b6c8-7f23cbaef9a0', '26312e6d-e67a-44db-b81d-45d27e64924d', 'PVI', 'nobody-pvi@digital.justice.gov.uk', null),
       ('0bbf1e8b-ca5f-4269-ae35-650ea8e3f8ad', '26312e6d-e67a-44db-b81d-45d27e64924d', 'IWI', 'nobody-iwi@digital.justice.gov.uk', null),
       ('29fc4449-51db-4ae2-96c5-2b668cc3eb63', '26312e6d-e67a-44db-b81d-45d27e64924d', 'MTI', 'nobody-mti@digital.justice.gov.uk', null),
       ('404ed7c5-aadd-4a64-bbea-3a9a3cc47132', '26312e6d-e67a-44db-b81d-45d27e64924d', 'WRI', 'nobody-wri@digital.justice.gov.uk', null),
       ('fa3949a0-9d36-445c-abc2-e0ecfcf52921', '26312e6d-e67a-44db-b81d-45d27e64924d', 'WWI', 'nobody-wwi@digital.justice.gov.uk', null),
       ('8e2bdeaf-d26d-4c2f-975b-05a432023e55', '1625ba90-40d7-4d10-afff-784e0c4551ff', 'NLI', 'nobody-nli@digital.justice.gov.uk', null),
       ('f4362e3b-c5d0-4bf4-ae5a-1b5a25c0a5a2', '1625ba90-40d7-4d10-afff-784e0c4551ff', 'HII', 'nobody-hii@digital.justice.gov.uk', null),
       ('0ddaab81-e913-44b1-93b2-646c710dbb26', '1625ba90-40d7-4d10-afff-784e0c4551ff', 'BLI', 'nobody-bli@digital.justice.gov.uk', null),
       ('59c17051-a3e4-4e36-86bd-abd40da86bed', '1625ba90-40d7-4d10-afff-784e0c4551ff', 'PDI', 'nobody-pdi@digital.justice.gov.uk', null),
       ('a62914fc-62ee-4cf8-88e3-ed738c1f7b41', '1625ba90-40d7-4d10-afff-784e0c4551ff', 'LFI', 'nobody-lfi@digital.justice.gov.uk', null),
       ('9859482a-d4de-46dd-a661-a58f3cca5c56', '1625ba90-40d7-4d10-afff-784e0c4551ff', 'AGI', 'nobody-agi@digital.justice.gov.uk', null),
       ('0b5c774c-d0c9-4ecc-875c-37612c6c250b', '1625ba90-40d7-4d10-afff-784e0c4551ff', 'LHI', 'nobody-lhi@digital.justice.gov.uk', null),
       ('7d394a75-6872-43e3-9560-db237c31fe17', '1625ba90-40d7-4d10-afff-784e0c4551ff', 'WDI', 'nobody-wdi@digital.justice.gov.uk', null),
       ('06754620-39dd-47df-be96-34532ad9539c', '1625ba90-40d7-4d10-afff-784e0c4551ff', 'FBI', 'nobody-fbi@digital.justice.gov.uk', null),
       ('cc099779-ab60-4a57-89f2-d5597ae9815c', '1625ba90-40d7-4d10-afff-784e0c4551ff', 'WRI', 'nobody-wri@digital.justice.gov.uk', null),
       ('dadfc8dc-2f9b-4e1e-a059-5224d2cfee49', '1625ba90-40d7-4d10-afff-784e0c4551ff', 'LTI', 'nobody-lti@digital.justice.gov.uk', null),
       ('cc2ab385-5779-49ba-bedd-bc6afbcb6a0a', '1625ba90-40d7-4d10-afff-784e0c4551ff', 'WCI', 'nobody-wci@digital.justice.gov.uk', null),
       ('15cb7675-dadb-4ed4-b423-b1d8f6adea47', '1625ba90-40d7-4d10-afff-784e0c4551ff', 'MHI', 'nobody-mhi@digital.justice.gov.uk', null),
       ('0040ff76-37ee-44d2-9223-82e296a12a62', '1625ba90-40d7-4d10-afff-784e0c4551ff', 'BWI', 'nobody-bwi@digital.justice.gov.uk', null),
       ('54a3dd10-e56a-45f9-868a-a7975f5a952b', '1625ba90-40d7-4d10-afff-784e0c4551ff', 'ISI', 'nobody-isi@digital.justice.gov.uk', null),
       ('598e9c71-a76f-42f7-8ecd-0e8be1febac4', '1625ba90-40d7-4d10-afff-784e0c4551ff', 'DTI', 'nobody-dti@digital.justice.gov.uk', null),
       ('31e74900-f8ac-43b4-8344-af237aee3400', '1625ba90-40d7-4d10-afff-784e0c4551ff', 'HDI', 'nobody-hdi@digital.justice.gov.uk', null),
       ('68f9784a-d8fa-45fc-875e-12797d4a1eda', '1625ba90-40d7-4d10-afff-784e0c4551ff', 'DHI', 'nobody-dhi@digital.justice.gov.uk', null),
       ('0a73aa0a-8807-46d9-aec6-573a20095a7a', '1625ba90-40d7-4d10-afff-784e0c4551ff', 'DNI', 'nobody-dni@digital.justice.gov.uk', null),
       ('1fd08944-a415-42a3-9bda-827102ac0480', '1625ba90-40d7-4d10-afff-784e0c4551ff', 'CWI', 'nobody-cwi@digital.justice.gov.uk', null),
       ('19d64383-85ff-4178-9ef7-9ef01706c295', '1625ba90-40d7-4d10-afff-784e0c4551ff', 'RCI', 'nobody-rci@digital.justice.gov.uk', null),
       ('7741fd75-c324-4fa4-839a-8d9c7493d5ca', '1625ba90-40d7-4d10-afff-784e0c4551ff', 'DGI', 'nobody-dgi@digital.justice.gov.uk', null),
       ('d6eae5d1-1222-465b-9dc7-6cdaa53ac79b', '1625ba90-40d7-4d10-afff-784e0c4551ff', 'GNI', 'nobody-gni@digital.justice.gov.uk', null),
       ('6f4b99d5-f0d8-4699-8469-c29fd011f619', '1625ba90-40d7-4d10-afff-784e0c4551ff', 'NSI', 'nobody-nsi@digital.justice.gov.uk', null),
       ('1a3536b2-ed48-4bcf-b8a2-49936958a074', '1625ba90-40d7-4d10-afff-784e0c4551ff', 'LPI', 'nobody-lpi@digital.justice.gov.uk', null),
       ('36ae3d25-2561-4ce0-8db6-e2006fb7d673', '1625ba90-40d7-4d10-afff-784e0c4551ff', 'BRI', 'nobody-bri@digital.justice.gov.uk', null),
       ('af1ae583-8d5d-404b-a702-c23a32b4432a', '1625ba90-40d7-4d10-afff-784e0c4551ff', 'DWI', 'nobody-dwi@digital.justice.gov.uk', null),
       ('06c239f8-daf5-4eed-907c-3c1b50e162ee', '1625ba90-40d7-4d10-afff-784e0c4551ff', 'WLI', 'nobody-wli@digital.justice.gov.uk', null),
       ('afdda9a4-5ebb-42a5-8a8f-0478a040313d', '1625ba90-40d7-4d10-afff-784e0c4551ff', 'FWI', 'nobody-fwi@digital.justice.gov.uk', null),
       ('a18ee951-b6a7-417d-ac0e-677e7ca1ccfe', '1625ba90-40d7-4d10-afff-784e0c4551ff', 'FDI', 'nobody-fdi@digital.justice.gov.uk', null),
       ('dff42037-b861-4a72-8e68-2180bfe6d0a4', '1625ba90-40d7-4d10-afff-784e0c4551ff', 'CFI', 'nobody-cfi@digital.justice.gov.uk', null),
       ('03050ecb-fa22-403a-a669-8c070a018e48', '1625ba90-40d7-4d10-afff-784e0c4551ff', 'TCI', 'nobody-tci@digital.justice.gov.uk', null),
       ('86e7d514-b2d3-4ad1-ba43-7e21d7fae057', '1625ba90-40d7-4d10-afff-784e0c4551ff', 'RSI', 'nobody-rsi@digital.justice.gov.uk', null),
       ('44ff5b10-58a5-4198-970c-0c62fd0f17e6', '1625ba90-40d7-4d10-afff-784e0c4551ff', 'SHI', 'nobody-shi@digital.justice.gov.uk', null),
       ('c10acca7-b585-4447-9bc9-0cd6d115db60', '1625ba90-40d7-4d10-afff-784e0c4551ff', 'GTI', 'nobody-gti@digital.justice.gov.uk', null),
       ('a5d2b806-f1ad-4156-acf3-9edb6d74e406', '1625ba90-40d7-4d10-afff-784e0c4551ff', 'VEI', 'nobody-vei@digital.justice.gov.uk', null),
       ('c5c9be09-98b1-4b5d-a3ba-0e4a64cf0855', '1625ba90-40d7-4d10-afff-784e0c4551ff', 'WNI', 'nobody-wni@digital.justice.gov.uk', null),
       ('720bb589-0c10-4339-baf1-4212e7897acf', '1625ba90-40d7-4d10-afff-784e0c4551ff', 'FMI', 'nobody-fmi@digital.justice.gov.uk', null),
       ('7ceee6cd-d161-4ed6-8ee4-24188aee9e72', '1625ba90-40d7-4d10-afff-784e0c4551ff', 'DAI', 'nobody-dai@digital.justice.gov.uk', null),
       ('5b12a275-4fe6-4ea2-9644-078500c8de09', '1625ba90-40d7-4d10-afff-784e0c4551ff', 'HCI', 'nobody-hci@digital.justice.gov.uk', null),
       ('a369116d-a4d8-4a91-9a12-35b676c5e4a2', '1625ba90-40d7-4d10-afff-784e0c4551ff', 'GMI', 'nobody-gmi@digital.justice.gov.uk', null),
       ('a3150ca7-5885-461c-be26-3e9567565f5e', '1625ba90-40d7-4d10-afff-784e0c4551ff', 'RHI', 'nobody-rhi@digital.justice.gov.uk', null),
       ('17bb67f9-4a9f-40a4-992e-ebe05f08cac2', '1625ba90-40d7-4d10-afff-784e0c4551ff', 'PBI', 'nobody-pbi@digital.justice.gov.uk', null),
       ('78b05a36-2cf5-4d8c-a0b6-8a1a09183964', '1625ba90-40d7-4d10-afff-784e0c4551ff', 'WWI', 'nobody-wwi@digital.justice.gov.uk', null),
       ('ddc7d3e1-c12f-4e6d-be41-09ec97c8f22b', '1625ba90-40d7-4d10-afff-784e0c4551ff', 'PFI', 'nobody-pfi@digital.justice.gov.uk', null),
       ('1175bd81-8538-49df-b2d4-ea7ab79a8924', '1625ba90-40d7-4d10-afff-784e0c4551ff', 'EHI', 'nobody-ehi@digital.justice.gov.uk', null),
       ('b92f203a-1f26-4ecd-82fc-1b5112df98b8', '1625ba90-40d7-4d10-afff-784e0c4551ff', 'ASI', 'nobody-asi@digital.justice.gov.uk', null),
       ('a8f45a48-b56c-42a5-bd2a-ab4bcadd7c2f', '1625ba90-40d7-4d10-afff-784e0c4551ff', 'WYI', 'nobody-wyi@digital.justice.gov.uk', null),
       ('27d74f17-e125-4ca3-8e4e-8cf12cba91e3', '1625ba90-40d7-4d10-afff-784e0c4551ff', 'ACI', 'nobody-aci@digital.justice.gov.uk', null),
       ('11582a03-0201-4823-99ba-5572687873df', '1625ba90-40d7-4d10-afff-784e0c4551ff', 'UPI', 'nobody-upi@digital.justice.gov.uk', null),
       ('2650debf-2606-4e61-bb36-2ace1fd56589', '1625ba90-40d7-4d10-afff-784e0c4551ff', 'HMI', 'nobody-hmi@digital.justice.gov.uk', null),
       ('1793a0d0-fb1b-4fe1-b367-d8e29bbff948', '1625ba90-40d7-4d10-afff-784e0c4551ff', 'CLI', 'nobody-cli@digital.justice.gov.uk', null),
       ('4104c7c4-fc13-4f3b-bfe0-3cc16738663d', '1625ba90-40d7-4d10-afff-784e0c4551ff', 'WSI', 'nobody-wsi@digital.justice.gov.uk', null),
       ('6d5bc08d-a893-43b9-80f3-d0a4cb25c55e', '1625ba90-40d7-4d10-afff-784e0c4551ff', 'SLI', 'nobody-sli@digital.justice.gov.uk', null),
       ('de90eb0f-b4db-4d42-ad6e-9ae5a0fc600a', '1625ba90-40d7-4d10-afff-784e0c4551ff', 'HVI', 'nobody-hvi@digital.justice.gov.uk', null),
       ('f59e8c76-c7d6-4506-9d42-8bf5281c08d0', '1625ba90-40d7-4d10-afff-784e0c4551ff', 'HLI', 'nobody-hli@digital.justice.gov.uk', null),
       ('98320dd9-f9c1-4490-b024-ee324d8c8b59', '1625ba90-40d7-4d10-afff-784e0c4551ff', 'ESI', 'nobody-esi@digital.justice.gov.uk', null),
       ('ac98b13c-261d-4a3c-a966-cb2c362940dd', '1625ba90-40d7-4d10-afff-784e0c4551ff', 'HHI', 'nobody-hhi@digital.justice.gov.uk', null),
       ('29cf99d3-c675-46d0-a9e4-a061dc903c9f', '1625ba90-40d7-4d10-afff-784e0c4551ff', 'WEI', 'nobody-wei@digital.justice.gov.uk', null),
       ('7bacdd1a-3756-49d5-b47e-d7bff47a53e9', '1625ba90-40d7-4d10-afff-784e0c4551ff', 'PYI', 'nobody-pyi@digital.justice.gov.uk', null),
       ('1feb3699-224e-4d03-88bf-bac8faf02201', '1625ba90-40d7-4d10-afff-784e0c4551ff', 'LWI', 'nobody-lwi@digital.justice.gov.uk', null),
       ('71e87edc-bb81-45e2-9b12-2ad793ce73ce', '1625ba90-40d7-4d10-afff-784e0c4551ff', 'KVI', 'nobody-kvi@digital.justice.gov.uk', null),
       ('0bfc450a-9b31-4536-a33d-6d5819ba3684', '1625ba90-40d7-4d10-afff-784e0c4551ff', 'EWI', 'nobody-ewi@digital.justice.gov.uk', null),
       ('a001b1be-b71c-478d-b1a2-999cdb3991b0', '1625ba90-40d7-4d10-afff-784e0c4551ff', 'LLI', 'nobody-lli@digital.justice.gov.uk', null),
       ('be1c491f-6d51-441a-bb79-cac57b913e02', '1625ba90-40d7-4d10-afff-784e0c4551ff', 'NMI', 'nobody-nmi@digital.justice.gov.uk', null),
       ('9fc5bc24-4f36-4b32-8ecc-e4b6d9965f28', '1625ba90-40d7-4d10-afff-784e0c4551ff', 'SWI', 'nobody-swi@digital.justice.gov.uk', null),
       ('818998e6-656b-4f2d-98d8-305f2e182ae4', '1625ba90-40d7-4d10-afff-784e0c4551ff', 'HOI', 'nobody-hoi@digital.justice.gov.uk', null),
       ('e1b3423f-64c9-4a20-9af0-9ec1f13dff47', '1625ba90-40d7-4d10-afff-784e0c4551ff', 'MRI', 'nobody-mri@digital.justice.gov.uk', null),
       ('fafc2e84-7e04-442b-a0a1-b97b86bde523', '1625ba90-40d7-4d10-afff-784e0c4551ff', 'ONI', 'nobody-oni@digital.justice.gov.uk', null),
       ('60f8c5d7-9be8-4313-b54e-5d59c9cbb308', '1625ba90-40d7-4d10-afff-784e0c4551ff', 'NHI', 'nobody-nhi@digital.justice.gov.uk', null),
       ('83ca5018-cd70-46e8-b58e-b42308d47411', '1625ba90-40d7-4d10-afff-784e0c4551ff', 'BMI', 'nobody-bmi@digital.justice.gov.uk', null),
       ('744e3fad-685e-4056-9c30-a97a53a5d4da', '1625ba90-40d7-4d10-afff-784e0c4551ff', 'BCI', 'nobody-bci@digital.justice.gov.uk', null),
       ('481cb271-59da-4225-8b87-f7129c5ee6f9', '1625ba90-40d7-4d10-afff-784e0c4551ff', 'HBI', 'nobody-hbi@digital.justice.gov.uk', null),
       ('01707c64-7e26-4829-9dd2-79136242b050', '1625ba90-40d7-4d10-afff-784e0c4551ff', 'MSI', 'nobody-msi@digital.justice.gov.uk', null),
       ('914f9a0b-c07b-4bda-af3a-00429c1c572a', '1625ba90-40d7-4d10-afff-784e0c4551ff', 'WMI', 'nobody-wmi@digital.justice.gov.uk', null),
       ('a43ccbed-4f4a-4155-9be2-5a77fec7f738', '1625ba90-40d7-4d10-afff-784e0c4551ff', 'LII', 'nobody-lii@digital.justice.gov.uk', null),
       ('a69f9acd-1ff1-4890-ae11-e3d2e5a9fae2', '1625ba90-40d7-4d10-afff-784e0c4551ff', 'LYI', 'nobody-lyi@digital.justice.gov.uk', null),
       ('5e55048c-01b7-4586-9194-8301d0cb5322', '1625ba90-40d7-4d10-afff-784e0c4551ff', 'IWI', 'nobody-iwi@digital.justice.gov.uk', null),
       ('7728bb56-b3f7-4617-a187-b7a39c468903', '1625ba90-40d7-4d10-afff-784e0c4551ff', 'SKI', 'nobody-ski@digital.justice.gov.uk', null),
       ('b7118218-9c81-4fed-bce9-ff4f1c6c812e', '1625ba90-40d7-4d10-afff-784e0c4551ff', 'LNI', 'nobody-lni@digital.justice.gov.uk', null),
       ('e6816758-2163-4571-8797-e34842a84d68', '1625ba90-40d7-4d10-afff-784e0c4551ff', 'DMI', 'nobody-dmi@digital.justice.gov.uk', null),
       ('a4b6882a-4ec4-4544-b7fa-f8be487a7409', '1625ba90-40d7-4d10-afff-784e0c4551ff', 'EEI', 'nobody-eei@digital.justice.gov.uk', null),
       ('5f769374-96d5-41f4-8c12-5a2f6988f2f3', '1625ba90-40d7-4d10-afff-784e0c4551ff', 'BFI', 'nobody-bfi@digital.justice.gov.uk', null),
       ('68f1613f-2be1-4cc9-94a4-4dc5f5c83def', '1625ba90-40d7-4d10-afff-784e0c4551ff', 'FNI', 'nobody-fni@digital.justice.gov.uk', null),
       ('be4bbf23-b86e-4c65-86bd-f7c2e00d8bdf', '1625ba90-40d7-4d10-afff-784e0c4551ff', 'LGI', 'nobody-lgi@digital.justice.gov.uk', null),
       ('b29686d5-1b28-43fa-a410-a818a41f8ad3', '1625ba90-40d7-4d10-afff-784e0c4551ff', 'PNI', 'nobody-pni@digital.justice.gov.uk', null),
       ('aaac16ec-c749-4b6f-bfd8-ad6719545571', '1625ba90-40d7-4d10-afff-784e0c4551ff', 'BNI', 'nobody-bni@digital.justice.gov.uk', null),
       ('646f83f1-0de0-4617-aec8-62ccccc8b22f', '1625ba90-40d7-4d10-afff-784e0c4551ff', 'EYI', 'nobody-eyi@digital.justice.gov.uk', null),
       ('9a0e4121-d6ae-42c2-a5a0-5de1eea9350f', '1625ba90-40d7-4d10-afff-784e0c4551ff', 'PVI', 'nobody-pvi@digital.justice.gov.uk', null),
       ('00f3426f-3997-4558-adf2-390a3a9a1f99', '1625ba90-40d7-4d10-afff-784e0c4551ff', 'FYI', 'nobody-fyi@digital.justice.gov.uk', null),
       ('3ee559c4-6416-41b3-891f-2163d7c8b890', '1625ba90-40d7-4d10-afff-784e0c4551ff', 'BZI', 'nobody-bzi@digital.justice.gov.uk', null),
       ('fcb14ec7-b81b-494a-a131-b4308659505f', '1625ba90-40d7-4d10-afff-784e0c4551ff', 'CKI', 'nobody-cki@digital.justice.gov.uk', null),
       ('d25cd4ec-b317-4ab3-bad0-b63f5f7c83c8', '1625ba90-40d7-4d10-afff-784e0c4551ff', 'NWI', 'nobody-nwi@digital.justice.gov.uk', null),
       ('10c52c48-8593-489d-a43b-5a37f96e7987', '1625ba90-40d7-4d10-afff-784e0c4551ff', 'AYI', 'nobody-ayi@digital.justice.gov.uk', null),
       ('b5ffd493-1ce7-4b4c-977f-2109c3a1abfe', '1625ba90-40d7-4d10-afff-784e0c4551ff', 'SNI', 'nobody-sni@digital.justice.gov.uk', null),
       ('e9b4f0a3-4427-42cb-9522-71ac29c4a217', '1625ba90-40d7-4d10-afff-784e0c4551ff', 'EXI', 'nobody-exi@digital.justice.gov.uk', null),
       ('d706c9a7-72c7-4568-8204-87908a066726', '1625ba90-40d7-4d10-afff-784e0c4551ff', 'LCI', 'nobody-lci@digital.justice.gov.uk', null),
       ('abdb0940-e48b-4e2b-b019-4ffdba796fd1', '1625ba90-40d7-4d10-afff-784e0c4551ff', 'STI', 'nobody-sti@digital.justice.gov.uk', null),
       ('fb801fcb-6e9b-4579-9ab9-5d6a0579553a', '1625ba90-40d7-4d10-afff-784e0c4551ff', 'PRI', 'nobody-pri@digital.justice.gov.uk', null),
       ('7bf7b7c9-9b1d-4ff0-8dfd-98be1979d0d6', '1625ba90-40d7-4d10-afff-784e0c4551ff', 'FSI', 'nobody-fsi@digital.justice.gov.uk', null),
       ('0b917b1c-4ce2-45df-92e0-d58333773ffa', '1625ba90-40d7-4d10-afff-784e0c4551ff', 'SPI', 'nobody-spi@digital.justice.gov.uk', null),
       ('8e7be660-4526-40f0-a8a7-526d5da47915', '1625ba90-40d7-4d10-afff-784e0c4551ff', 'RNI', 'nobody-rni@digital.justice.gov.uk', null),
       ('e8342e24-4ec2-4659-a2df-2f411c785fd0', '1625ba90-40d7-4d10-afff-784e0c4551ff', 'BXI', 'nobody-bxi@digital.justice.gov.uk', null),
       ('5e4a9495-80b8-46be-a523-17ff17d9d4b2', '1625ba90-40d7-4d10-afff-784e0c4551ff', 'FHI', 'nobody-fhi@digital.justice.gov.uk', null),
       ('62c9fb9b-d3a0-4dbd-991a-f4b942a3fc0e', '1625ba90-40d7-4d10-afff-784e0c4551ff', 'SUI', 'nobody-sui@digital.justice.gov.uk', null),
       ('1c3517cd-ff35-4520-bad6-dd6ca4394526', '1625ba90-40d7-4d10-afff-784e0c4551ff', 'GHI', 'nobody-ghi@digital.justice.gov.uk', null),
       ('2b6b51f3-dc37-4723-885d-2a344fcfd28a', '1625ba90-40d7-4d10-afff-784e0c4551ff', 'CDI', 'nobody-cdi@digital.justice.gov.uk', null),
       ('f21b6968-6661-412f-9645-c176ba5d5963', '1625ba90-40d7-4d10-afff-784e0c4551ff', 'MDI', 'nobody-mdi@digital.justice.gov.uk', null),
       ('4d3206b7-a065-4624-9f0b-11b40ad2f7aa', '1625ba90-40d7-4d10-afff-784e0c4551ff', 'LEI', 'nobody-lei@digital.justice.gov.uk', null),
       ('f9faaa1b-57a7-479d-be22-04c577269906', '1625ba90-40d7-4d10-afff-784e0c4551ff', 'UKI', 'nobody-uki@digital.justice.gov.uk', null),
       ('1d22e406-fa8d-4b3a-a08f-ba06da9d960a', '1625ba90-40d7-4d10-afff-784e0c4551ff', 'BSI', 'nobody-bsi@digital.justice.gov.uk', null),
       ('8bf6c8ed-9cd9-4346-82f0-b7429a10b367', 'c20a2b68-b5a9-4805-a58b-e40bd01b0f73', 'SNI', 'nobody-sni@digital.justice.gov.uk', null),
       ('fc8192a0-574a-46b6-a666-d0b720620d79', 'c20a2b68-b5a9-4805-a58b-e40bd01b0f73', 'WDI', 'nobody-wdi@digital.justice.gov.uk', null),
       ('e47a01ac-d0e0-4f99-873e-8b744e0d2c05', 'c20a2b68-b5a9-4805-a58b-e40bd01b0f73', 'EEI', 'nobody-eei@digital.justice.gov.uk', null),
       ('d1d318ae-35b1-4699-b660-af51ec193c78', 'c20a2b68-b5a9-4805-a58b-e40bd01b0f73', 'EWI', 'nobody-ewi@digital.justice.gov.uk', null),
       ('051e7a58-b2fb-4a82-af36-b0e7e63d0894', 'c20a2b68-b5a9-4805-a58b-e40bd01b0f73', 'FNI', 'nobody-fni@digital.justice.gov.uk', null),
       ('edc9fc43-7aea-43b6-a83c-d7c20cb4b9a9', 'c20a2b68-b5a9-4805-a58b-e40bd01b0f73', 'WII', 'nobody-wii@digital.justice.gov.uk', null),
       ('0ab68110-0a0b-4e4f-b26f-72b0eb4e8609', 'c20a2b68-b5a9-4805-a58b-e40bd01b0f73', 'CDI', 'nobody-cdi@digital.justice.gov.uk', null),
       ('00e2550a-354e-494b-a7aa-5e95369871ab', 'c20a2b68-b5a9-4805-a58b-e40bd01b0f73', 'DNI', 'nobody-dni@digital.justice.gov.uk', null),
       ('7c7db9c0-dfb4-49d3-b0d8-a7059fc55220', 'c20a2b68-b5a9-4805-a58b-e40bd01b0f73', 'GNI', 'nobody-gni@digital.justice.gov.uk', null),
       ('aa806377-aa9b-48e5-a6d2-36eda568ec01', 'c20a2b68-b5a9-4805-a58b-e40bd01b0f73', 'BMI', 'nobody-bmi@digital.justice.gov.uk', null),
       ('0545f9a3-8c65-4517-a894-ecd95004396e', 'c20a2b68-b5a9-4805-a58b-e40bd01b0f73', 'TSI', 'nobody-tsi@digital.justice.gov.uk', null),
       ('cae31bdf-9f1c-4208-9b1f-17b93445f6ec', 'c20a2b68-b5a9-4805-a58b-e40bd01b0f73', 'LPI', 'nobody-lpi@digital.justice.gov.uk', null),
       ('e82a817b-4c48-46fe-a012-5896714584fe', 'c20a2b68-b5a9-4805-a58b-e40bd01b0f73', 'BNI', 'nobody-bni@digital.justice.gov.uk', null),
       ('39ca3cf2-c129-4608-8a6c-cf06451e1a94', 'c20a2b68-b5a9-4805-a58b-e40bd01b0f73', 'WTI', 'nobody-wti@digital.justice.gov.uk', null),
       ('0cd5272a-2cd8-402e-a44b-b1a49ae3fc3a', '896f8228-1041-43db-8cdb-dfa73bf65ca5', 'BLI', 'nobody-bli@digital.justice.gov.uk', null),
       ('7f011918-e829-40d0-bf73-0da53e158938', '896f8228-1041-43db-8cdb-dfa73bf65ca5', 'RSI', 'nobody-rsi@digital.justice.gov.uk', null),
       ('122c456f-1032-4931-a76c-e210f673ceeb', '896f8228-1041-43db-8cdb-dfa73bf65ca5', 'WEI', 'nobody-wei@digital.justice.gov.uk', null),
       ('5ff0821c-5a33-48ed-b639-09af0a9cd9b3', '896f8228-1041-43db-8cdb-dfa73bf65ca5', 'EYI', 'nobody-eyi@digital.justice.gov.uk', null),
       ('afa7e8ca-0f49-4999-b1a6-a96822b70b07', '896f8228-1041-43db-8cdb-dfa73bf65ca5', 'GNI', 'nobody-gni@digital.justice.gov.uk', null),
       ('774bed0e-31c2-40e0-a257-f3e8f4e7bc3f', '896f8228-1041-43db-8cdb-dfa73bf65ca5', 'LII', 'nobody-lii@digital.justice.gov.uk', null),
       ('938a85be-aa86-446d-a3e1-b59ba775f9d3', '896f8228-1041-43db-8cdb-dfa73bf65ca5', 'EXI', 'nobody-exi@digital.justice.gov.uk', null),
       ('8ba25ca3-c7ae-406b-ac64-2ed934462615', '896f8228-1041-43db-8cdb-dfa73bf65ca5', 'LWI', 'nobody-lwi@digital.justice.gov.uk', null),
       ('e3bb4ac4-917d-4c6d-b359-488831cbc522', '896f8228-1041-43db-8cdb-dfa73bf65ca5', 'LYI', 'nobody-lyi@digital.justice.gov.uk', null),
       ('4a99e1b4-b4e4-4830-b573-ee1dc5fa8cec', '896f8228-1041-43db-8cdb-dfa73bf65ca5', 'PBI', 'nobody-pbi@digital.justice.gov.uk', null),
       ('76a3cdc7-5747-474e-a608-a6afeef3fef6', '896f8228-1041-43db-8cdb-dfa73bf65ca5', 'ISI', 'nobody-isi@digital.justice.gov.uk', null),
       ('ea2b82ad-4390-4a31-9f65-6b4030107fcb', '896f8228-1041-43db-8cdb-dfa73bf65ca5', 'PVI', 'nobody-pvi@digital.justice.gov.uk', null),
       ('e42c91da-554c-40b0-a4db-a08cf688daad', '896f8228-1041-43db-8cdb-dfa73bf65ca5', 'SPI', 'nobody-spi@digital.justice.gov.uk', null),
       ('8bd5eb9b-c8b7-46d5-8436-ffd518c2ca63', '896f8228-1041-43db-8cdb-dfa73bf65ca5', 'PNI', 'nobody-pni@digital.justice.gov.uk', null),
       ('3d5d2cfb-606b-4e7c-8761-7a8884753554', '896f8228-1041-43db-8cdb-dfa73bf65ca5', 'DHI', 'nobody-dhi@digital.justice.gov.uk', null),
       ('2dad3f2f-5e2c-4da2-b568-c92b29bb359a', '896f8228-1041-43db-8cdb-dfa73bf65ca5', 'DNI', 'nobody-dni@digital.justice.gov.uk', null),
       ('554e1423-0379-4336-9bb1-72e404bfdd27', '896f8228-1041-43db-8cdb-dfa73bf65ca5', 'GHI', 'nobody-ghi@digital.justice.gov.uk', null),
       ('00ee2b4b-971e-4a10-9511-4b63b57e28cb', '896f8228-1041-43db-8cdb-dfa73bf65ca5', 'WCI', 'nobody-wci@digital.justice.gov.uk', null),
       ('c1cf9f54-0c87-4c49-925c-b4844ea0fc72', '896f8228-1041-43db-8cdb-dfa73bf65ca5', 'WTI', 'nobody-wti@digital.justice.gov.uk', null),
       ('be85e88a-abae-434a-b603-d7ab7100f688', '896f8228-1041-43db-8cdb-dfa73bf65ca5', 'HPI', 'nobody-hpi@digital.justice.gov.uk', null),
       ('bb8b94e7-6c34-4544-b541-16474c7e4669', '896f8228-1041-43db-8cdb-dfa73bf65ca5', 'LCI', 'nobody-lci@digital.justice.gov.uk', null),
       ('40881f11-3888-45c7-a60a-2fd02c9f3b33', '896f8228-1041-43db-8cdb-dfa73bf65ca5', 'FHI', 'nobody-fhi@digital.justice.gov.uk', null),
       ('e857b383-2cad-4297-84f1-c5fdaf5adca8', '896f8228-1041-43db-8cdb-dfa73bf65ca5', 'MSI', 'nobody-msi@digital.justice.gov.uk', null),
       ('ddf31824-cd1c-4c5a-8fab-ac894fee4425', '896f8228-1041-43db-8cdb-dfa73bf65ca5', 'RNI', 'nobody-rni@digital.justice.gov.uk', null),
       ('c8c6b0ab-eba0-4194-a968-298a708c39c4', '896f8228-1041-43db-8cdb-dfa73bf65ca5', 'WWI', 'nobody-wwi@digital.justice.gov.uk', null),
       ('6524c4bf-cd7f-4f68-b4b8-5ba9d61edfb5', '896f8228-1041-43db-8cdb-dfa73bf65ca5', 'EWI', 'nobody-ewi@digital.justice.gov.uk', null),
       ('d125c1f6-dc52-43eb-8ae6-14ee65152361', '896f8228-1041-43db-8cdb-dfa73bf65ca5', 'CDI', 'nobody-cdi@digital.justice.gov.uk', null),
       ('34684db6-dae2-421a-8d19-ada074a1de16', '896f8228-1041-43db-8cdb-dfa73bf65ca5', 'FKI', 'nobody-fki@digital.justice.gov.uk', null),
       ('a3143cf8-a5ec-4479-a8fb-f689197f6542', '896f8228-1041-43db-8cdb-dfa73bf65ca5', 'WII', 'nobody-wii@digital.justice.gov.uk', null),
       ('afdf1b39-4b57-4dd9-a7be-7562189856c5', '896f8228-1041-43db-8cdb-dfa73bf65ca5', 'FSI', 'nobody-fsi@digital.justice.gov.uk', null),
       ('df4a6be9-9ca8-43fa-b902-f4a14be15dfb', '896f8228-1041-43db-8cdb-dfa73bf65ca5', 'EHI', 'nobody-ehi@digital.justice.gov.uk', null),
       ('199a4516-c438-4cee-9fd4-617096324376', '896f8228-1041-43db-8cdb-dfa73bf65ca5', 'PDI', 'nobody-pdi@digital.justice.gov.uk', null),
       ('b7e22c9c-1022-4223-96ad-946ffeee58e1', '896f8228-1041-43db-8cdb-dfa73bf65ca5', 'HDI', 'nobody-hdi@digital.justice.gov.uk', null),
       ('526c5776-81c0-4504-b890-d8076aef83dd', '896f8228-1041-43db-8cdb-dfa73bf65ca5', 'LPI', 'nobody-lpi@digital.justice.gov.uk', null),
       ('0229c450-0aef-4735-8d73-2babb38d6d09', '896f8228-1041-43db-8cdb-dfa73bf65ca5', 'HHI', 'nobody-hhi@digital.justice.gov.uk', null),
       ('b3ccd7d0-20e8-4b38-883c-82fa1eff7d7c', '896f8228-1041-43db-8cdb-dfa73bf65ca5', 'TCI', 'nobody-tci@digital.justice.gov.uk', null),
       ('7a4ce849-a990-43e6-b6f6-da3824154852', '896f8228-1041-43db-8cdb-dfa73bf65ca5', 'FWI', 'nobody-fwi@digital.justice.gov.uk', null),
       ('6247f107-cb3d-4f41-b560-060c80c47fc7', '896f8228-1041-43db-8cdb-dfa73bf65ca5', 'KMI', 'nobody-kmi@digital.justice.gov.uk', null),
       ('fc39dfec-abba-43e6-a578-3dad129d4d51', '896f8228-1041-43db-8cdb-dfa73bf65ca5', 'HLI', 'nobody-hli@digital.justice.gov.uk', null),
       ('1f8cf39c-3949-4e23-96d8-8bdf0714ed34', '896f8228-1041-43db-8cdb-dfa73bf65ca5', 'FYI', 'nobody-fyi@digital.justice.gov.uk', null),
       ('f24de206-528c-4ce2-bfeb-79dec19f80aa', '896f8228-1041-43db-8cdb-dfa73bf65ca5', 'VEI', 'nobody-vei@digital.justice.gov.uk', null),
       ('aa212ea3-ba8e-4b60-9557-dac8459ce7ba', '896f8228-1041-43db-8cdb-dfa73bf65ca5', 'HBI', 'nobody-hbi@digital.justice.gov.uk', null),
       ('832fcaa7-b2a6-4b6f-8adb-794d6ec7be2d', '896f8228-1041-43db-8cdb-dfa73bf65ca5', 'PRI', 'nobody-pri@digital.justice.gov.uk', null),
       ('507579c1-4e0a-4873-9478-2954dffea324', '896f8228-1041-43db-8cdb-dfa73bf65ca5', 'NLI', 'nobody-nli@digital.justice.gov.uk', null),
       ('6c507d4d-ccdb-49f8-84c4-7e1873581b80', '896f8228-1041-43db-8cdb-dfa73bf65ca5', 'BMI', 'nobody-bmi@digital.justice.gov.uk', null),
       ('b2268688-ebee-4f5b-b1a9-f9971aa7c8d4', '896f8228-1041-43db-8cdb-dfa73bf65ca5', 'PFI', 'nobody-pfi@digital.justice.gov.uk', null),
       ('b3289938-3a1e-4c4d-ad92-eb3955529ba2', '896f8228-1041-43db-8cdb-dfa73bf65ca5', 'BFI', 'nobody-bfi@digital.justice.gov.uk', null),
       ('c9903b9c-8966-4561-ae63-a5065c1f3a09', '896f8228-1041-43db-8cdb-dfa73bf65ca5', 'SLI', 'nobody-sli@digital.justice.gov.uk', null),
       ('7132fa4e-9744-4ccd-88dd-e4a4af4416d1', '896f8228-1041-43db-8cdb-dfa73bf65ca5', 'SFI', 'nobody-sfi@digital.justice.gov.uk', null),
       ('18d6e044-7aea-4138-8933-c617e093bd6c', '896f8228-1041-43db-8cdb-dfa73bf65ca5', 'UKI', 'nobody-uki@digital.justice.gov.uk', null),
       ('924a2daf-0826-465b-8d41-198669bcd431', '896f8228-1041-43db-8cdb-dfa73bf65ca5', 'TSI', 'nobody-tsi@digital.justice.gov.uk', null),
       ('ef68a05f-ddbf-412e-85b7-a242f63e5832', '896f8228-1041-43db-8cdb-dfa73bf65ca5', 'EEI', 'nobody-eei@digital.justice.gov.uk', null),
       ('b0e77c5a-9f13-4ac2-8857-604df06cfacd', '896f8228-1041-43db-8cdb-dfa73bf65ca5', 'LFI', 'nobody-lfi@digital.justice.gov.uk', null),
       ('98b867e6-d4c3-4a10-9ad7-82766d980cff', '896f8228-1041-43db-8cdb-dfa73bf65ca5', 'HMI', 'nobody-hmi@digital.justice.gov.uk', null),
       ('9845b8ab-4255-410e-b628-b79015311243', '896f8228-1041-43db-8cdb-dfa73bf65ca5', 'KVI', 'nobody-kvi@digital.justice.gov.uk', null),
       ('db807948-3235-47ae-9fa8-5632e9a007ab', '896f8228-1041-43db-8cdb-dfa73bf65ca5', 'BXI', 'nobody-bxi@digital.justice.gov.uk', null),
       ('f784b09c-2ad1-4ad0-9d59-5f516d84b6a4', '896f8228-1041-43db-8cdb-dfa73bf65ca5', 'SNI', 'nobody-sni@digital.justice.gov.uk', null),
       ('aff290e1-3b42-4a8d-8516-3dc7bf4806a3', '896f8228-1041-43db-8cdb-dfa73bf65ca5', 'NWI', 'nobody-nwi@digital.justice.gov.uk', null),
       ('89bb53c2-ea83-4673-a545-6ced283c8c8f', '896f8228-1041-43db-8cdb-dfa73bf65ca5', 'DMI', 'nobody-dmi@digital.justice.gov.uk', null),
       ('61975f00-4615-4363-9e52-c6b1f0f5cddd', '896f8228-1041-43db-8cdb-dfa73bf65ca5', 'BWI', 'nobody-bwi@digital.justice.gov.uk', null),
       ('271fd068-b9ad-4802-bbcb-8301ceeee97b', '896f8228-1041-43db-8cdb-dfa73bf65ca5', 'HII', 'nobody-hii@digital.justice.gov.uk', null),
       ('56657e3e-638e-4821-ac38-3765b9d021c7', '896f8228-1041-43db-8cdb-dfa73bf65ca5', 'GTI', 'nobody-gti@digital.justice.gov.uk', null),
       ('462843b6-ac25-4932-94fe-e2be84053c89', '896f8228-1041-43db-8cdb-dfa73bf65ca5', 'MHI', 'nobody-mhi@digital.justice.gov.uk', null),
       ('e8556e0e-d497-4f6c-aa82-92c0f537317b', '896f8228-1041-43db-8cdb-dfa73bf65ca5', 'FMI', 'nobody-fmi@digital.justice.gov.uk', null),
       ('d04be3ab-fb06-4fab-9181-e4ed42397f5e', '896f8228-1041-43db-8cdb-dfa73bf65ca5', 'MDI', 'nobody-mdi@digital.justice.gov.uk', null),
       ('4352aa06-94c0-4f72-8cc4-1d5f0528ad6f', '896f8228-1041-43db-8cdb-dfa73bf65ca5', 'CLI', 'nobody-cli@digital.justice.gov.uk', null),
       ('a0891850-aecf-4fc2-943c-38975f5b3feb', '896f8228-1041-43db-8cdb-dfa73bf65ca5', 'WNI', 'nobody-wni@digital.justice.gov.uk', null),
       ('864c3cf1-ce06-4f4c-9272-5fc3e9b4dbb2', '896f8228-1041-43db-8cdb-dfa73bf65ca5', 'NSI', 'nobody-nsi@digital.justice.gov.uk', null),
       ('09c63a58-24f0-45ed-86c7-5f30ccfe2040', '896f8228-1041-43db-8cdb-dfa73bf65ca5', 'SUI', 'nobody-sui@digital.justice.gov.uk', null),
       ('f92a0272-f4db-417a-8116-696ac05a2252', '896f8228-1041-43db-8cdb-dfa73bf65ca5', 'WLI', 'nobody-wli@digital.justice.gov.uk', null),
       ('ca9de04d-0025-4da3-bee8-b809d81bc567', '896f8228-1041-43db-8cdb-dfa73bf65ca5', 'STI', 'nobody-sti@digital.justice.gov.uk', null),
       ('86847198-182e-4298-bded-f08bd245ee01', '896f8228-1041-43db-8cdb-dfa73bf65ca5', 'HEI', 'nobody-hei@digital.justice.gov.uk', null),
       ('d8dc21fd-af0c-494a-aba6-cc2884ce3f41', '896f8228-1041-43db-8cdb-dfa73bf65ca5', 'AGI', 'nobody-agi@digital.justice.gov.uk', null),
       ('dbe40b6b-d048-42b4-be35-9b5731237744', '896f8228-1041-43db-8cdb-dfa73bf65ca5', 'UPI', 'nobody-upi@digital.justice.gov.uk', null),
       ('28227c34-abff-48f6-8ac7-87389027166d', '896f8228-1041-43db-8cdb-dfa73bf65ca5', 'WDI', 'nobody-wdi@digital.justice.gov.uk', null),
       ('13785617-8e8a-49af-88f1-06998a881848', '896f8228-1041-43db-8cdb-dfa73bf65ca5', 'DTI', 'nobody-dti@digital.justice.gov.uk', null),
       ('31c17a33-f048-4cb3-965d-bb768a2c4443', '896f8228-1041-43db-8cdb-dfa73bf65ca5', 'DGI', 'nobody-dgi@digital.justice.gov.uk', null),
       ('bc87fef1-501a-4660-b943-7625cf3756ed', '896f8228-1041-43db-8cdb-dfa73bf65ca5', 'CWI', 'nobody-cwi@digital.justice.gov.uk', null),
       ('31367501-5120-4978-a8b0-ee0b4cfd401f', 'ba5d3ca9-4b9c-42f8-b889-571a340d455c', 'LNI', 'nobody-lni@digital.justice.gov.uk', null),
       ('d2f6797a-3df4-4f00-9a5c-a9f9a07cdaa2', 'ba5d3ca9-4b9c-42f8-b889-571a340d455c', 'CWI', 'nobody-cwi@digital.justice.gov.uk', null),
       ('d6b45b75-a6bd-4d4f-b791-6cfd1062f59d', 'ba5d3ca9-4b9c-42f8-b889-571a340d455c', 'EWI', 'nobody-ewi@digital.justice.gov.uk', null),
       ('07a9d957-eeab-4b1f-bc88-d3f71db99151', 'ba5d3ca9-4b9c-42f8-b889-571a340d455c', 'RSI', 'nobody-rsi@digital.justice.gov.uk', null),
       ('a93304a1-db75-465a-8bcf-2c6f35c66593', 'ba5d3ca9-4b9c-42f8-b889-571a340d455c', 'FSI', 'nobody-fsi@digital.justice.gov.uk', null),
       ('858cb208-ae90-4a26-90ad-a70f3aafdca9', 'ba5d3ca9-4b9c-42f8-b889-571a340d455c', 'TSI', 'nobody-tsi@digital.justice.gov.uk', null),
       ('f1ff82d5-36ec-4ef7-b77a-7ea228cab988', 'ba5d3ca9-4b9c-42f8-b889-571a340d455c', 'CLI', 'nobody-cli@digital.justice.gov.uk', null),
       ('0ab1ceda-f2d2-4b46-a072-6dd627f32af8', 'ba5d3ca9-4b9c-42f8-b889-571a340d455c', 'NLI', 'nobody-nli@digital.justice.gov.uk', null),
       ('70872356-30f7-4ef1-a0e0-2853d412ab87', 'ba5d3ca9-4b9c-42f8-b889-571a340d455c', 'VEI', 'nobody-vei@digital.justice.gov.uk', null),
       ('64b6fb27-8679-4295-b9e9-22c4a67c97ee', 'ba5d3ca9-4b9c-42f8-b889-571a340d455c', 'MSI', 'nobody-msi@digital.justice.gov.uk', null),
       ('db4bdfad-7ec6-4e04-89ec-817149423e61', 'ba5d3ca9-4b9c-42f8-b889-571a340d455c', 'FKI', 'nobody-fki@digital.justice.gov.uk', null),
       ('f78ccec8-c975-44e3-ba5a-4867b7d9ef35', 'ba5d3ca9-4b9c-42f8-b889-571a340d455c', 'NSI', 'nobody-nsi@digital.justice.gov.uk', null),
       ('aeb1ec3e-8594-497d-b2ca-106491730491', 'ba5d3ca9-4b9c-42f8-b889-571a340d455c', 'WSI', 'nobody-wsi@digital.justice.gov.uk', null),
       ('636603c9-674a-48eb-bae5-9513cbca9e51', 'ba5d3ca9-4b9c-42f8-b889-571a340d455c', 'EYI', 'nobody-eyi@digital.justice.gov.uk', null),
       ('f9bd1a5b-a81b-4e3b-ac73-abe2849ba5ea', 'ba5d3ca9-4b9c-42f8-b889-571a340d455c', 'LPI', 'nobody-lpi@digital.justice.gov.uk', null),
       ('179e51fc-1868-4027-9a91-1bf42309759e', 'ba5d3ca9-4b9c-42f8-b889-571a340d455c', 'WTI', 'nobody-wti@digital.justice.gov.uk', null),
       ('d5167db9-986b-467c-ba35-ff24b2a44c2a', 'ba5d3ca9-4b9c-42f8-b889-571a340d455c', 'EXI', 'nobody-exi@digital.justice.gov.uk', null),
       ('82763929-55b5-4f7e-97e8-417440754015', 'ba5d3ca9-4b9c-42f8-b889-571a340d455c', 'LTI', 'nobody-lti@digital.justice.gov.uk', null),
       ('9a173d93-3d3d-4c3c-b5ac-d23945ad9554', 'ba5d3ca9-4b9c-42f8-b889-571a340d455c', 'RNI', 'nobody-rni@digital.justice.gov.uk', null),
       ('6b3b6fb1-fadf-44ab-9630-bf1be352c84e', 'ba5d3ca9-4b9c-42f8-b889-571a340d455c', 'WYI', 'nobody-wyi@digital.justice.gov.uk', null),
       ('73c64301-2254-42d6-8f9b-f8b9a97faf66', 'ba5d3ca9-4b9c-42f8-b889-571a340d455c', 'MRI', 'nobody-mri@digital.justice.gov.uk', null),
       ('1ffed63a-dbf1-405f-81a0-4b2b99aa7907', 'ba5d3ca9-4b9c-42f8-b889-571a340d455c', 'HPI', 'nobody-hpi@digital.justice.gov.uk', null),
       ('485c3e00-af21-49a2-bfa8-76c2519c6c6e', 'ba5d3ca9-4b9c-42f8-b889-571a340d455c', 'EEI', 'nobody-eei@digital.justice.gov.uk', null),
       ('c104dae8-3d89-4a20-8dbc-6087b5016830', 'ba5d3ca9-4b9c-42f8-b889-571a340d455c', 'WRI', 'nobody-wri@digital.justice.gov.uk', null),
       ('45991a1a-32c7-4e0f-8533-7e27911d82ab', 'ba5d3ca9-4b9c-42f8-b889-571a340d455c', 'DGI', 'nobody-dgi@digital.justice.gov.uk', null),
       ('0474ac6c-7e99-4d60-960d-b7cda73fc5e4', 'ba5d3ca9-4b9c-42f8-b889-571a340d455c', 'MHI', 'nobody-mhi@digital.justice.gov.uk', null),
       ('d3cbc8a1-51c3-4513-bd77-83d40b42177c', 'ba5d3ca9-4b9c-42f8-b889-571a340d455c', 'LFI', 'nobody-lfi@digital.justice.gov.uk', null),
       ('85844192-75df-4761-8f98-3cfc9d567dd2', 'ba5d3ca9-4b9c-42f8-b889-571a340d455c', 'HDI', 'nobody-hdi@digital.justice.gov.uk', null),
       ('53cd4276-52c9-4872-9653-614d4bbc1327', 'ba5d3ca9-4b9c-42f8-b889-571a340d455c', 'HBI', 'nobody-hbi@digital.justice.gov.uk', null),
       ('8a24a50e-40a4-434f-959a-8512f4be253c', 'ba5d3ca9-4b9c-42f8-b889-571a340d455c', 'STI', 'nobody-sti@digital.justice.gov.uk', null),
       ('752eb884-aa41-4317-ba96-e0d0462b4c11', 'ba5d3ca9-4b9c-42f8-b889-571a340d455c', 'WEI', 'nobody-wei@digital.justice.gov.uk', null),
       ('1bf9a484-c86d-4f71-94f0-27db84ae8bc6', 'ba5d3ca9-4b9c-42f8-b889-571a340d455c', 'PNI', 'nobody-pni@digital.justice.gov.uk', null),
       ('7487e2ea-0a9c-4b57-98f8-fa6014d20c03', 'ba5d3ca9-4b9c-42f8-b889-571a340d455c', 'NMI', 'nobody-nmi@digital.justice.gov.uk', null),
       ('94a87083-ccfc-4df5-b10e-f512fc98c5e6', 'ba5d3ca9-4b9c-42f8-b889-571a340d455c', 'CFI', 'nobody-cfi@digital.justice.gov.uk', null),
       ('5ede54a1-292e-441c-851c-3b3e849026dc', 'ba5d3ca9-4b9c-42f8-b889-571a340d455c', 'HOI', 'nobody-hoi@digital.justice.gov.uk', null),
       ('1fc26d6f-294e-4f0a-be2e-085274d591ed', 'ba5d3ca9-4b9c-42f8-b889-571a340d455c', 'PDI', 'nobody-pdi@digital.justice.gov.uk', null),
       ('44cfdc8a-8b8c-4e93-8e79-54df86030d75', 'ba5d3ca9-4b9c-42f8-b889-571a340d455c', 'FBI', 'nobody-fbi@digital.justice.gov.uk', null),
       ('72a1f611-4691-4b53-a6ef-c04ca44eb3a9', '22cd022f-5d44-4c3c-afb5-f90cd6b1b2f6', 'FHI', 'nobody-fhi@digital.justice.gov.uk', null),
       ('ac9ad287-b944-4727-8426-b93e242e8aae', '22cd022f-5d44-4c3c-afb5-f90cd6b1b2f6', 'LII', 'nobody-lii@digital.justice.gov.uk', null),
       ('24a53eb8-7fe6-4ea3-ac36-d688c96b706e', '22cd022f-5d44-4c3c-afb5-f90cd6b1b2f6', 'KVI', 'nobody-kvi@digital.justice.gov.uk', null),
       ('e35a7b67-9056-4af5-be16-7c627d77aad2', '22cd022f-5d44-4c3c-afb5-f90cd6b1b2f6', 'WHI', 'nobody-whi@digital.justice.gov.uk', null),
       ('a4f1bdcb-ca8a-4788-8bf2-aab138ddeaf8', '22cd022f-5d44-4c3c-afb5-f90cd6b1b2f6', 'CKI', 'nobody-cki@digital.justice.gov.uk', null),
       ('2561eab6-ace3-4d4b-bba1-4d5fc1efd8a7', '22cd022f-5d44-4c3c-afb5-f90cd6b1b2f6', 'PDI', 'nobody-pdi@digital.justice.gov.uk', null),
       ('a9fdafdb-33e9-4ca2-9b5d-4776a2f50e0d', '22cd022f-5d44-4c3c-afb5-f90cd6b1b2f6', 'LNI', 'nobody-lni@digital.justice.gov.uk', null),
       ('657bba7c-bf81-4096-a191-c382cd489b1d', '22cd022f-5d44-4c3c-afb5-f90cd6b1b2f6', 'BXI', 'nobody-bxi@digital.justice.gov.uk', null),
       ('ae38e7b3-3444-4fad-8770-c890baa21894', '22cd022f-5d44-4c3c-afb5-f90cd6b1b2f6', 'WYI', 'nobody-wyi@digital.justice.gov.uk', null),
       ('77f98722-0bc0-484c-beba-7a312dd140ed', '22cd022f-5d44-4c3c-afb5-f90cd6b1b2f6', 'PRI', 'nobody-pri@digital.justice.gov.uk', null),
       ('92d6a513-5e53-4b9c-aa37-c06c95db3744', '22cd022f-5d44-4c3c-afb5-f90cd6b1b2f6', 'RHI', 'nobody-rhi@digital.justice.gov.uk', null),
       ('006252aa-6f6a-4d03-88ba-7d326564c05d', '22cd022f-5d44-4c3c-afb5-f90cd6b1b2f6', 'BRI', 'nobody-bri@digital.justice.gov.uk', null),
       ('dad3fc49-cd0f-424d-ae03-cbad9def6e7a', '22cd022f-5d44-4c3c-afb5-f90cd6b1b2f6', 'MDI', 'nobody-mdi@digital.justice.gov.uk', null),
       ('ca6b2053-261e-40f9-8090-93bcd13a3d57', '22cd022f-5d44-4c3c-afb5-f90cd6b1b2f6', 'BLI', 'nobody-bli@digital.justice.gov.uk', null),
       ('30c37208-40a3-4f18-9404-658f29010195', '22cd022f-5d44-4c3c-afb5-f90cd6b1b2f6', 'PNI', 'nobody-pni@digital.justice.gov.uk', null),
       ('76288c3f-5efc-40e9-abad-29d880809b8f', '22cd022f-5d44-4c3c-afb5-f90cd6b1b2f6', 'FNI', 'nobody-fni@digital.justice.gov.uk', null),
       ('e7372531-1af3-4d76-a682-83db578955a2', '22cd022f-5d44-4c3c-afb5-f90cd6b1b2f6', 'NWI', 'nobody-nwi@digital.justice.gov.uk', null),
       ('e10192c6-6252-4cf5-a806-3ea6347a123f', '6ce7522f-386f-4399-bf59-aab20ae4c4fc', 'UKI', 'nobody-uki@digital.justice.gov.uk', null),
       ('1ae28648-1328-4a7f-b36f-cdf2fadc9fa8', '6ce7522f-386f-4399-bf59-aab20ae4c4fc', 'HLI', 'nobody-hli@digital.justice.gov.uk', null),
       ('8d1351e0-9e31-4ed8-8b5f-24003fa75f51', '6ce7522f-386f-4399-bf59-aab20ae4c4fc', 'FBI', 'nobody-fbi@digital.justice.gov.uk', null),
       ('048a82a0-8423-417e-94ee-f4509ebc95db', '6ce7522f-386f-4399-bf59-aab20ae4c4fc', 'WLI', 'nobody-wli@digital.justice.gov.uk', null),
       ('47ec172c-46d7-420b-afdd-fdb670b5b3e1', '6ce7522f-386f-4399-bf59-aab20ae4c4fc', 'HMI', 'nobody-hmi@digital.justice.gov.uk', null),
       ('3c5f05bd-6ee6-4283-88b2-9f64b2acb897', '6ce7522f-386f-4399-bf59-aab20ae4c4fc', 'PNI', 'nobody-pni@digital.justice.gov.uk', null),
       ('44d5a1bd-3abe-4e4d-b5d4-b27acf6bb832', '6ce7522f-386f-4399-bf59-aab20ae4c4fc', 'TSI', 'nobody-tsi@digital.justice.gov.uk', null),
       ('c919b7a5-9182-4202-97b0-fc0cbb17ba1b', '6ce7522f-386f-4399-bf59-aab20ae4c4fc', 'HHI', 'nobody-hhi@digital.justice.gov.uk', null),
       ('205073dc-6a4e-4293-baa6-fd66d0725dcd', '6ce7522f-386f-4399-bf59-aab20ae4c4fc', 'LWI', 'nobody-lwi@digital.justice.gov.uk', null),
       ('bf1e7ce9-e67d-4529-9390-8643fcce8218', '6ce7522f-386f-4399-bf59-aab20ae4c4fc', 'OWI', 'nobody-owi@digital.justice.gov.uk', null),
       ('8831a42a-c063-43c4-b8e6-bebdd0f6b936', '6ce7522f-386f-4399-bf59-aab20ae4c4fc', 'EEI', 'nobody-eei@digital.justice.gov.uk', null),
       ('b2ceada4-3e83-4ce1-a6ce-278f4e87be46', '6ce7522f-386f-4399-bf59-aab20ae4c4fc', 'ASI', 'nobody-asi@digital.justice.gov.uk', null),
       ('3406a29f-40d4-4e07-910d-2695bedf74c6', '6ce7522f-386f-4399-bf59-aab20ae4c4fc', 'HII', 'nobody-hii@digital.justice.gov.uk', null),
       ('17572317-cc8b-4931-aca4-15bc23ce2aee', '6ce7522f-386f-4399-bf59-aab20ae4c4fc', 'MSI', 'nobody-msi@digital.justice.gov.uk', null),
       ('2ef55dd4-e7a8-404b-8edf-2c32fbec61d3', '6ce7522f-386f-4399-bf59-aab20ae4c4fc', 'SNI', 'nobody-sni@digital.justice.gov.uk', null),
       ('62ba7853-5e0b-42ed-bb16-05624b8e6ed2', '6ce7522f-386f-4399-bf59-aab20ae4c4fc', 'LII', 'nobody-lii@digital.justice.gov.uk', null),
       ('28fcc3c3-c072-4771-8cf9-4ea4ab616167', '6ce7522f-386f-4399-bf59-aab20ae4c4fc', 'EWI', 'nobody-ewi@digital.justice.gov.uk', null),
       ('a23b7e75-c8be-44cc-916e-6f702a1de4f2', '6ce7522f-386f-4399-bf59-aab20ae4c4fc', 'ESI', 'nobody-esi@digital.justice.gov.uk', null),
       ('0bd4eb0e-0d22-429d-9ed9-f9e18b27f5e3', '6ce7522f-386f-4399-bf59-aab20ae4c4fc', 'DMI', 'nobody-dmi@digital.justice.gov.uk', null),
       ('e0bcde3f-d076-487c-910f-a66c30b503d5', '6ce7522f-386f-4399-bf59-aab20ae4c4fc', 'FHI', 'nobody-fhi@digital.justice.gov.uk', null),
       ('d39e9db4-0d7b-4468-883f-19c76b9f8829', '6ce7522f-386f-4399-bf59-aab20ae4c4fc', 'SFI', 'nobody-sfi@digital.justice.gov.uk', null),
       ('cef2fe82-3e02-4811-b002-b35a0c6e7bc7', '6ce7522f-386f-4399-bf59-aab20ae4c4fc', 'LTI', 'nobody-lti@digital.justice.gov.uk', null),
       ('de6590d2-5591-4f57-ba78-09a955b5d0e3', '6ce7522f-386f-4399-bf59-aab20ae4c4fc', 'ONI', 'nobody-oni@digital.justice.gov.uk', null),
       ('64f954af-8865-45c0-a4cd-b0fe4bbb5f45', '6ce7522f-386f-4399-bf59-aab20ae4c4fc', 'TCI', 'nobody-tci@digital.justice.gov.uk', null),
       ('78127e70-4fbd-4806-b5b3-26e669af550a', '6ce7522f-386f-4399-bf59-aab20ae4c4fc', 'GNI', 'nobody-gni@digital.justice.gov.uk', null),
       ('b8b6c009-f497-41fb-bb82-8c3849ab1a70', '6ce7522f-386f-4399-bf59-aab20ae4c4fc', 'HCI', 'nobody-hci@digital.justice.gov.uk', null),
       ('85d9f6d1-5be7-4ec3-b4a8-a0de09be8a73', '6ce7522f-386f-4399-bf59-aab20ae4c4fc', 'EYI', 'nobody-eyi@digital.justice.gov.uk', null),
       ('27e2dcc4-8d6d-4500-b3a9-ba7d6a5f0ec6', '6ce7522f-386f-4399-bf59-aab20ae4c4fc', 'CLI', 'nobody-cli@digital.justice.gov.uk', null),
       ('b89bb576-291e-4316-b878-5edcb302395b', '6ce7522f-386f-4399-bf59-aab20ae4c4fc', 'AGI', 'nobody-agi@digital.justice.gov.uk', null),
       ('39dcad59-10f8-4a22-b7a5-7482efa8f7ee', '6ce7522f-386f-4399-bf59-aab20ae4c4fc', 'KVI', 'nobody-kvi@digital.justice.gov.uk', null),
       ('b7915289-24e3-4416-ba0e-ec19959617f3', '6ce7522f-386f-4399-bf59-aab20ae4c4fc', 'SKI', 'nobody-ski@digital.justice.gov.uk', null),
       ('ca09f68f-5b69-44db-83ed-659f4356303c', '6ce7522f-386f-4399-bf59-aab20ae4c4fc', 'WDI', 'nobody-wdi@digital.justice.gov.uk', null),
       ('c1590046-d212-450f-907f-2d516d8954a8', '6ce7522f-386f-4399-bf59-aab20ae4c4fc', 'CKI', 'nobody-cki@digital.justice.gov.uk', null),
       ('52690a4c-8e37-4db1-8239-21f11c83ca74', '6ce7522f-386f-4399-bf59-aab20ae4c4fc', 'ISI', 'nobody-isi@digital.justice.gov.uk', null),
       ('f094b972-0055-4119-86be-55fd6477d87f', '6ce7522f-386f-4399-bf59-aab20ae4c4fc', 'WWI', 'nobody-wwi@digital.justice.gov.uk', null),
       ('e9967ff4-a186-4413-866c-26db3879842d', '6ce7522f-386f-4399-bf59-aab20ae4c4fc', 'LLI', 'nobody-lli@digital.justice.gov.uk', null),
       ('8ddbe9a3-7745-4ac2-937f-3de27462c8f8', '6ce7522f-386f-4399-bf59-aab20ae4c4fc', 'BLI', 'nobody-bli@digital.justice.gov.uk', null),
       ('3afba222-6925-42d4-8c9a-84047b2dd89b', '6ce7522f-386f-4399-bf59-aab20ae4c4fc', 'NMI', 'nobody-nmi@digital.justice.gov.uk', null),
       ('25bff322-c0f9-44b0-a05a-045aed0811c5', '6ce7522f-386f-4399-bf59-aab20ae4c4fc', 'MHI', 'nobody-mhi@digital.justice.gov.uk', null),
       ('d7ad21bb-63af-4666-8a0e-03dda66c1524', '6ce7522f-386f-4399-bf59-aab20ae4c4fc', 'DGI', 'nobody-dgi@digital.justice.gov.uk', null),
       ('74400cbd-4f2a-48dc-bc2f-1ecb62f53819', '6ce7522f-386f-4399-bf59-aab20ae4c4fc', 'KMI', 'nobody-kmi@digital.justice.gov.uk', null),
       ('a467e3a7-6da7-4add-8d24-78eccef5b333', '6ce7522f-386f-4399-bf59-aab20ae4c4fc', 'SHI', 'nobody-shi@digital.justice.gov.uk', null),
       ('cdd0ed54-7d52-4612-ad9c-221b02e07e0f', '6ce7522f-386f-4399-bf59-aab20ae4c4fc', 'PVI', 'nobody-pvi@digital.justice.gov.uk', null),
       ('e3a2858e-e521-4699-954f-66d384b8b4b1', '6ce7522f-386f-4399-bf59-aab20ae4c4fc', 'GTI', 'nobody-gti@digital.justice.gov.uk', null),
       ('a286986b-67e1-4bfe-81a4-b059da67cb7f', '6ce7522f-386f-4399-bf59-aab20ae4c4fc', 'UPI', 'nobody-upi@digital.justice.gov.uk', null),
       ('f11adf0d-6edb-4858-87c4-fc5a6f99f299', '6ce7522f-386f-4399-bf59-aab20ae4c4fc', 'BXI', 'nobody-bxi@digital.justice.gov.uk', null),
       ('5f2ded8c-a8c0-4a60-9b24-9310bd0de130', '6ce7522f-386f-4399-bf59-aab20ae4c4fc', 'PFI', 'nobody-pfi@digital.justice.gov.uk', null),
       ('1c6399f9-1bd6-47f5-a92f-5a8930fede87', '6ce7522f-386f-4399-bf59-aab20ae4c4fc', 'NWI', 'nobody-nwi@digital.justice.gov.uk', null),
       ('a25fd8c3-a4d3-4b59-84f3-f62cf89af73c', '6ce7522f-386f-4399-bf59-aab20ae4c4fc', 'WHI', 'nobody-whi@digital.justice.gov.uk', null),
       ('4866f33d-f47f-40b7-acce-d50993f0a53c', '6ce7522f-386f-4399-bf59-aab20ae4c4fc', 'BMI', 'nobody-bmi@digital.justice.gov.uk', null),
       ('ea693284-4318-4982-8a30-3f60187f7fea', 'f3715b63-7958-41dd-ba02-2405ded543be', 'DGI', 'nobody-dgi@digital.justice.gov.uk', null),
       ('baee7a23-ae36-4000-898a-ddb2ba47fee7', 'f3715b63-7958-41dd-ba02-2405ded543be', 'SNI', 'nobody-sni@digital.justice.gov.uk', null),
       ('f6a4a5d5-7935-4075-a7ee-08343357ce10', 'f3715b63-7958-41dd-ba02-2405ded543be', 'DAI', 'nobody-dai@digital.justice.gov.uk', null),
       ('c10b604a-fb05-4a3f-a395-7429d7f135ed', 'f3715b63-7958-41dd-ba02-2405ded543be', 'WYI', 'nobody-wyi@digital.justice.gov.uk', null),
       ('53b61298-94e5-4357-b3be-fa5226b27d03', 'f3715b63-7958-41dd-ba02-2405ded543be', 'SUI', 'nobody-sui@digital.justice.gov.uk', null),
       ('329322f8-0875-4f30-b124-b0dcb006995e', 'f3715b63-7958-41dd-ba02-2405ded543be', 'SFI', 'nobody-sfi@digital.justice.gov.uk', null),
       ('7447ad38-b3b4-4141-be1d-abeb9217797c', 'f3715b63-7958-41dd-ba02-2405ded543be', 'MRI', 'nobody-mri@digital.justice.gov.uk', null),
       ('a4c1c8ed-8c47-4786-bd39-7289189726b2', 'f3715b63-7958-41dd-ba02-2405ded543be', 'WDI', 'nobody-wdi@digital.justice.gov.uk', null),
       ('51cce9b0-e9c2-4682-87f8-f7e1231a51d1', 'f3715b63-7958-41dd-ba02-2405ded543be', 'HLI', 'nobody-hli@digital.justice.gov.uk', null),
       ('ae055c6b-59da-427e-969a-57cf75a4bfa1', 'f3715b63-7958-41dd-ba02-2405ded543be', 'PNI', 'nobody-pni@digital.justice.gov.uk', null),
       ('bcee078a-801c-4c8e-b1ff-6723957cd4bd', 'f3715b63-7958-41dd-ba02-2405ded543be', 'BLI', 'nobody-bli@digital.justice.gov.uk', null),
       ('18b87ffe-94bb-4b3b-a354-a4caa6dc1616', 'f3715b63-7958-41dd-ba02-2405ded543be', 'WMI', 'nobody-wmi@digital.justice.gov.uk', null),
       ('6f43e005-d67c-4f4c-9ea0-60e673468942', 'f3715b63-7958-41dd-ba02-2405ded543be', 'LPI', 'nobody-lpi@digital.justice.gov.uk', null),
       ('1616f352-3f0f-4528-9bc6-d9bd3f78de05', 'f3715b63-7958-41dd-ba02-2405ded543be', 'LHI', 'nobody-lhi@digital.justice.gov.uk', null),
       ('6df7e8bb-69a0-4942-9939-e45646d3b9ff', 'f3715b63-7958-41dd-ba02-2405ded543be', 'HCI', 'nobody-hci@digital.justice.gov.uk', null),
       ('8524e5fd-ae53-409f-aefd-efe60ac0f3e4', 'f3715b63-7958-41dd-ba02-2405ded543be', 'CLI', 'nobody-cli@digital.justice.gov.uk', null),
       ('2a74eebe-d7f5-4802-96a6-c0ef74a3b53e', 'f3715b63-7958-41dd-ba02-2405ded543be', 'ONI', 'nobody-oni@digital.justice.gov.uk', null),
       ('3bcd2d1a-94c1-4808-b372-50beb7d67d9a', 'f3715b63-7958-41dd-ba02-2405ded543be', 'NMI', 'nobody-nmi@digital.justice.gov.uk', null),
       ('c48713be-1a48-4369-9df0-7046bc56e106', 'f3715b63-7958-41dd-ba02-2405ded543be', 'PYI', 'nobody-pyi@digital.justice.gov.uk', null),
       ('29826481-40a0-4e74-bcce-3c719f360a3c', 'f3715b63-7958-41dd-ba02-2405ded543be', 'RSI', 'nobody-rsi@digital.justice.gov.uk', null),
       ('85a94147-3e38-42b7-931a-408b35e9f47a', 'f3715b63-7958-41dd-ba02-2405ded543be', 'GHI', 'nobody-ghi@digital.justice.gov.uk', null),
       ('1f3717a9-3657-4dfe-9564-23f6a0cc29ea', 'b3f8c5ed-8887-4056-885d-e7b8bcb52363', 'SUI', 'nobody-sui@digital.justice.gov.uk', null),
       ('1397af48-bbaf-4994-a5c8-dbb30f8daca4', 'b3f8c5ed-8887-4056-885d-e7b8bcb52363', 'KVI', 'nobody-kvi@digital.justice.gov.uk', null),
       ('e9fcaa31-860e-41ce-aad2-be7b57c4840c', 'b3f8c5ed-8887-4056-885d-e7b8bcb52363', 'FKI', 'nobody-fki@digital.justice.gov.uk', null),
       ('64121036-e73d-485d-8b68-c5c6e2f729ea', 'b3f8c5ed-8887-4056-885d-e7b8bcb52363', 'SNI', 'nobody-sni@digital.justice.gov.uk', null),
       ('0c905a9c-0e7f-40dd-b50f-1729efba13ab', 'b3f8c5ed-8887-4056-885d-e7b8bcb52363', 'PFI', 'nobody-pfi@digital.justice.gov.uk', null),
       ('a3652c2f-b0b8-4782-867b-b28414f39401', 'b3f8c5ed-8887-4056-885d-e7b8bcb52363', 'NWI', 'nobody-nwi@digital.justice.gov.uk', null),
       ('6e9c7030-67ce-4b51-9958-e062d4251953', 'b3f8c5ed-8887-4056-885d-e7b8bcb52363', 'CLI', 'nobody-cli@digital.justice.gov.uk', null),
       ('69e3e2d8-0a98-4ae4-93e2-b04df2b13134', 'b3f8c5ed-8887-4056-885d-e7b8bcb52363', 'LTI', 'nobody-lti@digital.justice.gov.uk', null),
       ('1875254d-2977-4d89-bbc0-96d78d20503c', 'b3f8c5ed-8887-4056-885d-e7b8bcb52363', 'WYI', 'nobody-wyi@digital.justice.gov.uk', null),
       ('fdb37f9e-3626-49e5-b922-8ae5cd641502', 'b3f8c5ed-8887-4056-885d-e7b8bcb52363', 'LFI', 'nobody-lfi@digital.justice.gov.uk', null),
       ('b52bf5f4-0531-4a52-a1b9-11a4524a6b5f', 'b3f8c5ed-8887-4056-885d-e7b8bcb52363', 'BAI', 'nobody-bai@digital.justice.gov.uk', null),
       ('1df14799-926f-4e2f-8a92-57bc7a31e8ff', 'b3f8c5ed-8887-4056-885d-e7b8bcb52363', 'LGI', 'nobody-lgi@digital.justice.gov.uk', null),
       ('085b15b7-2b2e-48b1-945a-14116fbb42da', 'b3f8c5ed-8887-4056-885d-e7b8bcb52363', 'SPI', 'nobody-spi@digital.justice.gov.uk', null),
       ('4d4fdc4e-aaae-4da5-bc92-6f40e817dffb', 'b3f8c5ed-8887-4056-885d-e7b8bcb52363', 'VEI', 'nobody-vei@digital.justice.gov.uk', null),
       ('76262bc2-bab0-495b-b756-087de445f523', 'b3f8c5ed-8887-4056-885d-e7b8bcb52363', 'SLI', 'nobody-sli@digital.justice.gov.uk', null),
       ('2ae97785-12a7-47f3-9338-074839ef2d74', 'b3f8c5ed-8887-4056-885d-e7b8bcb52363', 'HOI', 'nobody-hoi@digital.justice.gov.uk', null),
       ('f6483f75-a7d5-4884-8b3b-06a8021e7de8', 'b3f8c5ed-8887-4056-885d-e7b8bcb52363', 'KMI', 'nobody-kmi@digital.justice.gov.uk', null);

INSERT INTO referral(referral_id, offering_id, prison_number, referrer_id, additional_information, oasys_confirmed, has_reviewed_programme_history, status, submitted_on)
VALUES ('97e03e14-0617-45f1-ae1e-f822a4f71845', '6f43e005-d67c-4f4c-9ea0-60e673468942', 'F0SRSJ8', '3F2504E0-4F89-41D3-9A0C-0305E82C3302', 'Trepide artificiose accusantium. Tersus tenetur decumbo sufficio. Stillicidium vomer blandior adhuc argumentum vel. Amaritudo inflammatio culpa spiculum desparatus stips caries.', true, true, 'ASSESSMENT_STARTED', '2023-01-01T03:10:49.308Z'),
       ('90c25338-a2a2-4fa4-9957-4b1c97250dc0', '1c6399f9-1bd6-47f5-a92f-5a8930fede87', '135A22I', '3F2504E0-4F89-41D3-9A0C-0305E82C3302', '', true, true, 'REFERRAL_STARTED', null),
       ('79c10b45-e4fd-418d-9633-7ece02569fc5', '98320dd9-f9c1-4490-b024-ee324d8c8b59', 'D124Z3L', '3F2504E0-4F89-41D3-9A0C-0305E82C3301', 'Calcar astrum sint utor adficio. Creta certus aer canonicus praesentium. Spectaculum cribro est careo aranea calco adversus surgo.', false, true, 'REFERRAL_STARTED', null),
       ('4e130af2-295b-4d44-b30c-f72c2feb2cef', '9a173d93-3d3d-4c3c-b5ac-d23945ad9554', 'UY1N011', '3F2504E0-4F89-41D3-9A0C-0305E82C3301', '', false, false, 'REFERRAL_STARTED', null),
       ('63a91124-0203-4fea-b030-435077deae34', 'e35a7b67-9056-4af5-be16-7c627d77aad2', 'N24RBH2', '3F2504E0-4F89-41D3-9A0C-0305E82C3301', 'Adeo harum qui annus. Odio paulatim voveo volup curia validus arca debeo ultra bonus. Qui sollicito quos iste vinum. Angelus desino charisma unde vitiosus desipio vespillo tabernus aro.', true, true, 'AWAITING_ASSESSMENT', '2023-05-21T18:02:39.020Z'),
       ('a02b662f-d041-47be-b06c-4785a35e9c61', '69e3e2d8-0a98-4ae4-93e2-b04df2b13134', '439P14J', '3F2504E0-4F89-41D3-9A0C-0305E82C3301', 'Odit video valens despecto textilis culpa supra totidem. Aeternus vae basium usus caste voveo adiuvo tibi solio. Defluo ubi villa cibo thymum.', false, true, 'REFERRAL_STARTED', null),
       ('4e47835d-5afb-4c5f-b004-182f4b296e18', '1c6399f9-1bd6-47f5-a92f-5a8930fede87', 'P0N4050', '3F2504E0-4F89-41D3-9A0C-0305E82C3302', 'Tunc delectus contra crux animadverto tremo tenuis copiose quasi. Terga cibus culpo vilis sonitus claustrum communis. Architecto aestas argentum umquam derideo dens.', true, true, 'ASSESSMENT_STARTED', '2023-06-21T13:29:44.980Z'),
       ('50fbee0a-c05b-4be1-9b37-786d0bd61b7e', 'dbe40b6b-d048-42b4-be35-9b5731237744', 'A0O6ENK', '3F2504E0-4F89-41D3-9A0C-0305E82C3301', 'Caste volutabrum occaecati dedico amplitudo vel patria. Textilis dedico argumentum est varietas.', true, true, 'REFERRAL_STARTED', null),
       ('36676187-b0cb-4efc-8117-9da656f96769', '1c6399f9-1bd6-47f5-a92f-5a8930fede87', 'VXKGG1D', '3F2504E0-4F89-41D3-9A0C-0305E82C3302', 'Alo vespillo vulgo pecus adeptio pauci.', false, false, 'REFERRAL_STARTED', null),
       ('a505dc1e-f866-49b6-8dcd-efc3dba59358', 'b8b6c009-f497-41fb-bb82-8c3849ab1a70', 'I2T0T14', '3F2504E0-4F89-41D3-9A0C-0305E82C3301', 'Deprimo creber at repellat truculenter distinctio. Baiulus absens acies aegrus accusamus harum.', true, true, 'ASSESSMENT_STARTED', '2023-12-05T08:00:10.795Z'),
       ('e5ba6672-d5f0-4339-8e67-60891faed2f6', '1feb3699-224e-4d03-88bf-bac8faf02201', 'VXKGG1D', '3F2504E0-4F89-41D3-9A0C-0305E82C3301', 'Adflicto nostrum ipsa cetera. Contigo ullus vilitas audacia adfero adduco cursus.', true, false, 'REFERRAL_SUBMITTED', '2023-05-24T06:40:02.248Z'),
       ('ed93f2e3-395f-4126-8fa8-d3bcb791247e', '2650debf-2606-4e61-bb36-2ace1fd56589', 'JVWN4Y8', '3F2504E0-4F89-41D3-9A0C-0305E82C3301', 'Contigo sodalitas contra. Tantum caritas correptius tabula. Vilicus dens accusator curiositas repellendus. Creta blanditiis dedico undique. Aequus vinco cohibeo trado.', true, false, 'REFERRAL_SUBMITTED', '2023-10-30T03:57:10.738Z'),
       ('e1d57c0d-e3c7-4f5a-aa37-a23c4e94b2e4', '924a2daf-0826-465b-8d41-198669bcd431', '0T50F12', '3F2504E0-4F89-41D3-9A0C-0305E82C3302', 'Vespillo unde cubicularis. Terebro ceno super. Desolo similique cenaculum. Aspicio cometes apparatus suggero votum dolore caecus. Corporis porro contra decens turbo commemoro auxilium.', false, false, 'REFERRAL_STARTED', null),
       ('91edd685-cb79-4dbc-9e8f-c96f2caf211b', 'ddf31824-cd1c-4c5a-8fab-ac894fee4425', 'GJNYGD6', '3F2504E0-4F89-41D3-9A0C-0305E82C3302', 'Deserunt substantia tener theca. Undique pel alii adstringo color. Auctor angelus villa tui turbo creptio enim super ultio solus.', true, true, 'REFERRAL_STARTED', null),
       ('0a95fd17-1349-4992-968f-a7301c0c2cb3', '82763929-55b5-4f7e-97e8-417440754015', '3CL85UT', '3F2504E0-4F89-41D3-9A0C-0305E82C3301', 'Spero despecto defleo amor aperiam consuasor inflammatio solum titulus cubicularis. Aut copia vehemens explicabo. Patior eos custodia aperio cito volubilis dedico.', true, false, 'REFERRAL_STARTED', null),
       ('4c091deb-c005-4b8c-a95e-452aa3a0f919', 'b29686d5-1b28-43fa-a410-a818a41f8ad3', 'GJNYGD6', '3F2504E0-4F89-41D3-9A0C-0305E82C3302', 'Turpis bellum aegre. Calculus pel necessitatibus alo. Totam thermae brevis culpa fugiat volutabrum viduo quam. Amplexus speciosus adopto tergo amoveo avarus ater. Vobis timidus alius deinde maxime suffragium dignissimos sophismata valetudo.', false, true, 'REFERRAL_STARTED', null),
       ('b610b3f5-9f2f-4725-a2e4-8862827fb884', 'cc099779-ab60-4a57-89f2-d5597ae9815c', 'ZHL6G3M', '3F2504E0-4F89-41D3-9A0C-0305E82C3302', 'Absorbeo cumque vel officiis odit carmen. Tardus collum conculco dedecor. Spes apud aequitas aliquam tolero amplus cohaero. Contra aetas caelum commodi. Tum usque volubilis abduco universe verecundia uxor adhuc.', false, false, 'ASSESSMENT_STARTED', '2023-09-07T08:19:34.452Z'),
       ('2952c9e8-90df-44aa-9bc7-e9c43aa63472', 'db807948-3235-47ae-9fa8-5632e9a007ab', '439P14J', '3F2504E0-4F89-41D3-9A0C-0305E82C3301', 'Sursum dignissimos trado uberrime curiositas supplanto. Claustrum verecundia amet illo aperiam. Commodo ullam arceo maiores cognatus.', false, false, 'REFERRAL_SUBMITTED', '2023-01-06T08:05:33.046Z'),
       ('862261bf-0e4a-4326-a0e5-826a474099de', 'e0bcde3f-d076-487c-910f-a66c30b503d5', 'CAECMFS', '3F2504E0-4F89-41D3-9A0C-0305E82C3301', 'Sumo via desipio adfero valens auditor. Vigor ultio vulnus patrocinor clam catena voluptas suscipit bis ipsam. Dedico claro benigne vesper carpo rem itaque auctor aufero. Theca curo tametsi spes artificiose crux apostolus totidem arca.', false, true, 'REFERRAL_STARTED', null),
       ('fdd8ffd4-4f14-4091-96f4-e955bbfbc683', '2ef55dd4-e7a8-404b-8edf-2c32fbec61d3', 'CAECMFS', '3F2504E0-4F89-41D3-9A0C-0305E82C3301', 'Attonbitus demens tricesimus pecto perspiciatis sufficio autus territo colo alias. Convoco ex demergo cattus aduro repellendus curtus communis carbo. Confido asper demonstro voveo. Demonstro maiores viduo. Coerceo chirographum causa aeger.', false, false, 'REFERRAL_STARTED', null),
       ('ddf8829a-ab64-4242-a3f5-0bb4a501ec3d', 'f4362e3b-c5d0-4bf4-ae5a-1b5a25c0a5a2', '4C59RIL', '3F2504E0-4F89-41D3-9A0C-0305E82C3302', 'Vilicus arcus sui angulus degero theologus. Uterque caute umquam comes.', true, true, 'ASSESSMENT_STARTED', '2023-09-16T00:51:24.155Z'),
       ('9ae1b1f1-a495-46c6-93a6-aa76e774e7ec', 'e10192c6-6252-4cf5-a806-3ea6347a123f', 'N24RBH2', '3F2504E0-4F89-41D3-9A0C-0305E82C3301', 'Abundans sordeo cum vae tricesimus avaritia accommodo. Deorsum adulescens vere vestigium patria inventore tabella civis asper. Veritatis venustas adipisci curvo causa vester appono amitto.', true, false, 'ASSESSMENT_STARTED', '2023-03-18T11:10:32.208Z'),
       ('6d145528-007c-4f1f-9e20-9704de8eb7e8', '53cd4276-52c9-4872-9653-614d4bbc1327', 'HF1WH1L', '3F2504E0-4F89-41D3-9A0C-0305E82C3302', 'Demo denuo subseco adipiscor confero tabella minus. Crebro patruus id deleniti delibero turbo patrocinor cumque truculenter. Canis toties deprecator tres statim charisma quod ambulo vorago laudantium. Subseco atque verecundia talis delego.', false, true, 'AWAITING_ASSESSMENT', '2023-05-08T06:02:21.802Z'),
       ('edf9953b-046f-4fdc-8860-80205fcfa404', '8e2bdeaf-d26d-4c2f-975b-05a432023e55', 'ZRRCHJO', '3F2504E0-4F89-41D3-9A0C-0305E82C3302', 'Verus creator aufero deludo uxor comparo capillus.', false, true, 'REFERRAL_STARTED', null),
       ('e5258d20-6a3e-42c3-80e5-417d7a5ed4e9', '9ba2cbd7-c55b-4d03-8572-f25a8d836d89', 'YG0X5TO', '3F2504E0-4F89-41D3-9A0C-0305E82C3301', 'Solum bellum sophismata. Considero ceno subvenio aequus adaugeo. Despecto cui curtus accusantium aqua tergo. Sequi cupio rem creator. Thorax vinum nostrum demitto atqui timor amissio tenus attero.', true, false, 'REFERRAL_SUBMITTED', '2023-08-29T11:18:08.225Z'),
       ('5a36a8ac-cf44-4cb3-ad95-8d007657088f', '0bfc450a-9b31-4536-a33d-6d5819ba3684', 'A0O6ENK', '3F2504E0-4F89-41D3-9A0C-0305E82C3301', 'Cariosus tubineus tristis utilis abduco viriliter desino subiungo tenuis vigor.', false, false, 'AWAITING_ASSESSMENT', '2023-09-09T06:51:14.382Z'),
       ('cdb50119-8bb4-4676-9f72-8e55a95ec879', '1c33a2e7-2191-44d7-b86c-20abcc4fcd46', 'ZHL6G3M', '3F2504E0-4F89-41D3-9A0C-0305E82C3301', 'Corporis apostolus charisma denique subnecto solvo nemo mollitia adficio traho. Cognatus acceptus aiunt coerceo.', true, false, 'REFERRAL_SUBMITTED', '2023-06-23T08:04:05.905Z'),
       ('7bcb5554-f115-4bbd-b716-5747b3c25d84', '1d22e406-fa8d-4b3a-a08f-ba06da9d960a', 'JVWN4Y8', '3F2504E0-4F89-41D3-9A0C-0305E82C3301', 'Maxime somnus enim. Statim repellat tabella tumultus architecto cresco pauci tempus fuga caelum. Auctor ambulo depraedor.', false, false, 'AWAITING_ASSESSMENT', '2023-01-14T06:50:28.428Z'),
       ('14d602cf-a738-4e57-8512-32ca51aa98ee', 'c5c9be09-98b1-4b5d-a3ba-0e4a64cf0855', '04P9F9E', '3F2504E0-4F89-41D3-9A0C-0305E82C3302', 'Ceno dolores adinventitias. Adipisci thermae trucido.', true, true, 'REFERRAL_SUBMITTED', '2023-02-08T05:55:05.892Z'),
       ('a154422d-8f1d-4c46-b2e3-0f4c36a647af', '6b3e3c9a-0c89-457d-818c-7a5b066e5d65', 'XC1JMGC', '3F2504E0-4F89-41D3-9A0C-0305E82C3301', 'Tergeo vito deinde angelus solutio quidem caelum tribuo magni dolore. Ut aiunt cupiditate aqua acquiro.', false, false, 'REFERRAL_SUBMITTED', '2023-01-23T15:20:49.106Z'),
       ('598bbe41-66d7-4aa2-ab27-739c9da3fa30', 'a25fd8c3-a4d3-4b59-84f3-f62cf89af73c', 'HF1WH1L', '3F2504E0-4F89-41D3-9A0C-0305E82C3301', 'Derelinquo modi quisquam attero ambitus amaritudo deorsum distinctio cruciamentum. Tepidus utroque catena voluptate defungo sono adopto temporibus caelum.', false, false, 'ASSESSMENT_STARTED', '2023-04-28T09:16:46.264Z'),
       ('9fbedd60-994f-440c-88ef-50e587d16556', 'b801c5ad-882b-4cdb-a01f-f40f49cabcbe', 'VXKGG1D', '3F2504E0-4F89-41D3-9A0C-0305E82C3302', 'Derelinquo repellendus ambitus spargo circumvenio. Rem curo celebrer minus.', true, false, 'ASSESSMENT_STARTED', '2023-05-29T23:54:23.370Z'),
       ('21376b6f-153e-4b04-b20b-3cb498699584', 'a4f1bdcb-ca8a-4788-8bf2-aab138ddeaf8', '439P14J', '3F2504E0-4F89-41D3-9A0C-0305E82C3301', '', false, false, 'ASSESSMENT_STARTED', '2023-03-22T08:13:06.820Z'),
       ('9c8b6f25-de26-48e4-94da-3704b0889ab9', '82763929-55b5-4f7e-97e8-417440754015', 'AQ6V7KH', '3F2504E0-4F89-41D3-9A0C-0305E82C3302', '', false, true, 'REFERRAL_SUBMITTED', '2023-09-28T21:44:43.212Z'),
       ('a68a9e84-5a10-4b10-a95c-ae57e644adec', '0c905a9c-0e7f-40dd-b50f-1729efba13ab', 'S8M1LGC', '3F2504E0-4F89-41D3-9A0C-0305E82C3301', 'Clementia depono conculco adsum tepesco praesentium credo depopulo. Sol sustineo sulum bonus altus tibi templum mollitia. Astrum tredecim argentum dolorem defaeco socius abscido ustilo velit tabula. Expedita torqueo truculenter spiritus volutabrum terreo quo delego decor veritas.', false, false, 'REFERRAL_STARTED', null),
       ('220cc5e0-4ba5-4b0e-a145-3100f010d77d', 'e9b4f0a3-4427-42cb-9522-71ac29c4a217', '7GZYCT7', '3F2504E0-4F89-41D3-9A0C-0305E82C3301', 'Demonstro cruentus eligendi suggero teneo aetas somnus curiositas. Undique degusto est. Denuo tenetur arguo autem versus corrigo veritatis talus succurro vulgaris. Apud verbum armarium laborum. Amo congregatio adnuo ipsum eaque bellum accedo asporto.', true, true, 'ASSESSMENT_STARTED', '2023-08-20T08:38:52.748Z'),
       ('bc68c0f2-b4c4-4e0e-addc-5b847a31e0c7', 'd1d318ae-35b1-4699-b660-af51ec193c78', 'UZB7W3A', '3F2504E0-4F89-41D3-9A0C-0305E82C3301', '', true, true, 'ASSESSMENT_STARTED', '2023-08-01T14:46:58.991Z'),
       ('c96524b6-a335-4451-830c-707b8da89201', 'c40322f8-acf5-49ca-b6c8-7f23cbaef9a0', 'UJWXNSR', '3F2504E0-4F89-41D3-9A0C-0305E82C3301', 'Curatio ventosus terreo derideo dolorum. Bestia animadverto caveo veritas triduana supra depromo.', false, true, 'ASSESSMENT_STARTED', '2023-07-14T05:34:11.503Z'),
       ('86739b1b-ead0-4712-8d14-0381a443d8b6', '78b05a36-2cf5-4d8c-a0b6-8a1a09183964', 'F0SRSJ8', '3F2504E0-4F89-41D3-9A0C-0305E82C3302', 'Ex surgo ratione ab canis talio talis adinventitias stipes benevolentia. Sodalitas vallum thymbra statua soleo debitis amitto accedo.', false, true, 'REFERRAL_STARTED', null),
       ('f8edde80-0be3-4902-bd35-a157e4feb7c6', '64f954af-8865-45c0-a4cd-b0fe4bbb5f45', 'UZB7W3A', '3F2504E0-4F89-41D3-9A0C-0305E82C3302', 'Rerum tui doloribus. Adamo sortitus ocer anser aeger denique corroboro solus. Cunae crastinus coerceo verto sumo pectus cursus cenaculum. Comparo suadeo sed odio aer blanditiis. Turba ducimus et adstringo curo vulnus cur fugit tersus beatae.', true, true, 'REFERRAL_SUBMITTED', '2023-11-12T19:25:17.175Z'),
       ('11268a4e-318c-4576-8c58-bae4262cfe2d', '646f83f1-0de0-4617-aec8-62ccccc8b22f', 'UZB7W3A', '3F2504E0-4F89-41D3-9A0C-0305E82C3302', 'Cras angelus soleo delego varietas avarus atque cuppedia crur.', false, true, 'AWAITING_ASSESSMENT', '2023-05-23T06:53:14.569Z'),
       ('8df5d35c-a05e-4f38-ac58-27d4467de49b', '6b3b6fb1-fadf-44ab-9630-bf1be352c84e', '0T50F12', '3F2504E0-4F89-41D3-9A0C-0305E82C3301', 'Validus ancilla audentia cruentus. Terra repellendus absens tonsor similique alius soluta vociferor dicta bis.', true, false, 'AWAITING_ASSESSMENT', '2022-12-22T12:59:34.668Z'),
       ('ea5cef10-f83b-42bb-8e7c-ebfa18739be3', 'be4bbf23-b86e-4c65-86bd-f7c2e00d8bdf', 'N24RBH2', '3F2504E0-4F89-41D3-9A0C-0305E82C3301', 'Tibi iste debilito tantum capto tersus.', false, true, 'REFERRAL_STARTED', null),
       ('8d3fb2ee-45eb-40b9-b4d1-6e53619320d7', 'b2268688-ebee-4f5b-b1a9-f9971aa7c8d4', 'AFZXD70', '3F2504E0-4F89-41D3-9A0C-0305E82C3301', 'Adhaero quas conicio utpote amissio dolores aliquam claudeo. Auctor delinquo suasoria. Aestivus animadverto surgo bonus. Quas subiungo adimpleo temporibus tactus temptatio paens.', true, true, 'AWAITING_ASSESSMENT', '2023-09-22T07:55:45.177Z'),
       ('6cccfa8c-55fe-49dc-97f0-d397c348a857', 'b5ffd493-1ce7-4b4c-977f-2109c3a1abfe', 'XMHCORV', '3F2504E0-4F89-41D3-9A0C-0305E82C3302', 'Tergum tabgo sulum subseco ipsa sunt ascit vester. Tamquam surculus deprimo titulus alienus tener arbitro ullam ratione. Conicio appositus calamitas ver appello cornu varietas bellum. Cubicularis curso corrumpo. Clamo vos aestus caste certe tametsi.', true, true, 'ASSESSMENT_STARTED', '2023-07-23T10:53:32.926Z'),
       ('db6d684a-7d31-4684-af46-85b7fc999583', '1c33a2e7-2191-44d7-b86c-20abcc4fcd46', 'PELXHKC', '3F2504E0-4F89-41D3-9A0C-0305E82C3302', 'Labore synagoga benevolentia casso turbo labore umerus. Cohibeo arbustum cervus appono. Amplitudo benevolentia amplexus corona bestia cultellus voveo valeo peior. Dolorem tui desolo sollicito cohaero amor cuius articulus defendo amoveo.', false, false, 'REFERRAL_STARTED', null),
       ('864d91cf-b4a6-45c1-9200-f7ec967c4305', 'b8b6c009-f497-41fb-bb82-8c3849ab1a70', 'ZHL6G3M', '3F2504E0-4F89-41D3-9A0C-0305E82C3302', 'Venio calculus defluo theatrum torqueo tyrannus alioqui valens articulus unde. Consequuntur amiculum advenio tabella victus despecto cuius. Veniam tabgo cupio ancilla textus blandior patrocinor testimonium.', true, false, 'AWAITING_ASSESSMENT', '2023-02-27T23:29:39.145Z'),
       ('2270a83b-45ee-45f0-8d9b-4e6185bd3479', '751bba6a-5beb-40dc-8095-a0ec27f0ca6d', 'F0SRSJ8', '3F2504E0-4F89-41D3-9A0C-0305E82C3302', '', true, true, 'AWAITING_ASSESSMENT', '2023-09-11T10:57:46.897Z'),
       ('93d6b986-9a9e-4679-86cc-4376caaf23bb', '61975f00-4615-4363-9e52-c6b1f0f5cddd', 'Y7RLN5A', '3F2504E0-4F89-41D3-9A0C-0305E82C3302', 'Adduco turpis tego caput surgo vetus cursim stips. Debeo tum vorago conturbo summa voluptatem confido dolorem. Color advoco dens depopulo ipsa solio. Aptus vesica totam utilis cognatus decretum. Synagoga speciosus ter defetiscor repudiandae cinis turpis demens vis.', false, false, 'AWAITING_ASSESSMENT', '2023-10-08T14:49:51.548Z'),
       ('05c9327f-a38a-44c8-8a3c-2c97064edd21', '1bf9a484-c86d-4f71-94f0-27db84ae8bc6', 'D124Z3L', '3F2504E0-4F89-41D3-9A0C-0305E82C3301', 'Depraedor compello consuasor capillus tertius vallum clam. Ascisco cupiditas apto civis speciosus cupressus antiquus.', false, true, 'REFERRAL_STARTED', null),
       ('c8a89a7c-e725-4064-b7d1-754681756f69', 'a4931c81-0b2b-441f-a27a-9434a16d747f', 'ZHL6G3M', '3F2504E0-4F89-41D3-9A0C-0305E82C3302', 'Sequi corona solus adulescens voco colo. Pel voco deorsum vulgo.', true, true, 'ASSESSMENT_STARTED', '2023-09-19T05:51:09.900Z'),
       ('a667a568-6bf1-42e6-b19a-8a0af7ac4e3a', '07a9d957-eeab-4b1f-bc88-d3f71db99151', 'WMRXAKU', '3F2504E0-4F89-41D3-9A0C-0305E82C3301', 'Subnecto vestigium adimpleo. Vis arcus spoliatio vita pauci pauci conor porro. Celer adhuc rem deputo thesaurus texo urbs. Voluptatem sufficio urbs.', true, true, 'REFERRAL_STARTED', null),
       ('ed3b8747-02a1-48ac-9dc8-ef4f237ac00a', '4d3206b7-a065-4624-9f0b-11b40ad2f7aa', 'PELXHKC', '3F2504E0-4F89-41D3-9A0C-0305E82C3301', 'Ager auctus cruentus cognomen. Deripio velut defetiscor carbo assentator advoco velut dolorum arto. Ultio tergum amaritudo.', false, false, 'AWAITING_ASSESSMENT', '2023-08-19T11:02:04.220Z'),
       ('4e1f640d-9b4e-41f6-a9f3-f0a850524b9d', 'a4f1bdcb-ca8a-4788-8bf2-aab138ddeaf8', 'W8CHFHM', '3F2504E0-4F89-41D3-9A0C-0305E82C3301', 'Terga venia copia vesco demo ceno. Ea cogo aperiam colo vindico. Cuppedia suffoco cultura calcar.', false, false, 'REFERRAL_STARTED', null),
       ('2d775d29-1e36-4e7f-9874-39b2726a8b9f', '7a4ce849-a990-43e6-b6f6-da3824154852', 'T5BR1XV', '3F2504E0-4F89-41D3-9A0C-0305E82C3302', 'Optio undique sopor. Impedit venio astrum soleo cuius videlicet adaugeo.', false, true, 'REFERRAL_STARTED', null),
       ('8b65f65f-0750-47b2-a8a7-c7b5ecf28664', 'fb522717-d48e-47cf-9520-bcfc59d6a95e', 'B9C83GE', '3F2504E0-4F89-41D3-9A0C-0305E82C3301', 'Ciminatio commodi bos amita terminatio ipsam. Damno assumenda vallum tergeo provident odio.', true, false, 'REFERRAL_STARTED', null),
       ('82a6a36e-0eb3-4061-beae-249df487473c', 'f6eedcff-cf21-4151-a7d6-fd74c25a2d4a', 'CAECMFS', '3F2504E0-4F89-41D3-9A0C-0305E82C3302', 'Ars sursum assentator animadverto laboriosam adflicto auxilium sui aptus.', true, true, 'ASSESSMENT_STARTED', '2023-02-28T20:15:56.480Z'),
       ('8c86e27f-954c-41e5-ad07-73f4a4a43e01', 'f6eedcff-cf21-4151-a7d6-fd74c25a2d4a', '3CL85UT', '3F2504E0-4F89-41D3-9A0C-0305E82C3302', 'Vestigium inventore speciosus dolore. Spectaculum adopto vox solum basium concido damno usitas claustrum.', true, true, 'ASSESSMENT_STARTED', '2023-04-16T10:43:29.948Z'),
       ('ec2e9999-344d-47f8-96d4-7bc140bf9af5', '2ae97785-12a7-47f3-9338-074839ef2d74', '04P9F9E', '3F2504E0-4F89-41D3-9A0C-0305E82C3301', 'Crudelis appello nisi solus qui alo urbanus arceo titulus xiphias. Tamisium solvo vicinus reiciendis viduo spectaculum voveo.', true, true, 'REFERRAL_SUBMITTED', '2023-08-25T21:13:24.821Z'),
       ('68ef5582-87ce-4af9-a730-b31069f01c34', 'c10b604a-fb05-4a3f-a395-7429d7f135ed', '7GZYCT7', '3F2504E0-4F89-41D3-9A0C-0305E82C3302', 'Bestia canis creptio aegrotatio. Consuasor perspiciatis ventosus. Temptatio cedo argumentum sumptus sustineo. Caecus culpa curtus harum. Averto vitiosus impedit a thymum solitudo cedo stultus.', false, false, 'REFERRAL_SUBMITTED', '2023-11-27T01:03:04.956Z'),
       ('f5ad2614-6a2a-4bd0-82a5-274873a353db', '00ee2b4b-971e-4a10-9511-4b63b57e28cb', 'JTWZW2E', '3F2504E0-4F89-41D3-9A0C-0305E82C3302', 'Denego contabesco caterva bene crur teneo. Textus tricesimus enim corrumpo repudiandae tempus artificiose. Spiculum amita degero aiunt provident tum acerbitas necessitatibus censura incidunt. Venia curis corporis sum articulus bibo. Condico suppellex earum vindico tero occaecati crinis tersus vester urbanus.', true, false, 'ASSESSMENT_STARTED', '2023-06-24T08:03:12.987Z'),
       ('3de5df62-da8c-4206-bdfa-31dc66600c3e', 'e3a2858e-e521-4699-954f-66d384b8b4b1', 'P0N4050', '3F2504E0-4F89-41D3-9A0C-0305E82C3301', 'Natus aestus bardus umerus adipisci urbanus paulatim. Admitto aptus distinctio aeternus candidus defendo summisse turbo.', false, false, 'REFERRAL_SUBMITTED', '2023-09-13T08:26:43.058Z'),
       ('09467ed3-1b2b-4d8b-b5ad-38ae78a50f5f', '0cd5272a-2cd8-402e-a44b-b1a49ae3fc3a', 'HR1EQI2', '3F2504E0-4F89-41D3-9A0C-0305E82C3302', 'Viridis audax tricesimus atrox deserunt alter. Balbus timor repellendus labore. Cogo appositus delibero coruscus vix solum defessus vos. Audax tres vinitor solvo aeneus teneo.', false, true, 'REFERRAL_SUBMITTED', '2023-03-24T12:13:33.214Z'),
       ('de568115-df01-4730-9834-83cf2d360eef', '3d5d2cfb-606b-4e7c-8761-7a8884753554', 'F0SRSJ8', '3F2504E0-4F89-41D3-9A0C-0305E82C3302', 'Suspendo video eius vilicus admiratio vaco. Asper ducimus convoco synagoga explicabo verus audacia absens admoveo ex. Claudeo rerum talus anser. Vacuus confido traho utrimque tamquam viriliter cohaero paens adhuc. Abutor utor cultura terebro beatae bestia arto confugo ara stips.', true, false, 'REFERRAL_SUBMITTED', '2023-03-07T22:22:27.194Z'),
       ('6d17a57d-6fd6-4474-8843-f978ea330264', '68f9784a-d8fa-45fc-875e-12797d4a1eda', 'AFZXD70', '3F2504E0-4F89-41D3-9A0C-0305E82C3301', 'Taceo pariatur sustineo cotidie versus casus est beatae. Conitor benigne coniecto armarium aeternus caecus. Adiuvo aegre cognomen.', true, false, 'AWAITING_ASSESSMENT', '2023-10-17T12:46:59.877Z'),
       ('ba8d77ba-4a1a-480b-83c4-2cfa0ef566cb', '1c3517cd-ff35-4520-bad6-dd6ca4394526', 'T5BR1XV', '3F2504E0-4F89-41D3-9A0C-0305E82C3302', 'Arcus tergum tremo tredecim voluptate temporibus. Combibo infit sordeo hic vergo dolores.', true, false, 'AWAITING_ASSESSMENT', '2022-12-22T19:35:49.902Z'),
       ('f10ceaa0-851e-4c2d-810e-4a4a1ed9452c', 'b3ccd7d0-20e8-4b38-883c-82fa1eff7d7c', 'TXWAMYX', '3F2504E0-4F89-41D3-9A0C-0305E82C3302', 'Deporto adfero canto aro atrocitas cena titulus viduo vomer. Absorbeo vito ab.', true, false, 'ASSESSMENT_STARTED', '2023-09-16T01:38:56.383Z'),
       ('064542d2-7c5a-4942-9f05-252e897292c9', '17bb67f9-4a9f-40a4-992e-ebe05f08cac2', 'ENMP9SL', '3F2504E0-4F89-41D3-9A0C-0305E82C3302', 'Cometes adstringo territo subvenio molestiae ullam verto. Tubineus coma tabesco aufero vicinus debilito trans eaque. Venio stipes audeo terror hic alo.', false, false, 'ASSESSMENT_STARTED', '2023-12-05T11:19:12.238Z'),
       ('ccc31516-5af8-4022-a5f3-70930fdd7ee1', '1ab1fd57-2375-4ed3-85fe-2a23d57d7834', 'YZ6RBNN', '3F2504E0-4F89-41D3-9A0C-0305E82C3301', 'Quisquam thymbra cultura convoco inventore abstergo natus.', false, true, 'REFERRAL_SUBMITTED', '2023-07-15T19:43:14.345Z'),
       ('6867481c-7fd7-481f-9328-7bbe085b5d7f', 'a8f45a48-b56c-42a5-bd2a-ab4bcadd7c2f', 'XMHCORV', '3F2504E0-4F89-41D3-9A0C-0305E82C3301', 'Thesis quidem eligendi demum. Sperno deleo solus aer sit unde. Adsuesco vester sub tunc terror vicissitudo sum accedo cognomen. Supplanto defendo repellendus comminor vociferor adficio constans. Tubineus convoco corrigo acerbitas apostolus vehemens capto avarus calamitas benevolentia.', false, false, 'REFERRAL_STARTED', null),
       ('1c4a4a7c-bcb3-4ff8-8937-a5e3e4791076', 'c0c4204a-2a8e-4e0a-a08a-68046bdf8f81', 'VXKGG1D', '3F2504E0-4F89-41D3-9A0C-0305E82C3301', 'Audeo stabilis clamo cibo dolore damnatio. Vitiosus thalassinus cibus trado somniculosus.', false, false, 'REFERRAL_STARTED', null),
       ('8198148a-78d9-4f32-a7ac-b13c436fbe7b', '94eb1686-6996-4b5e-a12f-88f5723cef7d', 'GJNYGD6', '3F2504E0-4F89-41D3-9A0C-0305E82C3301', 'Verto cenaculum deprecator degero verus arbitro depulso perspiciatis aveho. Aeternus aperio aveho virgo. Sumptus cernuus a desolo. Versus debilito ducimus. Acies via succedo corrigo.', false, false, 'REFERRAL_STARTED', null),
       ('a79a52b6-34ff-4fb9-8914-7343839694df', 'ef68a05f-ddbf-412e-85b7-a242f63e5832', 'HF1WH1L', '3F2504E0-4F89-41D3-9A0C-0305E82C3302', 'Tunc tantillus derelinquo cura. Adsum audentia solitudo altus coniuratio velit cimentarius. Curo sonitus ventus tabella suffoco rerum minima collum dapifer. Velum balbus terminatio.', true, false, 'AWAITING_ASSESSMENT', '2023-11-02T05:39:14.203Z'),
       ('f812c74c-cfa8-4ca3-bd93-2f34d0109562', '61d86b29-022f-4cb0-a673-77514d429de1', 'ZM5KTFH', '3F2504E0-4F89-41D3-9A0C-0305E82C3302', 'Conventus tero via quibusdam uter tersus vulnus. Sustineo vigilo auditor tactus suppono sint umquam absque. Theca qui capillus uterque totam tamdiu. Tamen pariatur iste trado sodalitas.', false, true, 'ASSESSMENT_STARTED', '2022-12-15T07:43:16.767Z'),
       ('33921c55-dd75-4289-ba92-110611460d28', 'a0891850-aecf-4fc2-943c-38975f5b3feb', 'ZHL6G3M', '3F2504E0-4F89-41D3-9A0C-0305E82C3302', 'Distinctio uter vestigium aptus. Deludo natus despecto sublime comparo caput aurum dedico tibi talio. Valeo adduco adhaero. Illo delectus verbum celebrer beneficium comptus sollicito.', false, false, 'ASSESSMENT_STARTED', '2023-07-13T14:13:17.877Z'),
       ('ab39b013-d167-4450-9157-be00b093b829', '3a7a0760-6a38-43d8-a118-14df12c77815', 'B9C83GE', '3F2504E0-4F89-41D3-9A0C-0305E82C3302', 'Doloribus qui aiunt sopor quas appositus sodalitas tergiversatio attollo. Velut optio titulus vulpes ulciscor denuo crustulum. Capillus accedo sapiente coerceo vilitas vociferor surgo depromo coepi angulus. Defetiscor admitto ut umerus dignissimos. Vicissitudo annus carmen tergum facilis solium confido.', true, true, 'REFERRAL_SUBMITTED', '2023-03-08T20:28:31.989Z'),
       ('d0d823d0-9bb5-4739-8a26-09ce883c8fa3', '3afba222-6925-42d4-8c9a-84047b2dd89b', 'UY1N011', '3F2504E0-4F89-41D3-9A0C-0305E82C3302', 'Utilis quos defendo. Caecus aer usus credo solum cauda virgo deorsum. Curto defaeco averto vinum subvenio. Vesco cilicium timidus.', false, false, 'REFERRAL_SUBMITTED', '2023-05-12T21:08:05.497Z'),
       ('ca78c57b-0d19-4d3b-9313-8f469201b3ec', '1397af48-bbaf-4994-a5c8-dbb30f8daca4', 'T5BR1XV', '3F2504E0-4F89-41D3-9A0C-0305E82C3302', 'Apud corporis bene.', true, true, 'ASSESSMENT_STARTED', '2023-01-15T23:23:09.892Z'),
       ('e151c3c8-e238-4df4-86a1-afb83b06273b', '329322f8-0875-4f30-b124-b0dcb006995e', 'ENMP9SL', '3F2504E0-4F89-41D3-9A0C-0305E82C3302', 'Tabula aro cogo angulus volutabrum celer repudiandae commodi animus. Advenio canis abbas. Absum deludo quasi spiculum amplus textor aeger.', false, true, 'AWAITING_ASSESSMENT', '2023-06-07T23:09:40.798Z'),
       ('4887a26d-a568-49fe-8887-9bfd5e5290de', 'cc099779-ab60-4a57-89f2-d5597ae9815c', '7GZYCT7', '3F2504E0-4F89-41D3-9A0C-0305E82C3302', 'Solium aranea placeat capio. Cohors triduana truculenter excepturi. Advenio clementia bis ipsam custodia alius curso vinculum color. Cupressus ubi alienus texo anser demoror.', true, true, 'ASSESSMENT_STARTED', '2023-04-13T18:32:37.854Z'),
       ('7d6cbf9c-9cf3-462e-b843-8de41d0da55c', 'dff42037-b861-4a72-8e68-2180bfe6d0a4', 'N24RBH2', '3F2504E0-4F89-41D3-9A0C-0305E82C3301', 'Adicio cicuta bos. Armarium tego esse.', true, false, 'REFERRAL_SUBMITTED', '2023-03-25T09:57:57.056Z'),
       ('82f2c805-5512-46b4-a567-de0b3f81f9d8', '9ea1b22c-0257-4cbe-b696-0f6a7f2c02b6', 'B9C83GE', '3F2504E0-4F89-41D3-9A0C-0305E82C3301', 'Curis decor voluptatibus adsidue vetus eveniet. Suus antiquus numquam temptatio turbo ex ustulo vitium voro agnosco.', false, true, 'ASSESSMENT_STARTED', '2022-12-13T12:24:00.387Z'),
       ('a911fab0-f77f-4cfa-b75d-e106d7ef6a17', '0f4bc84f-7d2a-4800-8e34-f71d97408d61', '4C59RIL', '3F2504E0-4F89-41D3-9A0C-0305E82C3302', 'Curriculum adsuesco inflammatio assumenda. Carcer maxime cogito vobis desipio deduco tredecim. Perspiciatis neque subiungo sursum claro. Tredecim accusantium cohors. Canis vivo cognatus sumo demergo conforto conservo conspergo.', false, false, 'AWAITING_ASSESSMENT', '2023-05-04T21:34:21.262Z'),
       ('ff2e0222-7a79-4781-b155-5bcf2f2f9b7b', '7c7db9c0-dfb4-49d3-b0d8-a7059fc55220', 'UZB7W3A', '3F2504E0-4F89-41D3-9A0C-0305E82C3302', 'Terminatio considero caritas. Consequuntur sol ara concedo totus ultra caelum comedo. Turpis tolero tener atque decretum subnecto.', false, true, 'ASSESSMENT_STARTED', '2023-03-21T15:03:27.689Z'),
       ('bf3c233f-bb9f-4edc-bf81-a843e7f40276', '25bff322-c0f9-44b0-a05a-045aed0811c5', 'W8CHFHM', '3F2504E0-4F89-41D3-9A0C-0305E82C3302', 'Utor quasi vereor quae aliqua.', false, true, 'AWAITING_ASSESSMENT', '2023-10-11T19:43:37.530Z'),
       ('27338510-a2d0-47ac-a6e0-878ba9c70df6', '44111b58-d93c-40bd-a05e-74f922bf1567', '175AQ4D', '3F2504E0-4F89-41D3-9A0C-0305E82C3302', 'Provident volva anser deputo thermae apto utroque. Anser convoco subvenio. Adicio audio canonicus terga arto suus. Sequi theatrum cenaculum theologus delego abbas suggero desparatus terga quae.', true, true, 'REFERRAL_STARTED', null),
       ('113b56da-087e-4bae-ac87-4622436d17b7', '76288c3f-5efc-40e9-abad-29d880809b8f', '439P14J', '3F2504E0-4F89-41D3-9A0C-0305E82C3302', 'Aufero molestiae tot aureus pauper denuo. Cupiditas derideo adipiscor placeat paulatim copiose demergo cunctatio. Sub necessitatibus creber vehemens animi urbs demum beatae maiores. Patruus dedico stabilis aurum patria libero stillicidium titulus.', false, true, 'AWAITING_ASSESSMENT', '2023-05-22T18:04:44.903Z'),
       ('ff27e620-af96-42fe-9c4d-52d68b256fd0', '4866f33d-f47f-40b7-acce-d50993f0a53c', '1DULMVV', '3F2504E0-4F89-41D3-9A0C-0305E82C3301', 'Tandem comprehendo amet voluptas voro. Cervus necessitatibus totidem audacia.', true, true, 'REFERRAL_SUBMITTED', '2023-09-22T23:40:38.694Z'),
       ('2a917181-617a-4443-b94c-bd92d17a1de5', 'f1ff82d5-36ec-4ef7-b77a-7ea228cab988', 'ZHL6G3M', '3F2504E0-4F89-41D3-9A0C-0305E82C3302', 'Velum beatus defaeco. Creator cupio sursum paulatim aufero vester strenuus clementia depopulo.', true, false, 'REFERRAL_SUBMITTED', '2023-02-07T05:14:51.753Z'),
       ('a7f39c0f-eafe-45f5-80ef-bf3f92039a08', '4352aa06-94c0-4f72-8cc4-1d5f0528ad6f', 'S8M1LGC', '3F2504E0-4F89-41D3-9A0C-0305E82C3302', 'Fuga vesper vinco asperiores totus absconditus acceptus. Sortitus quas cultellus verus adversus. Valeo adhuc avarus. Accusator eveniet tricesimus. Commodi calco magnam cerno solus eos audentia arbitro quod cernuus.', false, true, 'REFERRAL_SUBMITTED', '2022-12-12T11:59:53.296Z'),
       ('b48b3f6b-b725-4ce6-b3cc-17fbc457a8f8', '2650debf-2606-4e61-bb36-2ace1fd56589', '27LD9LP', '3F2504E0-4F89-41D3-9A0C-0305E82C3301', 'Delego ager verecundia umquam barba. Chirographum video deduco aegrus creo vinitor natus tenetur.', false, false, 'ASSESSMENT_STARTED', '2023-07-17T19:57:51.345Z'),
       ('c45e8057-9a47-4c76-8ea8-67393ef29c5b', 'a5d2b806-f1ad-4156-acf3-9edb6d74e406', 'JTWZW2E', '3F2504E0-4F89-41D3-9A0C-0305E82C3301', 'Curso solutio totam admiratio aer vigilo utpote cohors vilicus arma. Amplitudo vester voluptates. Timor ago cognatus animadverto pauci conatus vinum vesper. Deprimo agnitio approbo. Celebrer quibusdam cornu itaque triduana caput tersus.', false, false, 'REFERRAL_SUBMITTED', '2023-03-15T10:07:30.484Z'),
       ('5163c2a9-a44b-4ead-8ccf-945663b1d7e7', '2ef55dd4-e7a8-404b-8edf-2c32fbec61d3', 'JVWN4Y8', '3F2504E0-4F89-41D3-9A0C-0305E82C3301', 'Desolo bos ducimus concido. Adulescens officiis stella cubitum quod uberrime tubineus carpo cura. Angulus terror deleniti appono suscipit.', false, true, 'REFERRAL_SUBMITTED', '2023-04-20T15:33:04.822Z'),
       ('6f707c4c-a15f-4a19-a399-f484879d4f51', '7132fa4e-9744-4ccd-88dd-e4a4af4416d1', 'T5BR1XV', '3F2504E0-4F89-41D3-9A0C-0305E82C3302', 'Utor antepono tutis cuius spectaculum victoria incidunt explicabo caterva approbo. Voluptas ver confido deorsum candidus. Tabella amaritudo cui carpo.', true, false, 'AWAITING_ASSESSMENT', '2023-03-02T23:14:34.176Z'),
       ('86c5a166-3e47-42ac-9f4e-edb64aa9cfc6', 'b89bb576-291e-4316-b878-5edcb302395b', 'USULN51', '3F2504E0-4F89-41D3-9A0C-0305E82C3301', 'Tenax acidus acquiro hic cupiditate venustas tabernus. Basium quo itaque deserunt abutor alo ara comptus theca tabernus. Synagoga adnuo aperiam dolores. Suggero administratio sponte curia carcer utrimque consequatur. Aurum turbo maxime sonitus.', false, true, 'REFERRAL_STARTED', null),
       ('6a87134b-9641-4c06-9062-67edd3337395', '53cd4276-52c9-4872-9653-614d4bbc1327', '175AQ4D', '3F2504E0-4F89-41D3-9A0C-0305E82C3301', 'Angustus vicissitudo hic sit umquam. Vitium quaerat infit despecto condico volo uredo absconditus assentator comes. Turpis tersus constans. Acceptus numquam textor allatus.', true, false, 'AWAITING_ASSESSMENT', '2023-11-20T15:14:51.958Z'),
       ('4c96240c-a57c-46ab-8b96-0da24359a1d8', '36ae3d25-2561-4ce0-8db6-e2006fb7d673', 'JTWZW2E', '3F2504E0-4F89-41D3-9A0C-0305E82C3302', 'Carmen alveus minima.', true, true, 'AWAITING_ASSESSMENT', '2023-06-05T13:10:22.077Z'),
       ('48728254-dd47-4367-80a4-4038026b2df1', '34684db6-dae2-421a-8d19-ada074a1de16', 'D7C2BPQ', '3F2504E0-4F89-41D3-9A0C-0305E82C3301', 'Cogito alioqui sophismata tepesco argumentum vel minus auditor quas demens. Tardus fuga colo. Caritas vis adimpleo vilis capitulus tendo solutio vulnus. Curo vorago acsi cetera delego eos maxime sophismata degusto.', false, true, 'AWAITING_ASSESSMENT', '2023-02-04T09:05:00.963Z'),
       ('72cb5a15-0d61-4f44-9b3a-01019d948573', 'f21b6968-6661-412f-9645-c176ba5d5963', 'Y7RLN5A', '3F2504E0-4F89-41D3-9A0C-0305E82C3301', 'Dicta voluptate decerno soleo ascisco vulgivagus soluta attero utilis verbum.', false, false, 'AWAITING_ASSESSMENT', '2023-02-03T07:12:48.861Z'),
       ('794569ba-5e64-4fd7-b509-84b6daa5af55', '98b867e6-d4c3-4a10-9ad7-82766d980cff', 'YG0X5TO', '3F2504E0-4F89-41D3-9A0C-0305E82C3302', 'Asperiores inflammatio basium canto toties aspicio ipsum officia. Amitto solitudo amet usque. Capto sollicito venustas veniam aptus apud uberrime aliquam.', false, false, 'ASSESSMENT_STARTED', '2023-09-03T11:01:57.062Z');
