-- Changes to this script should ideally be made by updating and rerunning the UI script documented at
-- https://github.com/ministryofjustice/hmpps-accredited-programmes-ui/blob/main/README.md#seeded-resources

DELETE from referral;
DELETE from referrer_user;
DELETE from offering;
DELETE from course_audience;
DELETE from audience;
DELETE from prerequisite;
DELETE from course;

INSERT INTO course(course_id, name, identifier, description, alternate_name, referable)
VALUES ('ac177c20-d26f-483e-ad60-c68a00a491a3', 'Azure Course', 'AC0', 'Cervus tolero accusator vix animi. Auditor uredo voluptate aut vere caterva rerum aut.', 'AC', false),
       ('9e2c35fe-1af4-4b2d-b2b9-03aaa1b2c05b', 'Maroon Course', 'MC1', 'Deserunt decerno trado acidus vulgivagus adhuc. Cras cilicium charisma utilis reprehenderit earum cui. Suffoco arguo pariatur umquam deludo demo ipsam conscendo.', 'MC', false),
       ('beaf6d0f-ab1f-4989-8b39-db52016e4e9a', 'Orchid Course', 'OC2', 'Argentum pauci verecundia tersus tui. Solus utpote tergeo. Quam summopere abundans summopere aeneus arcesso decet canonicus.', 'OC', false),
       ('b7182e58-6c45-4723-88b3-2943833b4297', 'Violet Course', 'VC3', 'Cupiditas tantillus tero cruciamentum tredecim. Vulgivagus supplanto spiritus sumo conitor adeo usitas adsuesco. Supellex ubi vociferor vir. Aveho campana atrocitas admoveo cursus cognatus tempore aer adipisci termes.', 'VC', false),
       ('6667e73f-a779-4236-afa6-5339e2c4a427', 'Purple Course', 'PC4', 'Animadverto temptatio cenaculum arcus decens supplanto alias. Facilis qui occaecati.', 'PC', true),
       ('76be601b-e1d0-4a54-bf5d-efdb006f6221', 'Green Course', 'GC5', 'Viriliter sapiente sponte adulatio repellendus cur. Eos comparo maiores pauper tabesco textus nisi civitas ulterius. Verumtamen adstringo defetiscor. Causa ustilo voro sum sustineo. Angulus suffoco accusantium cupressus.', 'GC', false),
       ('a2aee70e-dc9a-4450-a47e-6b1cd44a75ea', 'Indigo Course', 'IC6', 'Tam appositus defessus sponte baiulus thorax quam vomer spiritus alo. Suffragium cursim accusator bibo aestus temporibus agnitio dolorem vestigium aranea.', 'IC', false),
       ('e9bcf211-f38d-427e-adb5-ef2fd40d792d', 'Lavender Course', 'LC7', 'Magnam tunc corrigo cernuus dolorum officiis. Spectaculum soluta arcus animi vado. Derideo cinis certus sufficio blanditiis pecus cattus reiciendis id. Surculus ara coerceo bestia minima odit desparatus certe. Debitis totidem admoneo quibusdam demo.', 'LC', true),
       ('8ab7eb95-f935-48e6-82f5-11e99fc021d9', 'Azure Course', 'AC8', 'Solvo arx sufficio aperiam vito confero desidero curvo. Circumvenio attollo ventosus doloremque caritas copiose versus triduana vesco. Cohibeo natus centum thesis acer cubicularis chirographum valens aspernatur. Expedita depraedor cruentus depono tolero summopere corona certus. Auctor fugiat ventosus verbera. Capillus spoliatio atrox validus cetera sono decor tondeo trado ex.', 'AC', false),
       ('f17fac56-beea-4c77-8a29-b5478e5c6f4b', 'Azure Course', 'AC9', 'Illum demonstro attero vaco claudeo cruentus bestia cedo nihil. Amplexus vesica tabella ventosus cuius terminatio. Cetera optio congregatio degusto paulatim sustineo ventus. Admoveo carus cunctatio celebrer asperiores vesica sol alo eos brevis.', 'AC', false);

INSERT INTO prerequisite(course_id, name, description)
VALUES ('ac177c20-d26f-483e-ad60-c68a00a491a3', 'Setting', 'Custody'),
       ('ac177c20-d26f-483e-ad60-c68a00a491a3', 'Gender', 'Male only'),
       ('ac177c20-d26f-483e-ad60-c68a00a491a3', 'Risk criteria', 'High ESARA/SARA/OVP, High OGRS'),
       ('9e2c35fe-1af4-4b2d-b2b9-03aaa1b2c05b', 'Setting', 'Custody'),
       ('9e2c35fe-1af4-4b2d-b2b9-03aaa1b2c05b', 'Gender', 'Male only'),
       ('9e2c35fe-1af4-4b2d-b2b9-03aaa1b2c05b', 'Risk criteria', 'High ESARA/SARA/OVP, High OGRS'),
       ('beaf6d0f-ab1f-4989-8b39-db52016e4e9a', 'Setting', 'Custody'),
       ('beaf6d0f-ab1f-4989-8b39-db52016e4e9a', 'Gender', 'Male only'),
       ('beaf6d0f-ab1f-4989-8b39-db52016e4e9a', 'Risk criteria', 'High ESARA/SARA/OVP, High OGRS'),
       ('b7182e58-6c45-4723-88b3-2943833b4297', 'Setting', 'Custody'),
       ('b7182e58-6c45-4723-88b3-2943833b4297', 'Gender', 'Male only'),
       ('b7182e58-6c45-4723-88b3-2943833b4297', 'Risk criteria', 'High ESARA/SARA/OVP, High OGRS'),
       ('6667e73f-a779-4236-afa6-5339e2c4a427', 'Setting', 'Custody'),
       ('6667e73f-a779-4236-afa6-5339e2c4a427', 'Gender', 'Male only'),
       ('6667e73f-a779-4236-afa6-5339e2c4a427', 'Risk criteria', 'High ESARA/SARA/OVP, High OGRS'),
       ('76be601b-e1d0-4a54-bf5d-efdb006f6221', 'Setting', 'Custody'),
       ('76be601b-e1d0-4a54-bf5d-efdb006f6221', 'Gender', 'Male only'),
       ('76be601b-e1d0-4a54-bf5d-efdb006f6221', 'Risk criteria', 'High ESARA/SARA/OVP, High OGRS'),
       ('a2aee70e-dc9a-4450-a47e-6b1cd44a75ea', 'Setting', 'Custody'),
       ('a2aee70e-dc9a-4450-a47e-6b1cd44a75ea', 'Gender', 'Male only'),
       ('a2aee70e-dc9a-4450-a47e-6b1cd44a75ea', 'Risk criteria', 'High ESARA/SARA/OVP, High OGRS'),
       ('e9bcf211-f38d-427e-adb5-ef2fd40d792d', 'Setting', 'Custody'),
       ('e9bcf211-f38d-427e-adb5-ef2fd40d792d', 'Gender', 'Male only'),
       ('e9bcf211-f38d-427e-adb5-ef2fd40d792d', 'Risk criteria', 'High ESARA/SARA/OVP, High OGRS'),
       ('8ab7eb95-f935-48e6-82f5-11e99fc021d9', 'Setting', 'Custody'),
       ('8ab7eb95-f935-48e6-82f5-11e99fc021d9', 'Gender', 'Male only'),
       ('8ab7eb95-f935-48e6-82f5-11e99fc021d9', 'Risk criteria', 'High ESARA/SARA/OVP, High OGRS'),
       ('f17fac56-beea-4c77-8a29-b5478e5c6f4b', 'Setting', 'Custody'),
       ('f17fac56-beea-4c77-8a29-b5478e5c6f4b', 'Gender', 'Male only'),
       ('f17fac56-beea-4c77-8a29-b5478e5c6f4b', 'Risk criteria', 'High ESARA/SARA/OVP, High OGRS');

INSERT INTO audience(audience_id, audience_value)
VALUES ('d18be63e-1f53-4894-8d24-ed223d56b177', 'Sexual offence'),
       ('7236671f-d80b-40e7-bcd9-0b06508c25fe', 'Extremism offence'),
       ('2092099b-e2c4-4a76-8130-1a2c5a6610d7', 'Gang offence'),
       ('2c131670-4997-462f-9fe1-4f8c7e96983c', 'General violence offence'),
       ('36289242-f098-4dfb-8547-5d82c678004b', 'Intimate partner violence offence'),
       ('5e51b49e-3da7-4b95-aa4c-205a1f4aca18', 'General offence');

INSERT INTO course_audience(course_id, audience_id)
VALUES ('ac177c20-d26f-483e-ad60-c68a00a491a3', 'd18be63e-1f53-4894-8d24-ed223d56b177'),
       ('9e2c35fe-1af4-4b2d-b2b9-03aaa1b2c05b', 'd18be63e-1f53-4894-8d24-ed223d56b177'),
       ('beaf6d0f-ab1f-4989-8b39-db52016e4e9a', 'd18be63e-1f53-4894-8d24-ed223d56b177'),
       ('b7182e58-6c45-4723-88b3-2943833b4297', '7236671f-d80b-40e7-bcd9-0b06508c25fe'),
       ('6667e73f-a779-4236-afa6-5339e2c4a427', '7236671f-d80b-40e7-bcd9-0b06508c25fe'),
       ('76be601b-e1d0-4a54-bf5d-efdb006f6221', '2092099b-e2c4-4a76-8130-1a2c5a6610d7'),
       ('a2aee70e-dc9a-4450-a47e-6b1cd44a75ea', 'd18be63e-1f53-4894-8d24-ed223d56b177'),
       ('e9bcf211-f38d-427e-adb5-ef2fd40d792d', '36289242-f098-4dfb-8547-5d82c678004b'),
       ('8ab7eb95-f935-48e6-82f5-11e99fc021d9', '2c131670-4997-462f-9fe1-4f8c7e96983c'),
       ('f17fac56-beea-4c77-8a29-b5478e5c6f4b', '7236671f-d80b-40e7-bcd9-0b06508c25fe');

INSERT INTO offering(offering_id, course_id, organisation_id, contact_email, secondary_contact_email)
VALUES ('85f2fdae-0a2c-4b4a-8945-bb47f279898e', 'ac177c20-d26f-483e-ad60-c68a00a491a3', 'ISI', 'nobody-isi@digital.justice.gov.uk', null),
       ('ae47e39b-2035-4693-b50c-b6664aeeb9e2', 'ac177c20-d26f-483e-ad60-c68a00a491a3', 'MSI', 'nobody-msi@digital.justice.gov.uk', null),
       ('5df2c6a6-3217-480f-8526-31a96f223436', 'ac177c20-d26f-483e-ad60-c68a00a491a3', 'DNI', 'nobody-dni@digital.justice.gov.uk', null),
       ('dffd0757-fdb7-4afe-820e-6f9a50acb1a5', 'ac177c20-d26f-483e-ad60-c68a00a491a3', 'DAI', 'nobody-dai@digital.justice.gov.uk', null),
       ('2c5e95e6-0967-4a03-b6d4-e20f58498df8', 'ac177c20-d26f-483e-ad60-c68a00a491a3', 'WEI', 'nobody-wei@digital.justice.gov.uk', null),
       ('827fe047-4e60-42ea-a917-68730e901d7e', 'ac177c20-d26f-483e-ad60-c68a00a491a3', 'SUI', 'nobody-sui@digital.justice.gov.uk', null),
       ('553a928a-2521-45e0-b4a9-9dd1b021c308', 'ac177c20-d26f-483e-ad60-c68a00a491a3', 'SFI', 'nobody-sfi@digital.justice.gov.uk', null),
       ('08e5ca98-5b2c-45ce-aad3-d86d3c5bb0a4', 'ac177c20-d26f-483e-ad60-c68a00a491a3', 'LLI', 'nobody-lli@digital.justice.gov.uk', null),
       ('899010e3-817c-45a3-931b-9da4434e6872', 'ac177c20-d26f-483e-ad60-c68a00a491a3', 'HII', 'nobody-hii@digital.justice.gov.uk', null),
       ('48ddc1e7-f5c2-4d1a-a3fd-6c50ee003e46', 'ac177c20-d26f-483e-ad60-c68a00a491a3', 'WWI', 'nobody-wwi@digital.justice.gov.uk', null),
       ('460fab48-3aa6-4953-b29e-9220b6e6cc28', 'ac177c20-d26f-483e-ad60-c68a00a491a3', 'RCI', 'nobody-rci@digital.justice.gov.uk', null),
       ('02b93859-4130-4484-8a65-8e5065a28324', 'ac177c20-d26f-483e-ad60-c68a00a491a3', 'KVI', 'nobody-kvi@digital.justice.gov.uk', null),
       ('fafb4093-dd8c-42fa-8c15-b73ad3e8c1c5', 'ac177c20-d26f-483e-ad60-c68a00a491a3', 'WSI', 'nobody-wsi@digital.justice.gov.uk', null),
       ('4ca8cfea-ddd8-4c16-95e3-367a42c87aba', 'ac177c20-d26f-483e-ad60-c68a00a491a3', 'GMI', 'nobody-gmi@digital.justice.gov.uk', null),
       ('8156b0d8-e8a0-47ee-8e4a-7362e4766c1e', 'ac177c20-d26f-483e-ad60-c68a00a491a3', 'UPI', 'nobody-upi@digital.justice.gov.uk', null),
       ('fb0ee156-0948-4783-9905-8854a8e3da46', 'ac177c20-d26f-483e-ad60-c68a00a491a3', 'DHI', 'nobody-dhi@digital.justice.gov.uk', null),
       ('e2a17d29-cf36-40c3-8479-7f15c1c20cd4', 'ac177c20-d26f-483e-ad60-c68a00a491a3', 'DMI', 'nobody-dmi@digital.justice.gov.uk', null),
       ('bc41e778-cd96-4faf-b921-3e9b81a9f171', 'ac177c20-d26f-483e-ad60-c68a00a491a3', 'HLI', 'nobody-hli@digital.justice.gov.uk', null),
       ('cc4ea296-09cd-429e-8b70-e3bdec5a9770', 'ac177c20-d26f-483e-ad60-c68a00a491a3', 'CDI', 'nobody-cdi@digital.justice.gov.uk', null),
       ('051915be-a055-410e-8197-18ce18c52e77', 'ac177c20-d26f-483e-ad60-c68a00a491a3', 'AGI', 'nobody-agi@digital.justice.gov.uk', null),
       ('02bf8d56-992b-41a5-b3de-235316d903b3', 'ac177c20-d26f-483e-ad60-c68a00a491a3', 'SLI', 'nobody-sli@digital.justice.gov.uk', null),
       ('ebc42e9e-7f62-41a6-8228-b28b83411088', 'ac177c20-d26f-483e-ad60-c68a00a491a3', 'PYI', 'nobody-pyi@digital.justice.gov.uk', null),
       ('2101bd26-4dcd-4198-aa6d-74f8255325bd', 'ac177c20-d26f-483e-ad60-c68a00a491a3', 'NSI', 'nobody-nsi@digital.justice.gov.uk', null),
       ('77d33e92-4375-4210-99e2-b9a1f06f2551', 'ac177c20-d26f-483e-ad60-c68a00a491a3', 'FHI', 'nobody-fhi@digital.justice.gov.uk', null),
       ('d5ca705d-9935-4fa0-a76c-ebfeebf33fce', 'ac177c20-d26f-483e-ad60-c68a00a491a3', 'VEI', 'nobody-vei@digital.justice.gov.uk', null),
       ('009d96ea-0cfc-45ef-be5d-0e8766125c5f', 'ac177c20-d26f-483e-ad60-c68a00a491a3', 'SKI', 'nobody-ski@digital.justice.gov.uk', null),
       ('872eaa9b-3adf-48dd-9ea5-6c43e419d14f', 'ac177c20-d26f-483e-ad60-c68a00a491a3', 'SDI', 'nobody-sdi@digital.justice.gov.uk', null),
       ('7ebb7822-5de3-4ba2-bd2d-2dbd9b8e6f01', 'ac177c20-d26f-483e-ad60-c68a00a491a3', 'HEI', 'nobody-hei@digital.justice.gov.uk', null),
       ('5b37ff42-c99a-4a6e-83c7-18dc5e056075', 'ac177c20-d26f-483e-ad60-c68a00a491a3', 'CFI', 'nobody-cfi@digital.justice.gov.uk', null),
       ('767f2df1-adb5-46ab-9f6a-5ef1b95499b8', 'ac177c20-d26f-483e-ad60-c68a00a491a3', 'LNI', 'nobody-lni@digital.justice.gov.uk', null),
       ('17283c53-5f31-4748-a172-bef89f2afda3', 'ac177c20-d26f-483e-ad60-c68a00a491a3', 'RNI', 'nobody-rni@digital.justice.gov.uk', null),
       ('50739e11-7c2d-4a60-a214-6042d26bdb33', 'ac177c20-d26f-483e-ad60-c68a00a491a3', 'HCI', 'nobody-hci@digital.justice.gov.uk', null),
       ('1a802b7b-86a0-4f3a-8876-0fa894a67c4a', 'ac177c20-d26f-483e-ad60-c68a00a491a3', 'ONI', 'nobody-oni@digital.justice.gov.uk', null),
       ('596f3581-fba0-40ff-a787-99b1baf44bef', 'ac177c20-d26f-483e-ad60-c68a00a491a3', 'HPI', 'nobody-hpi@digital.justice.gov.uk', null),
       ('c35d2eb5-0fb3-4aca-8b67-8f045c78e401', 'ac177c20-d26f-483e-ad60-c68a00a491a3', 'WTI', 'nobody-wti@digital.justice.gov.uk', null),
       ('119551b5-7712-4453-bb75-e80180fe82e9', 'ac177c20-d26f-483e-ad60-c68a00a491a3', 'FMI', 'nobody-fmi@digital.justice.gov.uk', null),
       ('784d8076-1773-4ddc-9c2c-8531cebc731b', 'ac177c20-d26f-483e-ad60-c68a00a491a3', 'OWI', 'nobody-owi@digital.justice.gov.uk', null),
       ('7e2d4a9f-ed7b-4c79-823f-8e577fa6f330', 'ac177c20-d26f-483e-ad60-c68a00a491a3', 'SPI', 'nobody-spi@digital.justice.gov.uk', null),
       ('67f7a08b-596b-4539-8cc7-b071a357a42d', 'ac177c20-d26f-483e-ad60-c68a00a491a3', 'MHI', 'nobody-mhi@digital.justice.gov.uk', null),
       ('3437bb64-f761-4cb1-8784-d813e35aed4a', 'ac177c20-d26f-483e-ad60-c68a00a491a3', 'FKI', 'nobody-fki@digital.justice.gov.uk', null),
       ('50204b1c-e115-4037-b4e7-730502d72f2e', 'ac177c20-d26f-483e-ad60-c68a00a491a3', 'ASI', 'nobody-asi@digital.justice.gov.uk', null),
       ('1c24d30d-8ece-4bf1-8f8e-d9202f77ab6a', 'ac177c20-d26f-483e-ad60-c68a00a491a3', 'FDI', 'nobody-fdi@digital.justice.gov.uk', null),
       ('0bf9967f-6880-4417-ab5e-74640f3cc444', 'ac177c20-d26f-483e-ad60-c68a00a491a3', 'WRI', 'nobody-wri@digital.justice.gov.uk', null),
       ('36840b5a-9473-494b-9d88-483e06044748', 'ac177c20-d26f-483e-ad60-c68a00a491a3', 'TSI', 'nobody-tsi@digital.justice.gov.uk', null),
       ('c18928e1-d27a-4d3c-8986-e4a9c8a6ed76', 'ac177c20-d26f-483e-ad60-c68a00a491a3', 'FNI', 'nobody-fni@digital.justice.gov.uk', null),
       ('04e7f6c3-e6bd-45f1-8dd6-842a419f308f', 'ac177c20-d26f-483e-ad60-c68a00a491a3', 'HBI', 'nobody-hbi@digital.justice.gov.uk', null),
       ('89074023-26fa-4980-a833-541b5eb41942', 'ac177c20-d26f-483e-ad60-c68a00a491a3', 'FBI', 'nobody-fbi@digital.justice.gov.uk', null),
       ('d6e70ea5-0330-44fe-95af-6614c131f391', 'ac177c20-d26f-483e-ad60-c68a00a491a3', 'ESI', 'nobody-esi@digital.justice.gov.uk', null),
       ('c63bcfdf-72e8-4e05-89e0-131b280831d2', 'ac177c20-d26f-483e-ad60-c68a00a491a3', 'WNI', 'nobody-wni@digital.justice.gov.uk', null),
       ('3e5f80ea-498d-425f-9501-52f50c0e30e3', 'ac177c20-d26f-483e-ad60-c68a00a491a3', 'PVI', 'nobody-pvi@digital.justice.gov.uk', null),
       ('d7545a5e-1fb3-4359-99a9-ed48da8aefcc', 'ac177c20-d26f-483e-ad60-c68a00a491a3', 'BLI', 'nobody-bli@digital.justice.gov.uk', null),
       ('88874d93-4a64-4cfd-a2e4-01c39cef1e9f', 'ac177c20-d26f-483e-ad60-c68a00a491a3', 'WDI', 'nobody-wdi@digital.justice.gov.uk', null),
       ('c5ddc01e-9dab-43ef-80a1-83dda2a132ac', 'ac177c20-d26f-483e-ad60-c68a00a491a3', 'LII', 'nobody-lii@digital.justice.gov.uk', null),
       ('a35b31e8-0024-44c6-8a52-8a164d3c6ce2', 'ac177c20-d26f-483e-ad60-c68a00a491a3', 'GTI', 'nobody-gti@digital.justice.gov.uk', null),
       ('7b221bfb-5b6f-489a-b800-7c2a1053c113', 'ac177c20-d26f-483e-ad60-c68a00a491a3', 'BXI', 'nobody-bxi@digital.justice.gov.uk', null),
       ('09f6fae7-affa-4cf7-8647-9d51cf9f671a', 'ac177c20-d26f-483e-ad60-c68a00a491a3', 'SWI', 'nobody-swi@digital.justice.gov.uk', null),
       ('c3b9f9bc-15df-45cc-b981-a63a6b3990b9', 'ac177c20-d26f-483e-ad60-c68a00a491a3', 'MRI', 'nobody-mri@digital.justice.gov.uk', null),
       ('ead739f4-58a6-4c9b-8114-89ed58664f69', 'ac177c20-d26f-483e-ad60-c68a00a491a3', 'AYI', 'nobody-ayi@digital.justice.gov.uk', null),
       ('2dd99fe5-277e-496a-98b2-7706ed740a5a', 'ac177c20-d26f-483e-ad60-c68a00a491a3', 'BAI', 'nobody-bai@digital.justice.gov.uk', null),
       ('a9e7719e-744f-4433-a31e-e025359587c5', 'ac177c20-d26f-483e-ad60-c68a00a491a3', 'KMI', 'nobody-kmi@digital.justice.gov.uk', null),
       ('c016a4d8-5b1c-4823-8dc1-b7a2c334c05b', 'ac177c20-d26f-483e-ad60-c68a00a491a3', 'BNI', 'nobody-bni@digital.justice.gov.uk', null),
       ('07a1eb7e-c2da-405a-8110-0979ea9aacb7', 'ac177c20-d26f-483e-ad60-c68a00a491a3', 'NLI', 'nobody-nli@digital.justice.gov.uk', null),
       ('ab8e3105-6e66-40e9-bcca-c0ce6766e34c', 'ac177c20-d26f-483e-ad60-c68a00a491a3', 'IWI', 'nobody-iwi@digital.justice.gov.uk', null),
       ('e4a2437b-e5a6-434f-b597-aefb93f0f455', 'ac177c20-d26f-483e-ad60-c68a00a491a3', 'LHI', 'nobody-lhi@digital.justice.gov.uk', null),
       ('75305e69-0231-41aa-9781-3524911f21c1', 'ac177c20-d26f-483e-ad60-c68a00a491a3', 'LGI', 'nobody-lgi@digital.justice.gov.uk', null),
       ('d943e115-7962-4bbc-b7d2-985fb315476a', 'ac177c20-d26f-483e-ad60-c68a00a491a3', 'SHI', 'nobody-shi@digital.justice.gov.uk', null),
       ('aad20195-12ec-44ac-8044-f2a3ddfb6a74', 'ac177c20-d26f-483e-ad60-c68a00a491a3', 'BMI', 'nobody-bmi@digital.justice.gov.uk', null),
       ('db99a85e-783d-4618-a210-ecab72b0bdf4', 'ac177c20-d26f-483e-ad60-c68a00a491a3', 'BWI', 'nobody-bwi@digital.justice.gov.uk', null),
       ('9964f3dc-ac69-41fc-b559-b411e4e48f08', 'ac177c20-d26f-483e-ad60-c68a00a491a3', 'EHI', 'nobody-ehi@digital.justice.gov.uk', null),
       ('86ae076f-d2c9-4958-b5ba-6f029ddb8a65', 'ac177c20-d26f-483e-ad60-c68a00a491a3', 'HOI', 'nobody-hoi@digital.justice.gov.uk', null),
       ('e8bdccf8-ed7d-4383-9503-9dba52bce59c', 'ac177c20-d26f-483e-ad60-c68a00a491a3', 'PNI', 'nobody-pni@digital.justice.gov.uk', null),
       ('48db1a40-c2ac-40f4-8fff-9f2c5efc842b', 'ac177c20-d26f-483e-ad60-c68a00a491a3', 'WLI', 'nobody-wli@digital.justice.gov.uk', null),
       ('d5657c2f-0923-4ab9-aa03-d471855bac3d', 'ac177c20-d26f-483e-ad60-c68a00a491a3', 'MDI', 'nobody-mdi@digital.justice.gov.uk', null),
       ('9fe84991-0466-4ce6-94d1-63388ac187bb', 'ac177c20-d26f-483e-ad60-c68a00a491a3', 'DWI', 'nobody-dwi@digital.justice.gov.uk', null),
       ('4f464b84-a85e-414b-924e-43082474af8e', 'ac177c20-d26f-483e-ad60-c68a00a491a3', 'LEI', 'nobody-lei@digital.justice.gov.uk', null),
       ('7784bc51-b794-4009-a75f-2a47f64645d9', 'ac177c20-d26f-483e-ad60-c68a00a491a3', 'MTI', 'nobody-mti@digital.justice.gov.uk', null),
       ('98626f10-9e3a-4f52-a83f-fa2f070251a2', 'ac177c20-d26f-483e-ad60-c68a00a491a3', 'FYI', 'nobody-fyi@digital.justice.gov.uk', null),
       ('6601d059-2dcf-42a7-9ce1-37ffb5cd8df1', 'ac177c20-d26f-483e-ad60-c68a00a491a3', 'NWI', 'nobody-nwi@digital.justice.gov.uk', null),
       ('057a1338-f34d-4e4f-9ffd-92f8c2ad7411', 'ac177c20-d26f-483e-ad60-c68a00a491a3', 'ACI', 'nobody-aci@digital.justice.gov.uk', null),
       ('e4a96037-f7e2-4eb6-b915-b972d6793b47', 'ac177c20-d26f-483e-ad60-c68a00a491a3', 'LPI', 'nobody-lpi@digital.justice.gov.uk', null),
       ('7aad3d1d-aae9-4044-9c37-e0de125333ad', 'ac177c20-d26f-483e-ad60-c68a00a491a3', 'BZI', 'nobody-bzi@digital.justice.gov.uk', null),
       ('70507c7b-a27c-4b4f-a696-7c46bb7792ee', 'ac177c20-d26f-483e-ad60-c68a00a491a3', 'CKI', 'nobody-cki@digital.justice.gov.uk', null),
       ('18eb3e15-7e73-452e-8969-e2c49d2ba16d', 'ac177c20-d26f-483e-ad60-c68a00a491a3', 'RHI', 'nobody-rhi@digital.justice.gov.uk', null),
       ('07929389-0977-4c4a-8d08-46d5882511f7', 'ac177c20-d26f-483e-ad60-c68a00a491a3', 'DTI', 'nobody-dti@digital.justice.gov.uk', null),
       ('cb432e68-c835-446b-940f-a7e11ee6d122', 'ac177c20-d26f-483e-ad60-c68a00a491a3', 'FWI', 'nobody-fwi@digital.justice.gov.uk', null),
       ('93fa078c-f62e-4d62-95ca-3a3d69044dd5', 'ac177c20-d26f-483e-ad60-c68a00a491a3', 'NMI', 'nobody-nmi@digital.justice.gov.uk', null),
       ('18153050-37e8-4ad4-85fa-8335f985ce91', 'ac177c20-d26f-483e-ad60-c68a00a491a3', 'FSI', 'nobody-fsi@digital.justice.gov.uk', null),
       ('6c51c45c-0210-4ea1-aa8c-eca4c656026c', 'ac177c20-d26f-483e-ad60-c68a00a491a3', 'HVI', 'nobody-hvi@digital.justice.gov.uk', null),
       ('e21a90d1-a304-41b2-baba-839acef9ccb0', 'ac177c20-d26f-483e-ad60-c68a00a491a3', 'BCI', 'nobody-bci@digital.justice.gov.uk', null),
       ('f21fcee5-7f56-4bca-bb8b-f37ee00abeb6', 'ac177c20-d26f-483e-ad60-c68a00a491a3', 'BFI', 'nobody-bfi@digital.justice.gov.uk', null),
       ('9b74a387-829d-4138-b852-c86d5c4ea03c', '9e2c35fe-1af4-4b2d-b2b9-03aaa1b2c05b', 'HMI', 'nobody-hmi@digital.justice.gov.uk', null),
       ('9328e4d4-3b7f-48e4-9e6d-194497697dd8', '9e2c35fe-1af4-4b2d-b2b9-03aaa1b2c05b', 'ASI', 'nobody-asi@digital.justice.gov.uk', null),
       ('ca7b42f9-53d7-4d23-a599-af49b25a2aee', '9e2c35fe-1af4-4b2d-b2b9-03aaa1b2c05b', 'NSI', 'nobody-nsi@digital.justice.gov.uk', null),
       ('6dc0c721-cf30-4ca3-af57-b3265d419669', '9e2c35fe-1af4-4b2d-b2b9-03aaa1b2c05b', 'WEI', 'nobody-wei@digital.justice.gov.uk', null),
       ('9b9f115a-de04-413e-8100-2c5b3831d88a', '9e2c35fe-1af4-4b2d-b2b9-03aaa1b2c05b', 'HHI', 'nobody-hhi@digital.justice.gov.uk', null),
       ('8a667b6d-fdae-4e76-932f-df9403b508b1', '9e2c35fe-1af4-4b2d-b2b9-03aaa1b2c05b', 'SLI', 'nobody-sli@digital.justice.gov.uk', null),
       ('22e21678-6dc7-4b08-a0af-e48b4153e6f4', '9e2c35fe-1af4-4b2d-b2b9-03aaa1b2c05b', 'MDI', 'nobody-mdi@digital.justice.gov.uk', null),
       ('360d8475-d3e9-4fcd-954e-fdd6916b51bc', '9e2c35fe-1af4-4b2d-b2b9-03aaa1b2c05b', 'DTI', 'nobody-dti@digital.justice.gov.uk', null),
       ('ce8a664a-5c43-446a-8b8b-296f92d84a3c', '9e2c35fe-1af4-4b2d-b2b9-03aaa1b2c05b', 'BFI', 'nobody-bfi@digital.justice.gov.uk', null),
       ('05f522f7-d224-487f-83a3-39201120ed6d', '9e2c35fe-1af4-4b2d-b2b9-03aaa1b2c05b', 'WDI', 'nobody-wdi@digital.justice.gov.uk', null),
       ('bd5732fc-e34c-47c8-9c60-f1be55c07eda', '9e2c35fe-1af4-4b2d-b2b9-03aaa1b2c05b', 'CWI', 'nobody-cwi@digital.justice.gov.uk', null),
       ('a434976b-3459-458a-b97e-11f7df4dfb5f', '9e2c35fe-1af4-4b2d-b2b9-03aaa1b2c05b', 'SUI', 'nobody-sui@digital.justice.gov.uk', null),
       ('af653e89-050d-414d-83f3-97da7db8e6c2', '9e2c35fe-1af4-4b2d-b2b9-03aaa1b2c05b', 'IWI', 'nobody-iwi@digital.justice.gov.uk', null),
       ('ff3320b1-7385-441f-ba40-01b5e6333544', '9e2c35fe-1af4-4b2d-b2b9-03aaa1b2c05b', 'BNI', 'nobody-bni@digital.justice.gov.uk', null),
       ('99e0b3a5-2750-448b-a13d-7565f0b6b700', '9e2c35fe-1af4-4b2d-b2b9-03aaa1b2c05b', 'DNI', 'nobody-dni@digital.justice.gov.uk', null),
       ('4676999e-f07d-4946-88b5-4b2b6ffad505', '9e2c35fe-1af4-4b2d-b2b9-03aaa1b2c05b', 'DHI', 'nobody-dhi@digital.justice.gov.uk', null),
       ('614586a4-9b7e-4ac9-a568-e27d13329e1c', '9e2c35fe-1af4-4b2d-b2b9-03aaa1b2c05b', 'PDI', 'nobody-pdi@digital.justice.gov.uk', null),
       ('06a2f21e-e208-4f2e-b9fe-36718aa8c662', '9e2c35fe-1af4-4b2d-b2b9-03aaa1b2c05b', 'TSI', 'nobody-tsi@digital.justice.gov.uk', null),
       ('b92421a9-749a-43db-9106-dae3a09c7320', '9e2c35fe-1af4-4b2d-b2b9-03aaa1b2c05b', 'WSI', 'nobody-wsi@digital.justice.gov.uk', null),
       ('36b5c634-659f-4ea3-a832-35c1cfbb2609', '9e2c35fe-1af4-4b2d-b2b9-03aaa1b2c05b', 'EXI', 'nobody-exi@digital.justice.gov.uk', null),
       ('0506d541-0488-4f6a-8b9a-abdebeeb1ed7', '9e2c35fe-1af4-4b2d-b2b9-03aaa1b2c05b', 'BLI', 'nobody-bli@digital.justice.gov.uk', null),
       ('9da5fefd-ea18-43ab-8233-f1a7fa7f1003', '9e2c35fe-1af4-4b2d-b2b9-03aaa1b2c05b', 'UPI', 'nobody-upi@digital.justice.gov.uk', null),
       ('8bf81eda-331f-4f13-a586-f8202681b314', '9e2c35fe-1af4-4b2d-b2b9-03aaa1b2c05b', 'BCI', 'nobody-bci@digital.justice.gov.uk', null),
       ('550ab91b-3678-4991-91eb-fe35fb22955d', '9e2c35fe-1af4-4b2d-b2b9-03aaa1b2c05b', 'EYI', 'nobody-eyi@digital.justice.gov.uk', null),
       ('5e95cc80-0c67-482c-8154-d4127d3840da', '9e2c35fe-1af4-4b2d-b2b9-03aaa1b2c05b', 'FYI', 'nobody-fyi@digital.justice.gov.uk', null),
       ('2d2c9177-c3aa-4e7a-89d4-a83712464f02', '9e2c35fe-1af4-4b2d-b2b9-03aaa1b2c05b', 'DWI', 'nobody-dwi@digital.justice.gov.uk', null),
       ('938d20c7-fc40-4e3d-ab63-09f9d3b5a5a1', '9e2c35fe-1af4-4b2d-b2b9-03aaa1b2c05b', 'DMI', 'nobody-dmi@digital.justice.gov.uk', null),
       ('9f7789a1-e57f-465f-8a45-36c3a35d16d1', '9e2c35fe-1af4-4b2d-b2b9-03aaa1b2c05b', 'BWI', 'nobody-bwi@digital.justice.gov.uk', null),
       ('82c53f0b-9e6c-4746-b98e-ea992de16a2d', '9e2c35fe-1af4-4b2d-b2b9-03aaa1b2c05b', 'RNI', 'nobody-rni@digital.justice.gov.uk', null),
       ('961e547b-533e-496b-9c14-a08b4052c4a5', '9e2c35fe-1af4-4b2d-b2b9-03aaa1b2c05b', 'AGI', 'nobody-agi@digital.justice.gov.uk', null),
       ('d300d1c0-af93-4deb-a137-2b30af3f25bc', '9e2c35fe-1af4-4b2d-b2b9-03aaa1b2c05b', 'FWI', 'nobody-fwi@digital.justice.gov.uk', null),
       ('48fbfc8d-70e4-420d-87d6-6c9991240454', '9e2c35fe-1af4-4b2d-b2b9-03aaa1b2c05b', 'SFI', 'nobody-sfi@digital.justice.gov.uk', null),
       ('5f08a181-f8d1-4513-9fc9-0ae159fd5d57', '9e2c35fe-1af4-4b2d-b2b9-03aaa1b2c05b', 'HII', 'nobody-hii@digital.justice.gov.uk', null),
       ('3a7f094e-596a-4a36-9ebb-12cb517ff845', '9e2c35fe-1af4-4b2d-b2b9-03aaa1b2c05b', 'MTI', 'nobody-mti@digital.justice.gov.uk', null),
       ('9b0b030b-8dc8-4f59-b7f5-606f11ce5c24', '9e2c35fe-1af4-4b2d-b2b9-03aaa1b2c05b', 'WMI', 'nobody-wmi@digital.justice.gov.uk', null),
       ('d3fd312f-8e20-49c2-95ba-742c71fbbb6b', '9e2c35fe-1af4-4b2d-b2b9-03aaa1b2c05b', 'BZI', 'nobody-bzi@digital.justice.gov.uk', null),
       ('43731c1d-73ba-4c81-ba86-69ceb6ace4f4', '9e2c35fe-1af4-4b2d-b2b9-03aaa1b2c05b', 'BRI', 'nobody-bri@digital.justice.gov.uk', null),
       ('0618ca75-6376-4f63-90ac-afb5b16f57d1', '9e2c35fe-1af4-4b2d-b2b9-03aaa1b2c05b', 'ESI', 'nobody-esi@digital.justice.gov.uk', null),
       ('5b897a95-e2b8-429b-8ef2-4a540d17d5a3', '9e2c35fe-1af4-4b2d-b2b9-03aaa1b2c05b', 'BMI', 'nobody-bmi@digital.justice.gov.uk', null),
       ('c36d61f7-3462-4da8-bb40-17388f75878f', '9e2c35fe-1af4-4b2d-b2b9-03aaa1b2c05b', 'PFI', 'nobody-pfi@digital.justice.gov.uk', null),
       ('2dcc0d3d-fb67-4adc-95e1-153b0c548374', '9e2c35fe-1af4-4b2d-b2b9-03aaa1b2c05b', 'FNI', 'nobody-fni@digital.justice.gov.uk', null),
       ('ff85394f-f67f-4138-8f27-99387848510b', '9e2c35fe-1af4-4b2d-b2b9-03aaa1b2c05b', 'WYI', 'nobody-wyi@digital.justice.gov.uk', null),
       ('dcbaa663-d7d7-4b9a-9740-9646151a1401', '9e2c35fe-1af4-4b2d-b2b9-03aaa1b2c05b', 'PYI', 'nobody-pyi@digital.justice.gov.uk', null),
       ('7e0d8c35-9449-4830-867f-687a8c6c87eb', '9e2c35fe-1af4-4b2d-b2b9-03aaa1b2c05b', 'LPI', 'nobody-lpi@digital.justice.gov.uk', null),
       ('92f687d6-b09a-4889-90ad-a1b8de5ea3db', '9e2c35fe-1af4-4b2d-b2b9-03aaa1b2c05b', 'LHI', 'nobody-lhi@digital.justice.gov.uk', null),
       ('961a6e37-3bca-4490-a28d-6ad8cc79a385', '9e2c35fe-1af4-4b2d-b2b9-03aaa1b2c05b', 'ISI', 'nobody-isi@digital.justice.gov.uk', null),
       ('95acf17a-5337-4c6c-83d1-4074d1afbb61', '9e2c35fe-1af4-4b2d-b2b9-03aaa1b2c05b', 'PVI', 'nobody-pvi@digital.justice.gov.uk', null),
       ('d47eba63-f230-4dc2-835e-a08e78fb6dd9', '9e2c35fe-1af4-4b2d-b2b9-03aaa1b2c05b', 'HOI', 'nobody-hoi@digital.justice.gov.uk', null),
       ('164d74f9-dbc3-4a73-8946-b8f4f79fd2d7', '9e2c35fe-1af4-4b2d-b2b9-03aaa1b2c05b', 'FMI', 'nobody-fmi@digital.justice.gov.uk', null),
       ('f1a23369-65c1-4d0f-aeb4-cf3749cb058a', '9e2c35fe-1af4-4b2d-b2b9-03aaa1b2c05b', 'NMI', 'nobody-nmi@digital.justice.gov.uk', null),
       ('c91b1e71-bde4-4a35-a4ad-94aff5e9f1c1', '9e2c35fe-1af4-4b2d-b2b9-03aaa1b2c05b', 'HVI', 'nobody-hvi@digital.justice.gov.uk', null),
       ('e29a4631-5da4-4136-870e-2bfc76ecd849', '9e2c35fe-1af4-4b2d-b2b9-03aaa1b2c05b', 'BAI', 'nobody-bai@digital.justice.gov.uk', null),
       ('c6649042-32f4-4785-a861-aad3a3df61cb', '9e2c35fe-1af4-4b2d-b2b9-03aaa1b2c05b', 'FDI', 'nobody-fdi@digital.justice.gov.uk', null),
       ('3974b50a-bbb1-404d-88f9-467cb1dbcda8', '9e2c35fe-1af4-4b2d-b2b9-03aaa1b2c05b', 'DGI', 'nobody-dgi@digital.justice.gov.uk', null),
       ('ff730a6c-5272-4d5e-b907-0d2b5e14436b', '9e2c35fe-1af4-4b2d-b2b9-03aaa1b2c05b', 'WHI', 'nobody-whi@digital.justice.gov.uk', null),
       ('d3788f1e-3bd7-486c-a290-2f7d3eeba517', '9e2c35fe-1af4-4b2d-b2b9-03aaa1b2c05b', 'HEI', 'nobody-hei@digital.justice.gov.uk', null),
       ('cd486117-744d-4c15-b039-fe87f5e3c686', '9e2c35fe-1af4-4b2d-b2b9-03aaa1b2c05b', 'SHI', 'nobody-shi@digital.justice.gov.uk', null),
       ('43d02663-730c-4601-b09c-6f2f747aeb4f', '9e2c35fe-1af4-4b2d-b2b9-03aaa1b2c05b', 'FHI', 'nobody-fhi@digital.justice.gov.uk', null),
       ('484cd5ab-f270-40f7-9114-c4f15748aac1', '9e2c35fe-1af4-4b2d-b2b9-03aaa1b2c05b', 'ACI', 'nobody-aci@digital.justice.gov.uk', null),
       ('accf064c-d190-4e47-97be-446458cb3645', '9e2c35fe-1af4-4b2d-b2b9-03aaa1b2c05b', 'SWI', 'nobody-swi@digital.justice.gov.uk', null),
       ('f260f29b-dd77-4780-a328-8d72791c76d8', '9e2c35fe-1af4-4b2d-b2b9-03aaa1b2c05b', 'WTI', 'nobody-wti@digital.justice.gov.uk', null),
       ('f0f04ec8-52e9-4d5c-8aee-feda924df949', '9e2c35fe-1af4-4b2d-b2b9-03aaa1b2c05b', 'WII', 'nobody-wii@digital.justice.gov.uk', null),
       ('850743c9-8bd4-4310-9394-b3424bb78456', '9e2c35fe-1af4-4b2d-b2b9-03aaa1b2c05b', 'GNI', 'nobody-gni@digital.justice.gov.uk', null),
       ('d355dc8e-6246-4d54-9080-a9667e874de2', '9e2c35fe-1af4-4b2d-b2b9-03aaa1b2c05b', 'WWI', 'nobody-wwi@digital.justice.gov.uk', null),
       ('41706f9a-eaee-46c4-ac7b-a9a762d959da', '9e2c35fe-1af4-4b2d-b2b9-03aaa1b2c05b', 'STI', 'nobody-sti@digital.justice.gov.uk', null),
       ('48d69481-7c6e-462f-9093-39e243d34ac7', '9e2c35fe-1af4-4b2d-b2b9-03aaa1b2c05b', 'WNI', 'nobody-wni@digital.justice.gov.uk', null),
       ('cf59ee62-49cc-4ba6-976e-c62606712371', '9e2c35fe-1af4-4b2d-b2b9-03aaa1b2c05b', 'RHI', 'nobody-rhi@digital.justice.gov.uk', null),
       ('405abfec-dd88-48cc-a5b8-528e29b1a375', '9e2c35fe-1af4-4b2d-b2b9-03aaa1b2c05b', 'WCI', 'nobody-wci@digital.justice.gov.uk', null),
       ('bcb3047e-6d75-4156-abc1-0dae0a6e5571', '9e2c35fe-1af4-4b2d-b2b9-03aaa1b2c05b', 'SDI', 'nobody-sdi@digital.justice.gov.uk', null),
       ('4fc18e97-dac6-46bf-a81e-e1b43c82fad4', '9e2c35fe-1af4-4b2d-b2b9-03aaa1b2c05b', 'EWI', 'nobody-ewi@digital.justice.gov.uk', null),
       ('0e049e47-5401-473e-be1d-25d4c64df2fb', '9e2c35fe-1af4-4b2d-b2b9-03aaa1b2c05b', 'GHI', 'nobody-ghi@digital.justice.gov.uk', null),
       ('3113028b-81d3-4802-9e72-a3fc03a32a7f', '9e2c35fe-1af4-4b2d-b2b9-03aaa1b2c05b', 'ONI', 'nobody-oni@digital.justice.gov.uk', null),
       ('fcc3ffdc-543b-4166-999c-ba4a21530ed4', '9e2c35fe-1af4-4b2d-b2b9-03aaa1b2c05b', 'GTI', 'nobody-gti@digital.justice.gov.uk', null),
       ('c7c6b46b-b763-4e8f-8fe9-49c5a209ec12', '9e2c35fe-1af4-4b2d-b2b9-03aaa1b2c05b', 'BSI', 'nobody-bsi@digital.justice.gov.uk', null),
       ('f3891826-c2af-42d8-9620-14e12c8fe634', '9e2c35fe-1af4-4b2d-b2b9-03aaa1b2c05b', 'NWI', 'nobody-nwi@digital.justice.gov.uk', null),
       ('b8d187d2-0fca-4c2c-b96b-e6add248f775', '9e2c35fe-1af4-4b2d-b2b9-03aaa1b2c05b', 'SNI', 'nobody-sni@digital.justice.gov.uk', null),
       ('2f1a73fb-1130-4b77-9f64-464ba31ebdd4', '9e2c35fe-1af4-4b2d-b2b9-03aaa1b2c05b', 'KVI', 'nobody-kvi@digital.justice.gov.uk', null),
       ('2fe014e8-dfc4-48c7-803a-5a98305063af', '9e2c35fe-1af4-4b2d-b2b9-03aaa1b2c05b', 'DAI', 'nobody-dai@digital.justice.gov.uk', null),
       ('d354e87b-e637-43a7-ab18-1e8639f778fb', '9e2c35fe-1af4-4b2d-b2b9-03aaa1b2c05b', 'WLI', 'nobody-wli@digital.justice.gov.uk', null),
       ('86c74f6f-6b99-4e91-bb98-449355ea45d6', '9e2c35fe-1af4-4b2d-b2b9-03aaa1b2c05b', 'FKI', 'nobody-fki@digital.justice.gov.uk', null),
       ('9b8cfb82-6159-4eed-9df2-eeae6b46e751', '9e2c35fe-1af4-4b2d-b2b9-03aaa1b2c05b', 'OWI', 'nobody-owi@digital.justice.gov.uk', null),
       ('56257095-5103-4f06-8133-8acc79692891', '9e2c35fe-1af4-4b2d-b2b9-03aaa1b2c05b', 'CDI', 'nobody-cdi@digital.justice.gov.uk', null),
       ('728ea19d-176d-474e-83d2-4811a890723f', '9e2c35fe-1af4-4b2d-b2b9-03aaa1b2c05b', 'LYI', 'nobody-lyi@digital.justice.gov.uk', null),
       ('90f32923-c1c4-455c-853b-e9124bfb61c6', '9e2c35fe-1af4-4b2d-b2b9-03aaa1b2c05b', 'LWI', 'nobody-lwi@digital.justice.gov.uk', null),
       ('c57dcc8e-92bc-4308-8810-b06c89bafb12', '9e2c35fe-1af4-4b2d-b2b9-03aaa1b2c05b', 'NLI', 'nobody-nli@digital.justice.gov.uk', null),
       ('ecb36a18-da8b-495e-bb65-449ec62e9acb', '9e2c35fe-1af4-4b2d-b2b9-03aaa1b2c05b', 'LTI', 'nobody-lti@digital.justice.gov.uk', null),
       ('fc6b55b5-8c52-44d6-9c12-c8eab1f22d47', '9e2c35fe-1af4-4b2d-b2b9-03aaa1b2c05b', 'GMI', 'nobody-gmi@digital.justice.gov.uk', null),
       ('8b5ef429-c2c3-47f7-8b6f-13b4bb7c8532', 'beaf6d0f-ab1f-4989-8b39-db52016e4e9a', 'DTI', 'nobody-dti@digital.justice.gov.uk', null),
       ('11eb2973-7822-4a95-a7b5-93166178ae6d', 'beaf6d0f-ab1f-4989-8b39-db52016e4e9a', 'WCI', 'nobody-wci@digital.justice.gov.uk', null),
       ('3acb6d01-4d2a-4dbd-9e3c-f31637687b23', 'beaf6d0f-ab1f-4989-8b39-db52016e4e9a', 'EYI', 'nobody-eyi@digital.justice.gov.uk', null),
       ('3c274ba3-5a82-4d1a-8391-d5ceedd74a2c', 'beaf6d0f-ab1f-4989-8b39-db52016e4e9a', 'PNI', 'nobody-pni@digital.justice.gov.uk', null),
       ('03920139-c88c-4d90-918c-c73f2d745673', 'beaf6d0f-ab1f-4989-8b39-db52016e4e9a', 'EHI', 'nobody-ehi@digital.justice.gov.uk', null),
       ('3c6c2a49-3428-4450-85ca-06ce74c4e95f', 'beaf6d0f-ab1f-4989-8b39-db52016e4e9a', 'WWI', 'nobody-wwi@digital.justice.gov.uk', null),
       ('0eefb2bb-3318-495f-9ac9-2b9544d7063e', 'beaf6d0f-ab1f-4989-8b39-db52016e4e9a', 'SPI', 'nobody-spi@digital.justice.gov.uk', null),
       ('ad0d95f4-90d2-4eee-9384-ca31fee6e60a', 'beaf6d0f-ab1f-4989-8b39-db52016e4e9a', 'HEI', 'nobody-hei@digital.justice.gov.uk', null),
       ('11e7ab4c-b411-4692-86fd-46ff9f01e239', 'beaf6d0f-ab1f-4989-8b39-db52016e4e9a', 'BFI', 'nobody-bfi@digital.justice.gov.uk', null),
       ('8c10553d-0bc5-4a08-a85a-c1826e6f1e12', 'beaf6d0f-ab1f-4989-8b39-db52016e4e9a', 'LNI', 'nobody-lni@digital.justice.gov.uk', null),
       ('95ce0952-5625-4b41-9700-b8bac723480f', 'beaf6d0f-ab1f-4989-8b39-db52016e4e9a', 'LFI', 'nobody-lfi@digital.justice.gov.uk', null),
       ('4f0e7027-76e0-44a5-84a4-4341acc7b317', 'beaf6d0f-ab1f-4989-8b39-db52016e4e9a', 'HHI', 'nobody-hhi@digital.justice.gov.uk', null),
       ('b4d7377f-c4a8-454d-8400-7dd0e2e9646a', 'beaf6d0f-ab1f-4989-8b39-db52016e4e9a', 'HII', 'nobody-hii@digital.justice.gov.uk', null),
       ('4b217958-1acd-4b62-b9ce-939a74c54c60', 'beaf6d0f-ab1f-4989-8b39-db52016e4e9a', 'CKI', 'nobody-cki@digital.justice.gov.uk', null),
       ('3687d627-2a38-482c-983e-2695e49f742f', 'beaf6d0f-ab1f-4989-8b39-db52016e4e9a', 'DMI', 'nobody-dmi@digital.justice.gov.uk', null),
       ('81df2cdf-f4db-44ed-915e-13d89cac9ec3', 'beaf6d0f-ab1f-4989-8b39-db52016e4e9a', 'EWI', 'nobody-ewi@digital.justice.gov.uk', null),
       ('339d3e21-b9c1-4fc9-ab5f-e32f77e01376', 'beaf6d0f-ab1f-4989-8b39-db52016e4e9a', 'SFI', 'nobody-sfi@digital.justice.gov.uk', null),
       ('df72e587-0efa-485f-ad71-ddfab3ecabbd', 'beaf6d0f-ab1f-4989-8b39-db52016e4e9a', 'LWI', 'nobody-lwi@digital.justice.gov.uk', null),
       ('2ae2b9b5-fb20-47ab-a717-9dbf66b98e79', 'beaf6d0f-ab1f-4989-8b39-db52016e4e9a', 'LCI', 'nobody-lci@digital.justice.gov.uk', null),
       ('c769b8ab-dc56-48b6-8a4f-139be1da3773', 'beaf6d0f-ab1f-4989-8b39-db52016e4e9a', 'WEI', 'nobody-wei@digital.justice.gov.uk', null),
       ('366e873d-4404-4ec0-abdd-5f375d91672e', 'beaf6d0f-ab1f-4989-8b39-db52016e4e9a', 'RCI', 'nobody-rci@digital.justice.gov.uk', null),
       ('4629ddae-5918-46b1-a449-58039492bcd6', 'beaf6d0f-ab1f-4989-8b39-db52016e4e9a', 'FNI', 'nobody-fni@digital.justice.gov.uk', null),
       ('27174ac5-b09e-430a-8342-4d92c38e3e54', 'beaf6d0f-ab1f-4989-8b39-db52016e4e9a', 'FDI', 'nobody-fdi@digital.justice.gov.uk', null),
       ('bbaa6712-e7f8-42da-90f9-55c438b1a8ce', 'beaf6d0f-ab1f-4989-8b39-db52016e4e9a', 'DGI', 'nobody-dgi@digital.justice.gov.uk', null),
       ('749a3ef6-6dba-4a6c-a9d9-23ce642728fd', 'beaf6d0f-ab1f-4989-8b39-db52016e4e9a', 'LLI', 'nobody-lli@digital.justice.gov.uk', null),
       ('9a674b7e-9347-4f02-84a5-a0271ba8f1c8', 'beaf6d0f-ab1f-4989-8b39-db52016e4e9a', 'MHI', 'nobody-mhi@digital.justice.gov.uk', null),
       ('3154c67c-c5e7-4c0a-9428-4752f3289359', 'beaf6d0f-ab1f-4989-8b39-db52016e4e9a', 'WLI', 'nobody-wli@digital.justice.gov.uk', null),
       ('05b34d86-33f3-467d-acb7-b31343ef1696', 'beaf6d0f-ab1f-4989-8b39-db52016e4e9a', 'LII', 'nobody-lii@digital.justice.gov.uk', null),
       ('757b1af8-c4e7-475b-8376-cb749ee669f1', 'beaf6d0f-ab1f-4989-8b39-db52016e4e9a', 'RNI', 'nobody-rni@digital.justice.gov.uk', null),
       ('4614b35d-28e7-413c-bddc-54a8f3cbec09', 'beaf6d0f-ab1f-4989-8b39-db52016e4e9a', 'KMI', 'nobody-kmi@digital.justice.gov.uk', null),
       ('076b81d1-8a0e-4c75-9ec4-976e33b2c540', 'beaf6d0f-ab1f-4989-8b39-db52016e4e9a', 'HDI', 'nobody-hdi@digital.justice.gov.uk', null),
       ('e3e12c0d-5395-48bb-ab63-7b86c34124ef', 'beaf6d0f-ab1f-4989-8b39-db52016e4e9a', 'WII', 'nobody-wii@digital.justice.gov.uk', null),
       ('c28df1c7-9ec0-4c27-8832-7bceb03278ee', 'beaf6d0f-ab1f-4989-8b39-db52016e4e9a', 'PVI', 'nobody-pvi@digital.justice.gov.uk', null),
       ('f1fa71e3-0faf-4a25-ab82-fc4bafab737f', 'beaf6d0f-ab1f-4989-8b39-db52016e4e9a', 'PBI', 'nobody-pbi@digital.justice.gov.uk', null),
       ('cd2cedfb-6343-4531-a1dd-7b0d2d38a36a', 'beaf6d0f-ab1f-4989-8b39-db52016e4e9a', 'BRI', 'nobody-bri@digital.justice.gov.uk', null),
       ('cdec02eb-c762-4bf1-810d-147d7f59cacd', 'beaf6d0f-ab1f-4989-8b39-db52016e4e9a', 'LTI', 'nobody-lti@digital.justice.gov.uk', null),
       ('c56fb6f6-5a9f-41f2-9b48-489440f01ce7', 'beaf6d0f-ab1f-4989-8b39-db52016e4e9a', 'FWI', 'nobody-fwi@digital.justice.gov.uk', null),
       ('0e66896c-4920-44d3-810f-5116081584e3', 'beaf6d0f-ab1f-4989-8b39-db52016e4e9a', 'EXI', 'nobody-exi@digital.justice.gov.uk', null),
       ('c0af4da8-73bc-429e-adc4-6638b58a9032', 'beaf6d0f-ab1f-4989-8b39-db52016e4e9a', 'EEI', 'nobody-eei@digital.justice.gov.uk', null),
       ('26a53f6c-6f0c-473e-a4ce-db7a2d70e230', 'beaf6d0f-ab1f-4989-8b39-db52016e4e9a', 'UKI', 'nobody-uki@digital.justice.gov.uk', null),
       ('b5316eb2-265b-45ac-8bf6-c65b925a4c08', 'beaf6d0f-ab1f-4989-8b39-db52016e4e9a', 'DNI', 'nobody-dni@digital.justice.gov.uk', null),
       ('aa353898-ce10-439f-a59b-9b2eeef746a7', 'beaf6d0f-ab1f-4989-8b39-db52016e4e9a', 'PYI', 'nobody-pyi@digital.justice.gov.uk', null),
       ('7e5fad7e-7480-4718-927f-ab812fd3b8ba', 'beaf6d0f-ab1f-4989-8b39-db52016e4e9a', 'GTI', 'nobody-gti@digital.justice.gov.uk', null),
       ('8b2ae3fe-b40f-474c-b4ec-c2c4d884a931', 'beaf6d0f-ab1f-4989-8b39-db52016e4e9a', 'CDI', 'nobody-cdi@digital.justice.gov.uk', null),
       ('2fe74854-aa5b-4f9b-a2a9-c961d0b26a7b', 'beaf6d0f-ab1f-4989-8b39-db52016e4e9a', 'WHI', 'nobody-whi@digital.justice.gov.uk', null),
       ('e5dbcb1f-55f9-4bb7-a1b1-9b4dec3aec00', 'beaf6d0f-ab1f-4989-8b39-db52016e4e9a', 'WNI', 'nobody-wni@digital.justice.gov.uk', null),
       ('532c5183-ea45-4a0a-9162-25b407727f16', 'beaf6d0f-ab1f-4989-8b39-db52016e4e9a', 'NLI', 'nobody-nli@digital.justice.gov.uk', null),
       ('3b8a4fc5-bea5-4e31-8112-bcdf4281846f', 'beaf6d0f-ab1f-4989-8b39-db52016e4e9a', 'LHI', 'nobody-lhi@digital.justice.gov.uk', null),
       ('6bf76f7c-f2bd-48a6-8ac0-6d795f9ba432', 'beaf6d0f-ab1f-4989-8b39-db52016e4e9a', 'PRI', 'nobody-pri@digital.justice.gov.uk', null),
       ('1ac1db92-fac4-4945-a28e-c3d0e29733e4', 'beaf6d0f-ab1f-4989-8b39-db52016e4e9a', 'ASI', 'nobody-asi@digital.justice.gov.uk', null),
       ('fe188585-a815-4bef-89e0-3cf57d36390b', 'beaf6d0f-ab1f-4989-8b39-db52016e4e9a', 'FBI', 'nobody-fbi@digital.justice.gov.uk', null),
       ('044b9596-0919-4ef6-837b-13e45a614c0e', 'b7182e58-6c45-4723-88b3-2943833b4297', 'TSI', 'nobody-tsi@digital.justice.gov.uk', null),
       ('cd790ec2-3cc0-4b99-a1a5-3cf02215a14c', 'b7182e58-6c45-4723-88b3-2943833b4297', 'HVI', 'nobody-hvi@digital.justice.gov.uk', null),
       ('52c35fd8-136a-4410-811c-f95c3aeaf562', 'b7182e58-6c45-4723-88b3-2943833b4297', 'NMI', 'nobody-nmi@digital.justice.gov.uk', null),
       ('251b22b2-757f-4a94-af61-793daa70bc4d', 'b7182e58-6c45-4723-88b3-2943833b4297', 'CLI', 'nobody-cli@digital.justice.gov.uk', null),
       ('a8b2933a-ae66-4ff6-9514-c7ced9e9d38b', 'b7182e58-6c45-4723-88b3-2943833b4297', 'CKI', 'nobody-cki@digital.justice.gov.uk', null),
       ('94b2f235-2405-4e0c-b671-f6dc3f70bb95', 'b7182e58-6c45-4723-88b3-2943833b4297', 'LLI', 'nobody-lli@digital.justice.gov.uk', null),
       ('1207365c-e1d1-4b33-86cf-3471adb80a22', 'b7182e58-6c45-4723-88b3-2943833b4297', 'PNI', 'nobody-pni@digital.justice.gov.uk', null),
       ('beefb95c-065f-4b92-9d44-ef1392218179', 'b7182e58-6c45-4723-88b3-2943833b4297', 'WTI', 'nobody-wti@digital.justice.gov.uk', null),
       ('a49a5e1f-d548-4fff-b5be-9d0dda3cdd7d', 'b7182e58-6c45-4723-88b3-2943833b4297', 'PBI', 'nobody-pbi@digital.justice.gov.uk', null),
       ('0528da54-566b-4901-953c-92ddad5f2093', 'b7182e58-6c45-4723-88b3-2943833b4297', 'PVI', 'nobody-pvi@digital.justice.gov.uk', null),
       ('a67df0fe-f12d-4e57-96a0-f7e203f355c1', 'b7182e58-6c45-4723-88b3-2943833b4297', 'ONI', 'nobody-oni@digital.justice.gov.uk', null),
       ('baa7b694-d90d-4af9-95c9-85bfb0fca4d9', 'b7182e58-6c45-4723-88b3-2943833b4297', 'BAI', 'nobody-bai@digital.justice.gov.uk', null),
       ('1e4c26bc-eda0-45fb-806d-ad77c82b1447', 'b7182e58-6c45-4723-88b3-2943833b4297', 'NHI', 'nobody-nhi@digital.justice.gov.uk', null),
       ('1ed6a5e4-2a13-48ef-947c-fda14205ef88', 'b7182e58-6c45-4723-88b3-2943833b4297', 'WWI', 'nobody-wwi@digital.justice.gov.uk', null),
       ('7b920282-f137-4e47-abee-be17b57cd8ba', 'b7182e58-6c45-4723-88b3-2943833b4297', 'SDI', 'nobody-sdi@digital.justice.gov.uk', null),
       ('1e443ed4-2565-4e50-b1de-7b7ec6065bd4', 'b7182e58-6c45-4723-88b3-2943833b4297', 'BFI', 'nobody-bfi@digital.justice.gov.uk', null),
       ('87b9733b-8400-4d7a-9596-31d2d26d99fd', 'b7182e58-6c45-4723-88b3-2943833b4297', 'BXI', 'nobody-bxi@digital.justice.gov.uk', null),
       ('0ba10979-c13b-45b0-9be5-ece82cd90465', 'b7182e58-6c45-4723-88b3-2943833b4297', 'WDI', 'nobody-wdi@digital.justice.gov.uk', null),
       ('c114629b-6013-4a30-8db0-b6e29f33d3c9', 'b7182e58-6c45-4723-88b3-2943833b4297', 'LFI', 'nobody-lfi@digital.justice.gov.uk', null),
       ('98e49033-6e3c-4a6a-9e29-e6ec215c5b6a', 'b7182e58-6c45-4723-88b3-2943833b4297', 'HHI', 'nobody-hhi@digital.justice.gov.uk', null),
       ('62faacbe-45c5-4506-be45-65cd29187963', 'b7182e58-6c45-4723-88b3-2943833b4297', 'SHI', 'nobody-shi@digital.justice.gov.uk', null),
       ('3db53907-8e8a-4375-81f3-c16bf3c33274', 'b7182e58-6c45-4723-88b3-2943833b4297', 'ESI', 'nobody-esi@digital.justice.gov.uk', null),
       ('7e7e0af5-258f-46f8-ad1b-15c3be41c0a4', 'b7182e58-6c45-4723-88b3-2943833b4297', 'BWI', 'nobody-bwi@digital.justice.gov.uk', null),
       ('29eeed07-a2af-48bf-80b8-b0b697bbab64', 'b7182e58-6c45-4723-88b3-2943833b4297', 'LTI', 'nobody-lti@digital.justice.gov.uk', null),
       ('5f0fe9ae-efb3-4da7-a67e-8c2f57aa2205', 'b7182e58-6c45-4723-88b3-2943833b4297', 'LEI', 'nobody-lei@digital.justice.gov.uk', null),
       ('d5d803d1-b438-4ae9-9536-78fb6eb4d483', 'b7182e58-6c45-4723-88b3-2943833b4297', 'HLI', 'nobody-hli@digital.justice.gov.uk', null),
       ('583229b0-58a0-4370-9818-31d89daa8909', 'b7182e58-6c45-4723-88b3-2943833b4297', 'SKI', 'nobody-ski@digital.justice.gov.uk', null),
       ('d3dac520-1d52-4f4a-8357-5b07a438efc4', 'b7182e58-6c45-4723-88b3-2943833b4297', 'DMI', 'nobody-dmi@digital.justice.gov.uk', null),
       ('f46ceba5-d484-4d1a-8776-24d6f10763e1', 'b7182e58-6c45-4723-88b3-2943833b4297', 'MRI', 'nobody-mri@digital.justice.gov.uk', null),
       ('6ce56195-2625-4c4a-806b-5cb632b958d9', 'b7182e58-6c45-4723-88b3-2943833b4297', 'GNI', 'nobody-gni@digital.justice.gov.uk', null),
       ('37f3c192-8528-4694-84cd-99bed3f67c93', 'b7182e58-6c45-4723-88b3-2943833b4297', 'BZI', 'nobody-bzi@digital.justice.gov.uk', null),
       ('930d1292-7c7b-4068-ad73-89e65b2d6a42', 'b7182e58-6c45-4723-88b3-2943833b4297', 'RNI', 'nobody-rni@digital.justice.gov.uk', null),
       ('0cfcc6b9-e9eb-431d-8a0c-08d37482ce15', 'b7182e58-6c45-4723-88b3-2943833b4297', 'ASI', 'nobody-asi@digital.justice.gov.uk', null),
       ('bb779b99-78a9-4b79-a7a9-6299339937e8', 'b7182e58-6c45-4723-88b3-2943833b4297', 'AGI', 'nobody-agi@digital.justice.gov.uk', null),
       ('407491b0-f7a7-42bc-bfe2-dcaca013f184', 'b7182e58-6c45-4723-88b3-2943833b4297', 'IWI', 'nobody-iwi@digital.justice.gov.uk', null),
       ('61e4eeb2-88b2-4a04-9380-ac4a5ba45383', 'b7182e58-6c45-4723-88b3-2943833b4297', 'GHI', 'nobody-ghi@digital.justice.gov.uk', null),
       ('0e1eec63-fd52-4e2d-92d8-73acad396b8d', 'b7182e58-6c45-4723-88b3-2943833b4297', 'MTI', 'nobody-mti@digital.justice.gov.uk', null),
       ('e6de84bc-e2a2-4cac-b57d-0c9ad6d7ab22', 'b7182e58-6c45-4723-88b3-2943833b4297', 'FYI', 'nobody-fyi@digital.justice.gov.uk', null),
       ('4b321495-a1b7-4876-b53e-4dbe3118d211', 'b7182e58-6c45-4723-88b3-2943833b4297', 'HII', 'nobody-hii@digital.justice.gov.uk', null),
       ('3aa46074-df7f-4f9b-8a9a-d0978f49c82c', 'b7182e58-6c45-4723-88b3-2943833b4297', 'SLI', 'nobody-sli@digital.justice.gov.uk', null),
       ('7f93f952-bf4e-4082-adc1-fc5fe2a9b88f', 'b7182e58-6c45-4723-88b3-2943833b4297', 'OWI', 'nobody-owi@digital.justice.gov.uk', null),
       ('9e8f6263-2267-4c11-b66e-590f80d9a712', 'b7182e58-6c45-4723-88b3-2943833b4297', 'MSI', 'nobody-msi@digital.justice.gov.uk', null),
       ('0840a896-1208-4409-a962-8203fb8aad13', 'b7182e58-6c45-4723-88b3-2943833b4297', 'EXI', 'nobody-exi@digital.justice.gov.uk', null),
       ('0c4e4622-319b-440c-9e14-8fdc7d9d7f65', 'b7182e58-6c45-4723-88b3-2943833b4297', 'HOI', 'nobody-hoi@digital.justice.gov.uk', null),
       ('224e1ca9-d4ae-4bcb-8683-0ecb3b040ca2', 'b7182e58-6c45-4723-88b3-2943833b4297', 'RHI', 'nobody-rhi@digital.justice.gov.uk', null),
       ('e6afc395-b079-45d8-a43d-a46216f6874f', 'b7182e58-6c45-4723-88b3-2943833b4297', 'GTI', 'nobody-gti@digital.justice.gov.uk', null),
       ('b431ffe0-2ca9-49ef-946e-765f32321603', 'b7182e58-6c45-4723-88b3-2943833b4297', 'BNI', 'nobody-bni@digital.justice.gov.uk', null),
       ('dae8e490-4bcf-45a1-82c5-47d6d6a73d61', 'b7182e58-6c45-4723-88b3-2943833b4297', 'DWI', 'nobody-dwi@digital.justice.gov.uk', null),
       ('83046cea-c9f7-4f0d-8378-1da22295bf47', 'b7182e58-6c45-4723-88b3-2943833b4297', 'GMI', 'nobody-gmi@digital.justice.gov.uk', null),
       ('a01cb74d-5bf8-4c45-963c-4240727bb682', 'b7182e58-6c45-4723-88b3-2943833b4297', 'FNI', 'nobody-fni@digital.justice.gov.uk', null),
       ('13187f98-064b-40f8-a658-d9942028a593', 'b7182e58-6c45-4723-88b3-2943833b4297', 'FDI', 'nobody-fdi@digital.justice.gov.uk', null),
       ('106bdd78-a090-40d5-b6a1-c57c01ca42c3', 'b7182e58-6c45-4723-88b3-2943833b4297', 'MDI', 'nobody-mdi@digital.justice.gov.uk', null),
       ('945ce00d-fa52-498e-a329-1a854c9a741d', 'b7182e58-6c45-4723-88b3-2943833b4297', 'FWI', 'nobody-fwi@digital.justice.gov.uk', null),
       ('3f735489-4973-4b61-a466-70f4fd139313', 'b7182e58-6c45-4723-88b3-2943833b4297', 'BMI', 'nobody-bmi@digital.justice.gov.uk', null),
       ('45255d2b-5294-4040-8040-3916b167cfc3', 'b7182e58-6c45-4723-88b3-2943833b4297', 'WRI', 'nobody-wri@digital.justice.gov.uk', null),
       ('49e245cb-1209-4515-8bf1-b4283299a4b6', 'b7182e58-6c45-4723-88b3-2943833b4297', 'SPI', 'nobody-spi@digital.justice.gov.uk', null),
       ('97182a20-0f7a-4bbe-bfa1-0fe2ea54250f', 'b7182e58-6c45-4723-88b3-2943833b4297', 'NSI', 'nobody-nsi@digital.justice.gov.uk', null),
       ('9d898097-8c6a-4d8d-b1f0-ee55633c985a', 'b7182e58-6c45-4723-88b3-2943833b4297', 'MHI', 'nobody-mhi@digital.justice.gov.uk', null),
       ('3b420125-ed8a-44e2-8f22-c68d2593636b', 'b7182e58-6c45-4723-88b3-2943833b4297', 'WHI', 'nobody-whi@digital.justice.gov.uk', null),
       ('b20dfc0b-766c-4263-bd18-af9e9e548318', 'b7182e58-6c45-4723-88b3-2943833b4297', 'HMI', 'nobody-hmi@digital.justice.gov.uk', null),
       ('7fed0abd-a2a6-4288-9da6-7ecbff8e3364', 'b7182e58-6c45-4723-88b3-2943833b4297', 'SNI', 'nobody-sni@digital.justice.gov.uk', null),
       ('20949d63-43c6-427f-b4e2-d83e0eb47088', 'b7182e58-6c45-4723-88b3-2943833b4297', 'NWI', 'nobody-nwi@digital.justice.gov.uk', null),
       ('0b106679-fce6-4b19-81cf-a6d6806d4281', 'b7182e58-6c45-4723-88b3-2943833b4297', 'PYI', 'nobody-pyi@digital.justice.gov.uk', null),
       ('5e82d47f-adad-49d7-aec0-e3b2e904acb9', 'b7182e58-6c45-4723-88b3-2943833b4297', 'HEI', 'nobody-hei@digital.justice.gov.uk', null),
       ('bf109128-80f9-4991-aef5-3be41c08ce9d', 'b7182e58-6c45-4723-88b3-2943833b4297', 'WCI', 'nobody-wci@digital.justice.gov.uk', null),
       ('167a9cdb-215a-4b5c-b6ef-85bd53e3432f', 'b7182e58-6c45-4723-88b3-2943833b4297', 'WII', 'nobody-wii@digital.justice.gov.uk', null),
       ('2d77aa12-afb6-45ab-b751-6c1124004149', 'b7182e58-6c45-4723-88b3-2943833b4297', 'WMI', 'nobody-wmi@digital.justice.gov.uk', null),
       ('815b8b69-ad46-447e-9135-d1a4821d403a', 'b7182e58-6c45-4723-88b3-2943833b4297', 'LWI', 'nobody-lwi@digital.justice.gov.uk', null),
       ('a5258d70-916c-418d-a7cc-d2227a488a91', 'b7182e58-6c45-4723-88b3-2943833b4297', 'BRI', 'nobody-bri@digital.justice.gov.uk', null),
       ('5e691ead-e17c-4539-a3c4-af977e361863', 'b7182e58-6c45-4723-88b3-2943833b4297', 'FHI', 'nobody-fhi@digital.justice.gov.uk', null),
       ('e67fc599-b0de-4487-b671-2ed55c8a4f08', 'b7182e58-6c45-4723-88b3-2943833b4297', 'PRI', 'nobody-pri@digital.justice.gov.uk', null),
       ('46dd99fd-b4c6-4894-8f1b-c6881435378a', 'b7182e58-6c45-4723-88b3-2943833b4297', 'EYI', 'nobody-eyi@digital.justice.gov.uk', null),
       ('4bf070bd-27b8-47f2-acf9-d4b198c8e1cf', 'b7182e58-6c45-4723-88b3-2943833b4297', 'STI', 'nobody-sti@digital.justice.gov.uk', null),
       ('20cb76f3-f0a5-48ce-883f-fa324cd1cc0e', 'b7182e58-6c45-4723-88b3-2943833b4297', 'WSI', 'nobody-wsi@digital.justice.gov.uk', null),
       ('cd42ecc6-0e70-4ad8-a34e-99845233de58', 'b7182e58-6c45-4723-88b3-2943833b4297', 'KMI', 'nobody-kmi@digital.justice.gov.uk', null),
       ('38156e09-2f53-4cd8-88ef-2ffc8db98359', 'b7182e58-6c45-4723-88b3-2943833b4297', 'WNI', 'nobody-wni@digital.justice.gov.uk', null),
       ('7772f288-9dbc-4355-8b5c-43817b880c0f', 'b7182e58-6c45-4723-88b3-2943833b4297', 'LPI', 'nobody-lpi@digital.justice.gov.uk', null),
       ('534220a1-1845-4d5e-a043-37b334701ca8', 'b7182e58-6c45-4723-88b3-2943833b4297', 'RSI', 'nobody-rsi@digital.justice.gov.uk', null),
       ('785e57f4-f0fb-47ac-8e82-8b1dc8a51d54', 'b7182e58-6c45-4723-88b3-2943833b4297', 'SWI', 'nobody-swi@digital.justice.gov.uk', null),
       ('50dda7a6-351a-4fc2-ac24-0110e480ecb3', 'b7182e58-6c45-4723-88b3-2943833b4297', 'CWI', 'nobody-cwi@digital.justice.gov.uk', null),
       ('7d0bd062-b23c-46b6-ac44-64c7afb28c90', 'b7182e58-6c45-4723-88b3-2943833b4297', 'CFI', 'nobody-cfi@digital.justice.gov.uk', null),
       ('15fbcaed-650e-49c8-a9bd-44782a606813', 'b7182e58-6c45-4723-88b3-2943833b4297', 'LHI', 'nobody-lhi@digital.justice.gov.uk', null),
       ('e8a02690-6dc9-46bd-b323-b17a01c7cd14', 'b7182e58-6c45-4723-88b3-2943833b4297', 'HPI', 'nobody-hpi@digital.justice.gov.uk', null),
       ('ae5c633b-42cf-4183-86b6-3f9aaa723760', 'b7182e58-6c45-4723-88b3-2943833b4297', 'BCI', 'nobody-bci@digital.justice.gov.uk', null),
       ('be1d3d3d-69bf-4a18-8269-e29187d8f17f', 'b7182e58-6c45-4723-88b3-2943833b4297', 'DAI', 'nobody-dai@digital.justice.gov.uk', null),
       ('87767f52-36de-4cd9-bc7b-790e5a38639b', 'b7182e58-6c45-4723-88b3-2943833b4297', 'FBI', 'nobody-fbi@digital.justice.gov.uk', null),
       ('60e7dd28-6208-41fd-8fda-6cdcdf83df4d', 'b7182e58-6c45-4723-88b3-2943833b4297', 'DGI', 'nobody-dgi@digital.justice.gov.uk', null),
       ('6a1a32c5-f060-4bee-8721-6b3bdc3d685c', 'b7182e58-6c45-4723-88b3-2943833b4297', 'AYI', 'nobody-ayi@digital.justice.gov.uk', null),
       ('8364869f-c3a7-4efa-b1cf-09efda090d97', 'b7182e58-6c45-4723-88b3-2943833b4297', 'CDI', 'nobody-cdi@digital.justice.gov.uk', null),
       ('71119ed6-b09c-4fc8-b079-b85c07977f28', 'b7182e58-6c45-4723-88b3-2943833b4297', 'UPI', 'nobody-upi@digital.justice.gov.uk', null),
       ('67c5ab3f-13e0-44b9-b8c3-992b71646e1e', 'b7182e58-6c45-4723-88b3-2943833b4297', 'LGI', 'nobody-lgi@digital.justice.gov.uk', null),
       ('ebe3e2ce-5eaf-40c9-93d3-f819b20a8e87', 'b7182e58-6c45-4723-88b3-2943833b4297', 'FKI', 'nobody-fki@digital.justice.gov.uk', null),
       ('e32e5657-7256-42c5-9cc6-16ff4db88df5', '6667e73f-a779-4236-afa6-5339e2c4a427', 'PNI', 'nobody-pni@digital.justice.gov.uk', null),
       ('63fc7e37-06c9-46b1-a634-9659155906a3', '6667e73f-a779-4236-afa6-5339e2c4a427', 'CDI', 'nobody-cdi@digital.justice.gov.uk', null),
       ('66b477e8-67c6-40da-9150-4aeafb6f66d0', '6667e73f-a779-4236-afa6-5339e2c4a427', 'PVI', 'nobody-pvi@digital.justice.gov.uk', null),
       ('dd15528e-736b-482b-b682-1158acb5f8b3', '6667e73f-a779-4236-afa6-5339e2c4a427', 'DHI', 'nobody-dhi@digital.justice.gov.uk', null),
       ('d977b559-731e-4b53-a097-c27062977be0', '6667e73f-a779-4236-afa6-5339e2c4a427', 'CFI', 'nobody-cfi@digital.justice.gov.uk', null),
       ('de7f386b-6977-4761-9f58-e9ee1d797109', '6667e73f-a779-4236-afa6-5339e2c4a427', 'SNI', 'nobody-sni@digital.justice.gov.uk', null),
       ('e86e6abc-f0a7-481f-a28d-b5c37f87e046', '6667e73f-a779-4236-afa6-5339e2c4a427', 'ASI', 'nobody-asi@digital.justice.gov.uk', null),
       ('10fe391b-1de5-4024-b365-6ed342b19e90', '6667e73f-a779-4236-afa6-5339e2c4a427', 'UPI', 'nobody-upi@digital.justice.gov.uk', null),
       ('57a5ebbe-0ae0-400c-8a12-082ac8405a64', '6667e73f-a779-4236-afa6-5339e2c4a427', 'LTI', 'nobody-lti@digital.justice.gov.uk', null),
       ('74f20bad-fc05-4db9-9165-f32eb8cc4f73', '6667e73f-a779-4236-afa6-5339e2c4a427', 'NHI', 'nobody-nhi@digital.justice.gov.uk', null),
       ('5f105c63-cab5-40ce-b79f-2fc83f9e4278', '6667e73f-a779-4236-afa6-5339e2c4a427', 'DGI', 'nobody-dgi@digital.justice.gov.uk', null),
       ('5916a537-d9b1-4496-9fa8-f00b90bcc215', '6667e73f-a779-4236-afa6-5339e2c4a427', 'LPI', 'nobody-lpi@digital.justice.gov.uk', null),
       ('64e79558-b255-4f36-b93d-b7bbf919f478', '6667e73f-a779-4236-afa6-5339e2c4a427', 'BFI', 'nobody-bfi@digital.justice.gov.uk', null),
       ('a597f2e3-177c-4a10-898b-ec3cd3eb6137', '6667e73f-a779-4236-afa6-5339e2c4a427', 'PYI', 'nobody-pyi@digital.justice.gov.uk', null),
       ('784c5b7e-8ed5-4539-8253-7efb9a2d24f4', '6667e73f-a779-4236-afa6-5339e2c4a427', 'EEI', 'nobody-eei@digital.justice.gov.uk', null),
       ('d464d662-2c51-4f5f-b21b-e9407cb4a97f', '6667e73f-a779-4236-afa6-5339e2c4a427', 'BAI', 'nobody-bai@digital.justice.gov.uk', null),
       ('b901cc4f-3c3c-4c61-8fb4-1dfbfaa5f98f', '6667e73f-a779-4236-afa6-5339e2c4a427', 'WTI', 'nobody-wti@digital.justice.gov.uk', null),
       ('f8f25f19-fa9c-4720-8578-36a8e586eed1', '6667e73f-a779-4236-afa6-5339e2c4a427', 'AYI', 'nobody-ayi@digital.justice.gov.uk', null),
       ('b0472ad8-b237-4e0d-820c-5a015736febf', '6667e73f-a779-4236-afa6-5339e2c4a427', 'FSI', 'nobody-fsi@digital.justice.gov.uk', null),
       ('35d5317b-b8e8-43a8-9a91-ecb5caf346fa', '6667e73f-a779-4236-afa6-5339e2c4a427', 'RHI', 'nobody-rhi@digital.justice.gov.uk', null),
       ('0524b575-c26f-4ca7-9695-feda860824d9', '6667e73f-a779-4236-afa6-5339e2c4a427', 'SFI', 'nobody-sfi@digital.justice.gov.uk', null),
       ('ecd14909-72e6-4cd6-be54-99c65bc0ca2e', '6667e73f-a779-4236-afa6-5339e2c4a427', 'BRI', 'nobody-bri@digital.justice.gov.uk', null),
       ('03ee0c67-4735-4738-8549-378e5175750b', '6667e73f-a779-4236-afa6-5339e2c4a427', 'LYI', 'nobody-lyi@digital.justice.gov.uk', null),
       ('bbd30a9c-fbe7-4ca9-90d1-2c99e1bd094a', '6667e73f-a779-4236-afa6-5339e2c4a427', 'VEI', 'nobody-vei@digital.justice.gov.uk', null),
       ('0c0ff04d-0fae-4cce-a4fa-416ec6995025', '6667e73f-a779-4236-afa6-5339e2c4a427', 'MRI', 'nobody-mri@digital.justice.gov.uk', null),
       ('26a1f351-6723-41a2-808e-75b7047655c0', '6667e73f-a779-4236-afa6-5339e2c4a427', 'WDI', 'nobody-wdi@digital.justice.gov.uk', null),
       ('8bf187a0-a28e-4d4f-bcf9-4224aadb86e6', '6667e73f-a779-4236-afa6-5339e2c4a427', 'PDI', 'nobody-pdi@digital.justice.gov.uk', null),
       ('da8d3570-6028-48a6-9e1e-4a4862c40896', '6667e73f-a779-4236-afa6-5339e2c4a427', 'SUI', 'nobody-sui@digital.justice.gov.uk', null),
       ('cbc04dcc-983c-4132-9090-b7f9948c11fe', '6667e73f-a779-4236-afa6-5339e2c4a427', 'BWI', 'nobody-bwi@digital.justice.gov.uk', null),
       ('5ea1357a-8dae-464d-9acd-a5e64b5067df', '6667e73f-a779-4236-afa6-5339e2c4a427', 'OWI', 'nobody-owi@digital.justice.gov.uk', null),
       ('6cff84b0-1ef3-4a5a-b42d-8a68f2449167', '6667e73f-a779-4236-afa6-5339e2c4a427', 'SPI', 'nobody-spi@digital.justice.gov.uk', null),
       ('849c9a80-e7d6-496c-bf10-c7afa6d77b7c', '6667e73f-a779-4236-afa6-5339e2c4a427', 'LGI', 'nobody-lgi@digital.justice.gov.uk', null),
       ('9815eb8b-41bc-45cb-abcc-ea01d4137de6', '6667e73f-a779-4236-afa6-5339e2c4a427', 'CKI', 'nobody-cki@digital.justice.gov.uk', null),
       ('bb529f85-2694-4777-becf-8a4743eb2f97', '6667e73f-a779-4236-afa6-5339e2c4a427', 'FNI', 'nobody-fni@digital.justice.gov.uk', null),
       ('0fdddff5-0ac2-4167-82b8-39f7ae75705d', '6667e73f-a779-4236-afa6-5339e2c4a427', 'WRI', 'nobody-wri@digital.justice.gov.uk', null),
       ('eba786a5-ce3c-4a4b-945c-a5b78331b5fc', '6667e73f-a779-4236-afa6-5339e2c4a427', 'FDI', 'nobody-fdi@digital.justice.gov.uk', null),
       ('423ec1dc-e14d-4813-a6b2-ff3e03bdd419', '6667e73f-a779-4236-afa6-5339e2c4a427', 'BXI', 'nobody-bxi@digital.justice.gov.uk', null),
       ('1a312445-5596-4587-8010-031b596999d7', '6667e73f-a779-4236-afa6-5339e2c4a427', 'PFI', 'nobody-pfi@digital.justice.gov.uk', null),
       ('6076a605-a8f5-4d32-9d5d-4c7775eb538c', '6667e73f-a779-4236-afa6-5339e2c4a427', 'TSI', 'nobody-tsi@digital.justice.gov.uk', null),
       ('0ec7330f-1dd5-47f8-9b1c-63a74014ed9d', '6667e73f-a779-4236-afa6-5339e2c4a427', 'EHI', 'nobody-ehi@digital.justice.gov.uk', null),
       ('2e210081-9cc6-412d-b1d5-b44b1d26fd8f', '6667e73f-a779-4236-afa6-5339e2c4a427', 'HMI', 'nobody-hmi@digital.justice.gov.uk', null),
       ('92a5e7e7-280e-46e3-a993-dac3bb07ebfb', '6667e73f-a779-4236-afa6-5339e2c4a427', 'BLI', 'nobody-bli@digital.justice.gov.uk', null),
       ('d3eb9a4d-2dc9-4273-b608-9d8e71f148c2', '6667e73f-a779-4236-afa6-5339e2c4a427', 'TCI', 'nobody-tci@digital.justice.gov.uk', null),
       ('721a0513-7b9d-4650-8874-7a09c0d68a41', '6667e73f-a779-4236-afa6-5339e2c4a427', 'ACI', 'nobody-aci@digital.justice.gov.uk', null),
       ('852365a5-7fbd-41af-8869-7df7f1bc0ab5', '6667e73f-a779-4236-afa6-5339e2c4a427', 'EWI', 'nobody-ewi@digital.justice.gov.uk', null),
       ('246f0503-8916-4b72-97d3-6c82dbadcb87', '6667e73f-a779-4236-afa6-5339e2c4a427', 'BMI', 'nobody-bmi@digital.justice.gov.uk', null),
       ('e3318e80-fcb0-48aa-afbd-800e31d422bd', '6667e73f-a779-4236-afa6-5339e2c4a427', 'PRI', 'nobody-pri@digital.justice.gov.uk', null),
       ('caba2a99-ea1b-4632-9b3e-073c85fdaede', '6667e73f-a779-4236-afa6-5339e2c4a427', 'BZI', 'nobody-bzi@digital.justice.gov.uk', null),
       ('41aa1dd9-c79b-4a30-98da-329dec352664', '6667e73f-a779-4236-afa6-5339e2c4a427', 'AGI', 'nobody-agi@digital.justice.gov.uk', null),
       ('9fc8c627-92be-43e1-9153-0536621d5dd3', '6667e73f-a779-4236-afa6-5339e2c4a427', 'LII', 'nobody-lii@digital.justice.gov.uk', null),
       ('293f6428-ff43-4a99-bc96-eb7a164acbdf', '6667e73f-a779-4236-afa6-5339e2c4a427', 'DNI', 'nobody-dni@digital.justice.gov.uk', null),
       ('d3d5d903-07d7-4585-bd02-9222da1900e7', '6667e73f-a779-4236-afa6-5339e2c4a427', 'ONI', 'nobody-oni@digital.justice.gov.uk', null),
       ('b31d01b7-4e82-45c2-b650-4fdb05c766b7', '6667e73f-a779-4236-afa6-5339e2c4a427', 'UKI', 'nobody-uki@digital.justice.gov.uk', null),
       ('89f30a6a-4501-4565-afb5-a7804d168cfa', '6667e73f-a779-4236-afa6-5339e2c4a427', 'WLI', 'nobody-wli@digital.justice.gov.uk', null),
       ('f0a20631-ea81-429e-82da-486b941db656', '6667e73f-a779-4236-afa6-5339e2c4a427', 'HHI', 'nobody-hhi@digital.justice.gov.uk', null),
       ('dada7ef9-2ee8-448e-8375-98d3d18e028c', '6667e73f-a779-4236-afa6-5339e2c4a427', 'RNI', 'nobody-rni@digital.justice.gov.uk', null),
       ('6f357365-beb9-4e28-9714-a110c5db6398', '76be601b-e1d0-4a54-bf5d-efdb006f6221', 'WEI', 'nobody-wei@digital.justice.gov.uk', null),
       ('cf7f39bd-11b2-4a18-b994-e18f53cf044e', '76be601b-e1d0-4a54-bf5d-efdb006f6221', 'MTI', 'nobody-mti@digital.justice.gov.uk', null),
       ('0c35b677-408b-4f5a-beea-ce0f497cd15d', '76be601b-e1d0-4a54-bf5d-efdb006f6221', 'NHI', 'nobody-nhi@digital.justice.gov.uk', null),
       ('5075dddb-5393-42fe-b6e2-348d106165f4', '76be601b-e1d0-4a54-bf5d-efdb006f6221', 'PVI', 'nobody-pvi@digital.justice.gov.uk', null),
       ('6e1da54f-7552-4073-99d7-c1129edee64b', '76be601b-e1d0-4a54-bf5d-efdb006f6221', 'SHI', 'nobody-shi@digital.justice.gov.uk', null),
       ('ec19a150-3014-4364-bbb6-018e9f2a8a49', 'a2aee70e-dc9a-4450-a47e-6b1cd44a75ea', 'FHI', 'nobody-fhi@digital.justice.gov.uk', null),
       ('45053338-fb2c-4bc8-a1c6-53fedd72e53f', 'a2aee70e-dc9a-4450-a47e-6b1cd44a75ea', 'PRI', 'nobody-pri@digital.justice.gov.uk', null),
       ('9c4c2287-4388-4fc5-a48d-b752ae7856fa', 'a2aee70e-dc9a-4450-a47e-6b1cd44a75ea', 'WYI', 'nobody-wyi@digital.justice.gov.uk', null),
       ('715fd0a5-d7aa-42d1-8aaa-7b19d81833ac', 'a2aee70e-dc9a-4450-a47e-6b1cd44a75ea', 'EEI', 'nobody-eei@digital.justice.gov.uk', null),
       ('e2b567c2-e586-415c-ae45-ae9a006ab60f', 'a2aee70e-dc9a-4450-a47e-6b1cd44a75ea', 'LCI', 'nobody-lci@digital.justice.gov.uk', null),
       ('5face23c-3cc2-4d23-868c-8aef745661c2', 'a2aee70e-dc9a-4450-a47e-6b1cd44a75ea', 'MDI', 'nobody-mdi@digital.justice.gov.uk', null),
       ('6d8ed10d-b573-4992-bdd6-0fcf3bac3c40', 'a2aee70e-dc9a-4450-a47e-6b1cd44a75ea', 'ESI', 'nobody-esi@digital.justice.gov.uk', null),
       ('caeb2516-d096-4652-8dae-29b8f312a5ac', 'a2aee70e-dc9a-4450-a47e-6b1cd44a75ea', 'BNI', 'nobody-bni@digital.justice.gov.uk', null),
       ('ef23101e-f2cb-47c4-a40f-85fcb00cd288', 'a2aee70e-dc9a-4450-a47e-6b1cd44a75ea', 'LHI', 'nobody-lhi@digital.justice.gov.uk', null),
       ('fb76c42d-005b-4e72-8b0b-284d9626e764', 'a2aee70e-dc9a-4450-a47e-6b1cd44a75ea', 'RNI', 'nobody-rni@digital.justice.gov.uk', null),
       ('a514b6b7-ccb1-4001-aaed-5adcddf8b748', 'a2aee70e-dc9a-4450-a47e-6b1cd44a75ea', 'KVI', 'nobody-kvi@digital.justice.gov.uk', null),
       ('f9c000c2-5dcc-41be-a329-8ab0e8dba783', 'a2aee70e-dc9a-4450-a47e-6b1cd44a75ea', 'RHI', 'nobody-rhi@digital.justice.gov.uk', null),
       ('bb2f69f9-4bf9-4e54-af9f-d6d7015d70ff', 'a2aee70e-dc9a-4450-a47e-6b1cd44a75ea', 'PBI', 'nobody-pbi@digital.justice.gov.uk', null),
       ('53af0b7c-347c-4d6b-9283-30dcb7e6d519', 'a2aee70e-dc9a-4450-a47e-6b1cd44a75ea', 'DNI', 'nobody-dni@digital.justice.gov.uk', null),
       ('b7e65490-01e9-4c39-8dfb-32e086118805', 'a2aee70e-dc9a-4450-a47e-6b1cd44a75ea', 'BAI', 'nobody-bai@digital.justice.gov.uk', null),
       ('ceef8b67-570e-4d6d-a6b6-f4a659fd4f84', 'a2aee70e-dc9a-4450-a47e-6b1cd44a75ea', 'LII', 'nobody-lii@digital.justice.gov.uk', null),
       ('0b78bc83-5ae9-4815-ab44-625f5af95c69', 'a2aee70e-dc9a-4450-a47e-6b1cd44a75ea', 'SHI', 'nobody-shi@digital.justice.gov.uk', null),
       ('00feedc8-36e1-4a63-ab91-69ee2f9d8114', 'a2aee70e-dc9a-4450-a47e-6b1cd44a75ea', 'NMI', 'nobody-nmi@digital.justice.gov.uk', null),
       ('9006566b-6fb4-49a0-9c33-08dd761d558d', 'a2aee70e-dc9a-4450-a47e-6b1cd44a75ea', 'WRI', 'nobody-wri@digital.justice.gov.uk', null),
       ('2dc0e280-725b-47af-afd8-10723641e5a3', 'a2aee70e-dc9a-4450-a47e-6b1cd44a75ea', 'SLI', 'nobody-sli@digital.justice.gov.uk', null),
       ('c76a949d-2dd8-4b63-97da-d16d6aad39dd', 'a2aee70e-dc9a-4450-a47e-6b1cd44a75ea', 'LLI', 'nobody-lli@digital.justice.gov.uk', null),
       ('b59917cc-56fd-48e4-8adf-862c43084066', 'a2aee70e-dc9a-4450-a47e-6b1cd44a75ea', 'HDI', 'nobody-hdi@digital.justice.gov.uk', null),
       ('7985d907-e26c-4b64-a33b-dcce51f3928b', 'a2aee70e-dc9a-4450-a47e-6b1cd44a75ea', 'WEI', 'nobody-wei@digital.justice.gov.uk', null),
       ('7798cff7-33e5-4c4b-927a-99fd9102c036', 'a2aee70e-dc9a-4450-a47e-6b1cd44a75ea', 'STI', 'nobody-sti@digital.justice.gov.uk', null),
       ('dee4df00-81fd-4b58-a791-b7f5dd59b2ce', 'a2aee70e-dc9a-4450-a47e-6b1cd44a75ea', 'NWI', 'nobody-nwi@digital.justice.gov.uk', null),
       ('c9414e2c-1de6-42d6-808a-e80b0946ea49', 'a2aee70e-dc9a-4450-a47e-6b1cd44a75ea', 'NLI', 'nobody-nli@digital.justice.gov.uk', null),
       ('e1fd2487-7baf-4462-96fd-51bf4660344e', 'a2aee70e-dc9a-4450-a47e-6b1cd44a75ea', 'DTI', 'nobody-dti@digital.justice.gov.uk', null),
       ('c9a22c0b-c5fe-4ded-80f2-6fd79cb0994e', 'a2aee70e-dc9a-4450-a47e-6b1cd44a75ea', 'GTI', 'nobody-gti@digital.justice.gov.uk', null),
       ('fc23f511-62d6-4cae-8be5-51e66ae78087', 'a2aee70e-dc9a-4450-a47e-6b1cd44a75ea', 'LYI', 'nobody-lyi@digital.justice.gov.uk', null),
       ('faae93b2-5661-4b25-bb2d-09fa6c03729c', 'a2aee70e-dc9a-4450-a47e-6b1cd44a75ea', 'FWI', 'nobody-fwi@digital.justice.gov.uk', null),
       ('0075de14-3660-47d7-855e-937658401004', 'a2aee70e-dc9a-4450-a47e-6b1cd44a75ea', 'MSI', 'nobody-msi@digital.justice.gov.uk', null),
       ('98515b31-b227-4523-b1e4-48f202380d24', 'a2aee70e-dc9a-4450-a47e-6b1cd44a75ea', 'IWI', 'nobody-iwi@digital.justice.gov.uk', null),
       ('fe963230-d213-4705-b80f-dc9fd83c61e0', 'a2aee70e-dc9a-4450-a47e-6b1cd44a75ea', 'WMI', 'nobody-wmi@digital.justice.gov.uk', null),
       ('b9651091-7e8c-4ff4-90f8-fc2b22d1ffc5', 'a2aee70e-dc9a-4450-a47e-6b1cd44a75ea', 'DHI', 'nobody-dhi@digital.justice.gov.uk', null),
       ('13ec3da7-9fa4-4e07-a688-3cf4750b2e22', 'a2aee70e-dc9a-4450-a47e-6b1cd44a75ea', 'SKI', 'nobody-ski@digital.justice.gov.uk', null),
       ('c8832852-76f7-4d14-a26d-f39bb74e2541', 'a2aee70e-dc9a-4450-a47e-6b1cd44a75ea', 'KMI', 'nobody-kmi@digital.justice.gov.uk', null),
       ('72b4f89b-8632-4552-99d1-79c903f50957', 'a2aee70e-dc9a-4450-a47e-6b1cd44a75ea', 'AYI', 'nobody-ayi@digital.justice.gov.uk', null),
       ('db223baf-2e3d-499e-9e85-4697a62977f0', 'a2aee70e-dc9a-4450-a47e-6b1cd44a75ea', 'FDI', 'nobody-fdi@digital.justice.gov.uk', null),
       ('50b83629-08d1-4541-98d5-1c00dc0f4767', 'a2aee70e-dc9a-4450-a47e-6b1cd44a75ea', 'RSI', 'nobody-rsi@digital.justice.gov.uk', null),
       ('57e1459b-20cf-49b5-b62f-eaf62be2f94d', 'a2aee70e-dc9a-4450-a47e-6b1cd44a75ea', 'PFI', 'nobody-pfi@digital.justice.gov.uk', null),
       ('ab2c768a-383e-4937-aeb3-825efad85104', 'a2aee70e-dc9a-4450-a47e-6b1cd44a75ea', 'SPI', 'nobody-spi@digital.justice.gov.uk', null),
       ('5a1b2f1d-acf9-4d25-9b85-e86d4e325e43', 'a2aee70e-dc9a-4450-a47e-6b1cd44a75ea', 'EXI', 'nobody-exi@digital.justice.gov.uk', null),
       ('f3e0ad80-9e84-445c-84f6-a1f3c8cad89f', 'a2aee70e-dc9a-4450-a47e-6b1cd44a75ea', 'GNI', 'nobody-gni@digital.justice.gov.uk', null),
       ('a3e639c1-a393-44e7-840b-a12309e14f88', 'a2aee70e-dc9a-4450-a47e-6b1cd44a75ea', 'FMI', 'nobody-fmi@digital.justice.gov.uk', null),
       ('d73c89b7-0d55-42e6-aae3-6ee7ad0a4abe', 'a2aee70e-dc9a-4450-a47e-6b1cd44a75ea', 'GMI', 'nobody-gmi@digital.justice.gov.uk', null),
       ('08aa79de-1959-44f8-8fed-1047efc7d762', 'a2aee70e-dc9a-4450-a47e-6b1cd44a75ea', 'WHI', 'nobody-whi@digital.justice.gov.uk', null),
       ('e2a3b6bd-803d-4984-93ee-cb17dbb0cd58', 'a2aee70e-dc9a-4450-a47e-6b1cd44a75ea', 'EHI', 'nobody-ehi@digital.justice.gov.uk', null),
       ('bd21a81c-43b5-4b56-a851-6a7fdf6f2cb3', 'a2aee70e-dc9a-4450-a47e-6b1cd44a75ea', 'LGI', 'nobody-lgi@digital.justice.gov.uk', null),
       ('78d961d5-5430-4bf1-a9f3-be643586f949', 'a2aee70e-dc9a-4450-a47e-6b1cd44a75ea', 'SDI', 'nobody-sdi@digital.justice.gov.uk', null),
       ('74b51b0f-4ac1-4a6d-962a-4bea7e9010dd', 'a2aee70e-dc9a-4450-a47e-6b1cd44a75ea', 'HLI', 'nobody-hli@digital.justice.gov.uk', null),
       ('8338a988-fdcd-4fae-99f2-633bc0a06a48', 'a2aee70e-dc9a-4450-a47e-6b1cd44a75ea', 'NSI', 'nobody-nsi@digital.justice.gov.uk', null),
       ('799b8c54-a918-4f36-b702-e45ac7a72376', 'a2aee70e-dc9a-4450-a47e-6b1cd44a75ea', 'BFI', 'nobody-bfi@digital.justice.gov.uk', null),
       ('429a9075-c16c-43bf-8820-866eb09d8ecd', 'a2aee70e-dc9a-4450-a47e-6b1cd44a75ea', 'PDI', 'nobody-pdi@digital.justice.gov.uk', null),
       ('9c8b0e77-9e23-4203-8234-8bb282e54db1', 'a2aee70e-dc9a-4450-a47e-6b1cd44a75ea', 'AGI', 'nobody-agi@digital.justice.gov.uk', null),
       ('75a7db6e-803c-4f07-b448-1df0bf4410af', 'a2aee70e-dc9a-4450-a47e-6b1cd44a75ea', 'HVI', 'nobody-hvi@digital.justice.gov.uk', null),
       ('17442b0a-2638-43b5-9ac2-7c62af9ed02f', 'a2aee70e-dc9a-4450-a47e-6b1cd44a75ea', 'HCI', 'nobody-hci@digital.justice.gov.uk', null),
       ('27826248-5274-4dfa-97d4-0e80bda16cdd', 'a2aee70e-dc9a-4450-a47e-6b1cd44a75ea', 'FKI', 'nobody-fki@digital.justice.gov.uk', null),
       ('21b7e827-4bb7-4f93-bbc2-a58d2ed8d2c1', 'a2aee70e-dc9a-4450-a47e-6b1cd44a75ea', 'RCI', 'nobody-rci@digital.justice.gov.uk', null),
       ('8cfd0fe3-5e34-4c4c-af32-70c7da6f30e3', 'a2aee70e-dc9a-4450-a47e-6b1cd44a75ea', 'BZI', 'nobody-bzi@digital.justice.gov.uk', null),
       ('3213ecad-4de7-428b-9905-58b08f267067', 'a2aee70e-dc9a-4450-a47e-6b1cd44a75ea', 'SUI', 'nobody-sui@digital.justice.gov.uk', null),
       ('df2005f1-da79-4a8b-bf84-fc1cb57cac44', 'a2aee70e-dc9a-4450-a47e-6b1cd44a75ea', 'SWI', 'nobody-swi@digital.justice.gov.uk', null),
       ('f20f1ad0-c945-4338-8e20-b5a7bd594168', 'a2aee70e-dc9a-4450-a47e-6b1cd44a75ea', 'LPI', 'nobody-lpi@digital.justice.gov.uk', null),
       ('2a2051f0-9e91-43fe-9221-3f603605e97c', 'a2aee70e-dc9a-4450-a47e-6b1cd44a75ea', 'ISI', 'nobody-isi@digital.justice.gov.uk', null),
       ('8aabade2-812a-4cac-8100-418ba3617c3a', 'e9bcf211-f38d-427e-adb5-ef2fd40d792d', 'WLI', 'nobody-wli@digital.justice.gov.uk', null),
       ('8c1ada7c-31c3-4a19-9b11-f7e79b3272d6', 'e9bcf211-f38d-427e-adb5-ef2fd40d792d', 'FSI', 'nobody-fsi@digital.justice.gov.uk', null),
       ('0a3e42c7-12e7-4672-9a9f-7a6da2bb964d', 'e9bcf211-f38d-427e-adb5-ef2fd40d792d', 'ACI', 'nobody-aci@digital.justice.gov.uk', null),
       ('e9ae22c0-a23f-4999-9b55-92eb54f72946', 'e9bcf211-f38d-427e-adb5-ef2fd40d792d', 'WCI', 'nobody-wci@digital.justice.gov.uk', null),
       ('ff64019a-a6f8-4751-960a-ba93b0e5519e', 'e9bcf211-f38d-427e-adb5-ef2fd40d792d', 'TCI', 'nobody-tci@digital.justice.gov.uk', null),
       ('13b6d772-2c96-418e-b8bc-3358dab8cdd9', 'e9bcf211-f38d-427e-adb5-ef2fd40d792d', 'WII', 'nobody-wii@digital.justice.gov.uk', null),
       ('99a1242d-5207-46f7-b9ab-60eb5a25c7d6', 'e9bcf211-f38d-427e-adb5-ef2fd40d792d', 'BLI', 'nobody-bli@digital.justice.gov.uk', null),
       ('d9f270e5-bd59-4383-a70d-bed449a6f4b9', 'e9bcf211-f38d-427e-adb5-ef2fd40d792d', 'OWI', 'nobody-owi@digital.justice.gov.uk', null),
       ('0cf1efd9-738d-471e-8e1c-870f118992e8', 'e9bcf211-f38d-427e-adb5-ef2fd40d792d', 'MDI', 'nobody-mdi@digital.justice.gov.uk', null),
       ('e4c1542d-6960-4fcf-9e23-b5584017c4b1', 'e9bcf211-f38d-427e-adb5-ef2fd40d792d', 'WTI', 'nobody-wti@digital.justice.gov.uk', null),
       ('b5e0ed07-e680-4fc1-b6cc-088edb7b525d', 'e9bcf211-f38d-427e-adb5-ef2fd40d792d', 'LLI', 'nobody-lli@digital.justice.gov.uk', null),
       ('36d82089-b201-43ae-8232-cff90a721e4b', 'e9bcf211-f38d-427e-adb5-ef2fd40d792d', 'RCI', 'nobody-rci@digital.justice.gov.uk', null),
       ('cf7aa91c-34a7-4446-9c7c-afa2c6615253', 'e9bcf211-f38d-427e-adb5-ef2fd40d792d', 'SKI', 'nobody-ski@digital.justice.gov.uk', null),
       ('0d2573f4-6af0-4437-be7d-dd754bc10e26', 'e9bcf211-f38d-427e-adb5-ef2fd40d792d', 'LNI', 'nobody-lni@digital.justice.gov.uk', null),
       ('98ee765a-781f-42b0-8857-88c8e3b7a314', 'e9bcf211-f38d-427e-adb5-ef2fd40d792d', 'VEI', 'nobody-vei@digital.justice.gov.uk', null),
       ('b1acad26-2597-495e-8c71-f40c6841fd90', 'e9bcf211-f38d-427e-adb5-ef2fd40d792d', 'BSI', 'nobody-bsi@digital.justice.gov.uk', null),
       ('a5ce9db7-625e-408e-966d-b2a0cb2de5c8', 'e9bcf211-f38d-427e-adb5-ef2fd40d792d', 'HPI', 'nobody-hpi@digital.justice.gov.uk', null),
       ('4f49aee2-80ee-4d27-b82b-75f20adbcbc4', 'e9bcf211-f38d-427e-adb5-ef2fd40d792d', 'STI', 'nobody-sti@digital.justice.gov.uk', null),
       ('4df11c7d-158e-4024-980a-12e0bfb7b8e0', 'e9bcf211-f38d-427e-adb5-ef2fd40d792d', 'NLI', 'nobody-nli@digital.justice.gov.uk', null),
       ('88f8a0b3-cb97-43b0-8140-d6d3746ea03f', 'e9bcf211-f38d-427e-adb5-ef2fd40d792d', 'DGI', 'nobody-dgi@digital.justice.gov.uk', null),
       ('9db07bd7-5e09-4166-a69d-7618ef709908', 'e9bcf211-f38d-427e-adb5-ef2fd40d792d', 'SUI', 'nobody-sui@digital.justice.gov.uk', null),
       ('0eb95108-bacb-4218-b3b3-ce0e860a7e74', 'e9bcf211-f38d-427e-adb5-ef2fd40d792d', 'FYI', 'nobody-fyi@digital.justice.gov.uk', null),
       ('3d276fbb-85ad-4e6f-afdf-33b403ba469e', 'e9bcf211-f38d-427e-adb5-ef2fd40d792d', 'HBI', 'nobody-hbi@digital.justice.gov.uk', null),
       ('855cbe16-5f10-4573-94aa-4f6569104b4d', 'e9bcf211-f38d-427e-adb5-ef2fd40d792d', 'ASI', 'nobody-asi@digital.justice.gov.uk', null),
       ('759c9392-5f8e-407b-b0c1-38b4d76df7aa', 'e9bcf211-f38d-427e-adb5-ef2fd40d792d', 'EEI', 'nobody-eei@digital.justice.gov.uk', null),
       ('1b28f2ac-8d55-487e-a67c-820795b3f5ee', 'e9bcf211-f38d-427e-adb5-ef2fd40d792d', 'DTI', 'nobody-dti@digital.justice.gov.uk', null),
       ('6d3ec51b-76b8-4447-8b37-b0725f780d58', 'e9bcf211-f38d-427e-adb5-ef2fd40d792d', 'RSI', 'nobody-rsi@digital.justice.gov.uk', null),
       ('007c85d5-3839-48c6-baab-608b263e9813', 'e9bcf211-f38d-427e-adb5-ef2fd40d792d', 'MHI', 'nobody-mhi@digital.justice.gov.uk', null),
       ('ac9a8656-c126-44b8-bd91-1a4d5742a548', 'e9bcf211-f38d-427e-adb5-ef2fd40d792d', 'BCI', 'nobody-bci@digital.justice.gov.uk', null),
       ('0b66afca-3669-47c2-babe-5a62b9abc349', 'e9bcf211-f38d-427e-adb5-ef2fd40d792d', 'PDI', 'nobody-pdi@digital.justice.gov.uk', null),
       ('d29b9519-f657-4952-a374-66ce1aad10ca', 'e9bcf211-f38d-427e-adb5-ef2fd40d792d', 'PFI', 'nobody-pfi@digital.justice.gov.uk', null),
       ('7d5e3667-b0e1-4a53-ad17-402eccccea9a', 'e9bcf211-f38d-427e-adb5-ef2fd40d792d', 'FBI', 'nobody-fbi@digital.justice.gov.uk', null),
       ('09a5ee97-d4e6-4f5f-8285-4605252470b1', 'e9bcf211-f38d-427e-adb5-ef2fd40d792d', 'EYI', 'nobody-eyi@digital.justice.gov.uk', null),
       ('118cd2c0-a1f7-40cf-8093-62602278494d', 'e9bcf211-f38d-427e-adb5-ef2fd40d792d', 'ESI', 'nobody-esi@digital.justice.gov.uk', null),
       ('b4cea94b-4f29-45c3-9566-c3b58f927bb3', 'e9bcf211-f38d-427e-adb5-ef2fd40d792d', 'HLI', 'nobody-hli@digital.justice.gov.uk', null),
       ('18930c23-176f-4d6a-a190-df3ae9e634b4', 'e9bcf211-f38d-427e-adb5-ef2fd40d792d', 'HCI', 'nobody-hci@digital.justice.gov.uk', null),
       ('cc2ba70c-1158-4ea9-b44f-5c06e572a521', 'e9bcf211-f38d-427e-adb5-ef2fd40d792d', 'RNI', 'nobody-rni@digital.justice.gov.uk', null),
       ('9175c191-1053-4148-8200-9afcf987aae3', 'e9bcf211-f38d-427e-adb5-ef2fd40d792d', 'EXI', 'nobody-exi@digital.justice.gov.uk', null),
       ('48315eb0-9857-4133-85f2-2bcac4ee9577', 'e9bcf211-f38d-427e-adb5-ef2fd40d792d', 'NHI', 'nobody-nhi@digital.justice.gov.uk', null),
       ('577a44c4-f5e4-469e-a459-08d101cffddc', 'e9bcf211-f38d-427e-adb5-ef2fd40d792d', 'FNI', 'nobody-fni@digital.justice.gov.uk', null),
       ('291b8c7e-ee9c-455a-b296-38a907fd5299', 'e9bcf211-f38d-427e-adb5-ef2fd40d792d', 'FWI', 'nobody-fwi@digital.justice.gov.uk', null),
       ('2e0882ff-423f-46af-86fa-ef2330b171c1', 'e9bcf211-f38d-427e-adb5-ef2fd40d792d', 'SWI', 'nobody-swi@digital.justice.gov.uk', null),
       ('d7a49665-0035-4491-b764-daaa7d3b09c1', 'e9bcf211-f38d-427e-adb5-ef2fd40d792d', 'MSI', 'nobody-msi@digital.justice.gov.uk', null),
       ('eb6145fa-1b97-4011-aa64-af0bc28c0d6e', 'e9bcf211-f38d-427e-adb5-ef2fd40d792d', 'WEI', 'nobody-wei@digital.justice.gov.uk', null),
       ('f5996ce3-fe50-4e4c-8e9b-60e1a2d6c588', 'e9bcf211-f38d-427e-adb5-ef2fd40d792d', 'DAI', 'nobody-dai@digital.justice.gov.uk', null),
       ('f3c97d3f-6830-4c8a-9f9d-7a30709fdc09', 'e9bcf211-f38d-427e-adb5-ef2fd40d792d', 'LHI', 'nobody-lhi@digital.justice.gov.uk', null),
       ('698951fe-a136-4d63-9249-98729bd12402', 'e9bcf211-f38d-427e-adb5-ef2fd40d792d', 'DNI', 'nobody-dni@digital.justice.gov.uk', null),
       ('087ce778-e509-4788-ad74-a5e7e8dd7465', 'e9bcf211-f38d-427e-adb5-ef2fd40d792d', 'LII', 'nobody-lii@digital.justice.gov.uk', null),
       ('6c3094de-a307-4116-a3fd-4a9595ba83c3', 'e9bcf211-f38d-427e-adb5-ef2fd40d792d', 'BNI', 'nobody-bni@digital.justice.gov.uk', null),
       ('af8c0723-37f5-4300-bb5c-abe5bff7bad9', 'e9bcf211-f38d-427e-adb5-ef2fd40d792d', 'HVI', 'nobody-hvi@digital.justice.gov.uk', null),
       ('d2319eaf-fa1b-48d7-9cd8-1cd311ed923a', 'e9bcf211-f38d-427e-adb5-ef2fd40d792d', 'WWI', 'nobody-wwi@digital.justice.gov.uk', null),
       ('095a3b0e-41a7-41fb-a830-54b8254e3c2d', 'e9bcf211-f38d-427e-adb5-ef2fd40d792d', 'DWI', 'nobody-dwi@digital.justice.gov.uk', null),
       ('8bf9db3f-210d-484f-969a-5e596b27e95f', 'e9bcf211-f38d-427e-adb5-ef2fd40d792d', 'PVI', 'nobody-pvi@digital.justice.gov.uk', null),
       ('c99cb07f-0b36-41ba-bb01-570a0a2f2353', 'e9bcf211-f38d-427e-adb5-ef2fd40d792d', 'LWI', 'nobody-lwi@digital.justice.gov.uk', null),
       ('938168ce-fba0-4505-96db-fbaf4d389da8', 'e9bcf211-f38d-427e-adb5-ef2fd40d792d', 'SFI', 'nobody-sfi@digital.justice.gov.uk', null),
       ('5b6104ed-6eeb-44dc-8ed2-e366e45125b9', 'e9bcf211-f38d-427e-adb5-ef2fd40d792d', 'KVI', 'nobody-kvi@digital.justice.gov.uk', null),
       ('c757c999-21b7-4f21-a269-550cc16ed155', 'e9bcf211-f38d-427e-adb5-ef2fd40d792d', 'BRI', 'nobody-bri@digital.justice.gov.uk', null),
       ('667a7431-edd5-484c-9dba-4b851daa7f1f', 'e9bcf211-f38d-427e-adb5-ef2fd40d792d', 'ISI', 'nobody-isi@digital.justice.gov.uk', null),
       ('8c2de02e-3a93-411d-a20e-e44c1e414b10', 'e9bcf211-f38d-427e-adb5-ef2fd40d792d', 'ONI', 'nobody-oni@digital.justice.gov.uk', null),
       ('e540a03f-abb1-4a3b-895c-d33365047c58', 'e9bcf211-f38d-427e-adb5-ef2fd40d792d', 'WMI', 'nobody-wmi@digital.justice.gov.uk', null),
       ('d7c5f5e8-5a16-4ec4-b6a1-ae545ffe710b', 'e9bcf211-f38d-427e-adb5-ef2fd40d792d', 'EWI', 'nobody-ewi@digital.justice.gov.uk', null),
       ('037f3b61-dce0-4305-8540-7d8e594f770c', 'e9bcf211-f38d-427e-adb5-ef2fd40d792d', 'GTI', 'nobody-gti@digital.justice.gov.uk', null),
       ('42a6dc68-ac5a-4758-8284-e0aa2a270dd3', 'e9bcf211-f38d-427e-adb5-ef2fd40d792d', 'PBI', 'nobody-pbi@digital.justice.gov.uk', null),
       ('7057e986-8635-4277-916e-732a5a8da6cf', 'e9bcf211-f38d-427e-adb5-ef2fd40d792d', 'EHI', 'nobody-ehi@digital.justice.gov.uk', null),
       ('5c085fd0-3c1e-4f3a-a328-091aba600f1a', 'e9bcf211-f38d-427e-adb5-ef2fd40d792d', 'HII', 'nobody-hii@digital.justice.gov.uk', null),
       ('629f5a4c-c1ba-4165-9b68-e85478064e90', 'e9bcf211-f38d-427e-adb5-ef2fd40d792d', 'MRI', 'nobody-mri@digital.justice.gov.uk', null),
       ('5b0c1afa-b116-401f-a0f4-08ccfbd4d4d4', 'e9bcf211-f38d-427e-adb5-ef2fd40d792d', 'NMI', 'nobody-nmi@digital.justice.gov.uk', null),
       ('262e4db5-2e42-4784-ab81-d7c0aaea38e6', 'e9bcf211-f38d-427e-adb5-ef2fd40d792d', 'UKI', 'nobody-uki@digital.justice.gov.uk', null),
       ('51eeb313-a7d9-4bbb-b43e-2a26d452587c', 'e9bcf211-f38d-427e-adb5-ef2fd40d792d', 'BAI', 'nobody-bai@digital.justice.gov.uk', null),
       ('0a5fcd9a-3a1a-4291-a3ca-9d7dd3f55fe7', 'e9bcf211-f38d-427e-adb5-ef2fd40d792d', 'FHI', 'nobody-fhi@digital.justice.gov.uk', null),
       ('9c92e414-5a0f-405c-860c-f31aaaf10b4b', 'e9bcf211-f38d-427e-adb5-ef2fd40d792d', 'CKI', 'nobody-cki@digital.justice.gov.uk', null),
       ('deec2801-1e73-4b4c-8f6f-cb643bfdf237', 'e9bcf211-f38d-427e-adb5-ef2fd40d792d', 'SDI', 'nobody-sdi@digital.justice.gov.uk', null),
       ('6f62099f-5ea9-4f3c-930c-8c3b13e0c8cd', 'e9bcf211-f38d-427e-adb5-ef2fd40d792d', 'BFI', 'nobody-bfi@digital.justice.gov.uk', null),
       ('47268e7a-27de-46fe-b90b-6068ef1b8c2e', 'e9bcf211-f38d-427e-adb5-ef2fd40d792d', 'LGI', 'nobody-lgi@digital.justice.gov.uk', null),
       ('198b69c7-8411-43b6-a1be-bba2560eb692', 'e9bcf211-f38d-427e-adb5-ef2fd40d792d', 'PYI', 'nobody-pyi@digital.justice.gov.uk', null),
       ('7d0472a4-dfc0-4e39-9576-9da86c676724', 'e9bcf211-f38d-427e-adb5-ef2fd40d792d', 'AYI', 'nobody-ayi@digital.justice.gov.uk', null),
       ('fc45bc19-0224-4086-8bce-0359bc3130fd', 'e9bcf211-f38d-427e-adb5-ef2fd40d792d', 'CDI', 'nobody-cdi@digital.justice.gov.uk', null),
       ('d0f9fe8b-5aef-4a45-bba8-65ec21ef1f3d', 'e9bcf211-f38d-427e-adb5-ef2fd40d792d', 'WSI', 'nobody-wsi@digital.justice.gov.uk', null),
       ('e211cbb6-d793-4730-95a9-6d588ea96f95', 'e9bcf211-f38d-427e-adb5-ef2fd40d792d', 'CFI', 'nobody-cfi@digital.justice.gov.uk', null),
       ('8dfb242f-dc4b-4c64-93ea-8af46f51d289', 'e9bcf211-f38d-427e-adb5-ef2fd40d792d', 'WYI', 'nobody-wyi@digital.justice.gov.uk', null),
       ('372a3626-964b-4420-bff7-18b3529ecfb2', 'e9bcf211-f38d-427e-adb5-ef2fd40d792d', 'HDI', 'nobody-hdi@digital.justice.gov.uk', null),
       ('ba85d8be-c55b-414c-b7bf-4af16816f0f8', 'e9bcf211-f38d-427e-adb5-ef2fd40d792d', 'DMI', 'nobody-dmi@digital.justice.gov.uk', null),
       ('3708b470-5720-4b3b-875d-fdd865985b90', 'e9bcf211-f38d-427e-adb5-ef2fd40d792d', 'SNI', 'nobody-sni@digital.justice.gov.uk', null),
       ('5e31c19e-60f2-4ecf-b4fa-71990b05617f', 'e9bcf211-f38d-427e-adb5-ef2fd40d792d', 'PNI', 'nobody-pni@digital.justice.gov.uk', null),
       ('a564ec69-74f8-40d1-a0dc-32561dfa0a09', '8ab7eb95-f935-48e6-82f5-11e99fc021d9', 'ISI', 'nobody-isi@digital.justice.gov.uk', null),
       ('ce642b97-1903-428e-8903-459c6f100344', '8ab7eb95-f935-48e6-82f5-11e99fc021d9', 'SLI', 'nobody-sli@digital.justice.gov.uk', null),
       ('7d36d8ca-84a9-42e4-bf43-4544ffc1dc4e', '8ab7eb95-f935-48e6-82f5-11e99fc021d9', 'KMI', 'nobody-kmi@digital.justice.gov.uk', null),
       ('5652f8c1-33fd-4e4c-8019-7fddf28a51ea', '8ab7eb95-f935-48e6-82f5-11e99fc021d9', 'WII', 'nobody-wii@digital.justice.gov.uk', null),
       ('d84f65fa-0ac4-4f7c-b37d-872e92e10f7e', '8ab7eb95-f935-48e6-82f5-11e99fc021d9', 'ACI', 'nobody-aci@digital.justice.gov.uk', null),
       ('d462dff4-cf1f-4622-ae2c-fb8d9af925f4', '8ab7eb95-f935-48e6-82f5-11e99fc021d9', 'LHI', 'nobody-lhi@digital.justice.gov.uk', null),
       ('8e3166f3-93bc-4f06-a9a5-76be26c75b5f', '8ab7eb95-f935-48e6-82f5-11e99fc021d9', 'BRI', 'nobody-bri@digital.justice.gov.uk', null),
       ('98446922-2f42-42d0-a74e-5942d7b2aad1', '8ab7eb95-f935-48e6-82f5-11e99fc021d9', 'HOI', 'nobody-hoi@digital.justice.gov.uk', null),
       ('b03d5b8d-2275-4cee-9cd0-3a530e96e27b', '8ab7eb95-f935-48e6-82f5-11e99fc021d9', 'RHI', 'nobody-rhi@digital.justice.gov.uk', null),
       ('9afdbb94-04d4-45bd-9c0e-dc4ba74255ae', '8ab7eb95-f935-48e6-82f5-11e99fc021d9', 'BAI', 'nobody-bai@digital.justice.gov.uk', null),
       ('bbd7989d-356a-462f-b95d-d6a1b1312d01', '8ab7eb95-f935-48e6-82f5-11e99fc021d9', 'MHI', 'nobody-mhi@digital.justice.gov.uk', null),
       ('2179b452-a1a1-4167-b475-6812974cac11', '8ab7eb95-f935-48e6-82f5-11e99fc021d9', 'BZI', 'nobody-bzi@digital.justice.gov.uk', null),
       ('fe865a42-074e-4e61-bf1d-0b83137f9631', '8ab7eb95-f935-48e6-82f5-11e99fc021d9', 'PNI', 'nobody-pni@digital.justice.gov.uk', null),
       ('1017243f-2341-49f4-bdcc-8e37cbfa3bab', '8ab7eb95-f935-48e6-82f5-11e99fc021d9', 'ONI', 'nobody-oni@digital.justice.gov.uk', null),
       ('654003a2-dcf4-4a16-8cfd-fce789bd8e0a', '8ab7eb95-f935-48e6-82f5-11e99fc021d9', 'FBI', 'nobody-fbi@digital.justice.gov.uk', null),
       ('3ef01e28-1692-431d-8db4-e97f8728d237', '8ab7eb95-f935-48e6-82f5-11e99fc021d9', 'FSI', 'nobody-fsi@digital.justice.gov.uk', null),
       ('f4c136b0-1573-413a-93ef-b49b77163aba', '8ab7eb95-f935-48e6-82f5-11e99fc021d9', 'SNI', 'nobody-sni@digital.justice.gov.uk', null),
       ('5a2e7223-d295-454b-ac5a-70f7de032703', '8ab7eb95-f935-48e6-82f5-11e99fc021d9', 'SHI', 'nobody-shi@digital.justice.gov.uk', null),
       ('27d08938-1a8e-4bb4-9a6b-7d176f9ee875', '8ab7eb95-f935-48e6-82f5-11e99fc021d9', 'NHI', 'nobody-nhi@digital.justice.gov.uk', null),
       ('bdbba29b-4952-4ce4-abfa-979931bb6a25', '8ab7eb95-f935-48e6-82f5-11e99fc021d9', 'SDI', 'nobody-sdi@digital.justice.gov.uk', null),
       ('07ead2ce-2217-4519-a949-c5bc011b496d', '8ab7eb95-f935-48e6-82f5-11e99fc021d9', 'OWI', 'nobody-owi@digital.justice.gov.uk', null),
       ('a0c386b9-0e63-4aba-8746-eba417988a5f', '8ab7eb95-f935-48e6-82f5-11e99fc021d9', 'BCI', 'nobody-bci@digital.justice.gov.uk', null),
       ('8a639db4-df71-493c-84e5-313b1140f6e1', '8ab7eb95-f935-48e6-82f5-11e99fc021d9', 'HBI', 'nobody-hbi@digital.justice.gov.uk', null),
       ('d01a9cb1-cfcf-43a8-a26b-9d32092b541b', '8ab7eb95-f935-48e6-82f5-11e99fc021d9', 'DGI', 'nobody-dgi@digital.justice.gov.uk', null),
       ('cb846b74-1647-459f-bedd-ec5772fa040a', '8ab7eb95-f935-48e6-82f5-11e99fc021d9', 'FNI', 'nobody-fni@digital.justice.gov.uk', null),
       ('b67edb47-6fae-44b0-a460-594779c089bb', '8ab7eb95-f935-48e6-82f5-11e99fc021d9', 'AYI', 'nobody-ayi@digital.justice.gov.uk', null),
       ('55d88e93-4538-47d6-8678-e66c161823e9', '8ab7eb95-f935-48e6-82f5-11e99fc021d9', 'SKI', 'nobody-ski@digital.justice.gov.uk', null),
       ('f53ffd14-4e91-472d-af3b-af37a7934ebe', '8ab7eb95-f935-48e6-82f5-11e99fc021d9', 'STI', 'nobody-sti@digital.justice.gov.uk', null),
       ('70453cd5-95b1-4311-a802-6bcd61c8ca57', '8ab7eb95-f935-48e6-82f5-11e99fc021d9', 'WSI', 'nobody-wsi@digital.justice.gov.uk', null),
       ('c751e785-75c6-4472-ab45-3fc6f4fd4d73', '8ab7eb95-f935-48e6-82f5-11e99fc021d9', 'LEI', 'nobody-lei@digital.justice.gov.uk', null),
       ('520f4857-d6e4-405e-87d3-9b482bc9554c', '8ab7eb95-f935-48e6-82f5-11e99fc021d9', 'SUI', 'nobody-sui@digital.justice.gov.uk', null),
       ('fd734903-c16b-4adb-b122-6da04e47c452', '8ab7eb95-f935-48e6-82f5-11e99fc021d9', 'SPI', 'nobody-spi@digital.justice.gov.uk', null),
       ('717208e7-64d3-42f5-ae4f-e08e1406ce4d', '8ab7eb95-f935-48e6-82f5-11e99fc021d9', 'DHI', 'nobody-dhi@digital.justice.gov.uk', null),
       ('6778ee43-976c-4b69-9810-91ccc48396b6', '8ab7eb95-f935-48e6-82f5-11e99fc021d9', 'FDI', 'nobody-fdi@digital.justice.gov.uk', null),
       ('8a92a8c4-1d34-422a-bf66-915920e3de2c', '8ab7eb95-f935-48e6-82f5-11e99fc021d9', 'MTI', 'nobody-mti@digital.justice.gov.uk', null),
       ('7d0f9548-c35c-4c48-a89d-6fbb02f69ed5', '8ab7eb95-f935-48e6-82f5-11e99fc021d9', 'WTI', 'nobody-wti@digital.justice.gov.uk', null),
       ('1a0f663e-816c-4fdd-9eeb-c678065a72c4', '8ab7eb95-f935-48e6-82f5-11e99fc021d9', 'WDI', 'nobody-wdi@digital.justice.gov.uk', null),
       ('207b038e-e926-4bf0-aa51-201d34d7befa', '8ab7eb95-f935-48e6-82f5-11e99fc021d9', 'WMI', 'nobody-wmi@digital.justice.gov.uk', null),
       ('da9cbafe-cbe9-4321-ab94-7c1987d65bca', '8ab7eb95-f935-48e6-82f5-11e99fc021d9', 'ASI', 'nobody-asi@digital.justice.gov.uk', null),
       ('aad5f872-629e-4d4c-8d67-fb66edad5155', '8ab7eb95-f935-48e6-82f5-11e99fc021d9', 'GMI', 'nobody-gmi@digital.justice.gov.uk', null),
       ('165294a0-d258-4e1e-b9bd-829dc83596c2', '8ab7eb95-f935-48e6-82f5-11e99fc021d9', 'EWI', 'nobody-ewi@digital.justice.gov.uk', null),
       ('8f79b92f-193f-43b4-b91a-f0c60433187c', '8ab7eb95-f935-48e6-82f5-11e99fc021d9', 'CLI', 'nobody-cli@digital.justice.gov.uk', null),
       ('71800581-d408-4f85-baac-652935905fc9', '8ab7eb95-f935-48e6-82f5-11e99fc021d9', 'HVI', 'nobody-hvi@digital.justice.gov.uk', null),
       ('b2b45c9b-c95d-4424-8278-9069f4462a47', '8ab7eb95-f935-48e6-82f5-11e99fc021d9', 'RCI', 'nobody-rci@digital.justice.gov.uk', null),
       ('764d86f0-7b07-4046-ba02-a355a4eae7aa', '8ab7eb95-f935-48e6-82f5-11e99fc021d9', 'BSI', 'nobody-bsi@digital.justice.gov.uk', null),
       ('0559ea38-ac01-4140-b333-b3fa624631b0', '8ab7eb95-f935-48e6-82f5-11e99fc021d9', 'PVI', 'nobody-pvi@digital.justice.gov.uk', null),
       ('ff2e2999-a9f7-41ec-95aa-62ae790d57ea', '8ab7eb95-f935-48e6-82f5-11e99fc021d9', 'KVI', 'nobody-kvi@digital.justice.gov.uk', null),
       ('a0b3423c-1362-43ea-9a1a-b23013ee7b76', '8ab7eb95-f935-48e6-82f5-11e99fc021d9', 'PDI', 'nobody-pdi@digital.justice.gov.uk', null),
       ('a7481f1c-0596-47d0-9235-d5813433501c', '8ab7eb95-f935-48e6-82f5-11e99fc021d9', 'FKI', 'nobody-fki@digital.justice.gov.uk', null),
       ('817367de-ba73-4e0a-bd1c-bdf5c0c10613', '8ab7eb95-f935-48e6-82f5-11e99fc021d9', 'SWI', 'nobody-swi@digital.justice.gov.uk', null),
       ('112bf6ec-966c-45f9-902f-efc7c2c1561a', '8ab7eb95-f935-48e6-82f5-11e99fc021d9', 'WWI', 'nobody-wwi@digital.justice.gov.uk', null),
       ('53047483-95dc-4bd1-8bee-2c9071fd2705', '8ab7eb95-f935-48e6-82f5-11e99fc021d9', 'BNI', 'nobody-bni@digital.justice.gov.uk', null),
       ('8b25ce43-a378-4ab8-b55d-85ae2af09b89', '8ab7eb95-f935-48e6-82f5-11e99fc021d9', 'UKI', 'nobody-uki@digital.justice.gov.uk', null),
       ('84eb1abb-90fe-42a2-b065-72447c259363', '8ab7eb95-f935-48e6-82f5-11e99fc021d9', 'LWI', 'nobody-lwi@digital.justice.gov.uk', null),
       ('0ba5cc73-ba7c-4f19-b6b5-e9924c026ee4', '8ab7eb95-f935-48e6-82f5-11e99fc021d9', 'HEI', 'nobody-hei@digital.justice.gov.uk', null),
       ('c1ef6047-3846-40e3-b3c0-1bb3094be093', '8ab7eb95-f935-48e6-82f5-11e99fc021d9', 'GHI', 'nobody-ghi@digital.justice.gov.uk', null),
       ('74b06d23-6234-4192-8e1e-894898b38c89', '8ab7eb95-f935-48e6-82f5-11e99fc021d9', 'EHI', 'nobody-ehi@digital.justice.gov.uk', null),
       ('aa0ec71a-1c67-4a67-9844-bc991ef1c805', '8ab7eb95-f935-48e6-82f5-11e99fc021d9', 'NMI', 'nobody-nmi@digital.justice.gov.uk', null),
       ('b74187e0-b58c-4c3c-8156-75ad886392fa', '8ab7eb95-f935-48e6-82f5-11e99fc021d9', 'HMI', 'nobody-hmi@digital.justice.gov.uk', null),
       ('11084dec-ece7-4f75-a899-44698469a38e', '8ab7eb95-f935-48e6-82f5-11e99fc021d9', 'MRI', 'nobody-mri@digital.justice.gov.uk', null),
       ('d5f735ce-26d0-47fa-ac88-0f484545e0db', '8ab7eb95-f935-48e6-82f5-11e99fc021d9', 'RSI', 'nobody-rsi@digital.justice.gov.uk', null),
       ('5324ea2b-2373-4b39-abd8-a77e84c05214', '8ab7eb95-f935-48e6-82f5-11e99fc021d9', 'RNI', 'nobody-rni@digital.justice.gov.uk', null),
       ('bac5b835-3211-4fcd-b78e-bab002ca26e2', '8ab7eb95-f935-48e6-82f5-11e99fc021d9', 'ESI', 'nobody-esi@digital.justice.gov.uk', null),
       ('f89a0c34-375a-4577-b490-8e36c20c68a9', '8ab7eb95-f935-48e6-82f5-11e99fc021d9', 'DTI', 'nobody-dti@digital.justice.gov.uk', null),
       ('7459687f-4db9-4fd9-9d78-9655bd135b48', '8ab7eb95-f935-48e6-82f5-11e99fc021d9', 'BFI', 'nobody-bfi@digital.justice.gov.uk', null),
       ('b0d6c271-6001-4404-b301-5964d00fa8ec', '8ab7eb95-f935-48e6-82f5-11e99fc021d9', 'FHI', 'nobody-fhi@digital.justice.gov.uk', null),
       ('7875dd48-0167-4e30-9b90-2c774eb32c00', '8ab7eb95-f935-48e6-82f5-11e99fc021d9', 'TSI', 'nobody-tsi@digital.justice.gov.uk', null),
       ('e713cd64-ee71-4963-ae54-372e42d06552', '8ab7eb95-f935-48e6-82f5-11e99fc021d9', 'WCI', 'nobody-wci@digital.justice.gov.uk', null),
       ('464bfa6e-68a9-44fa-abff-030632a5b684', '8ab7eb95-f935-48e6-82f5-11e99fc021d9', 'WEI', 'nobody-wei@digital.justice.gov.uk', null),
       ('8c9daa58-db5e-477a-96f0-7b16f41692b8', '8ab7eb95-f935-48e6-82f5-11e99fc021d9', 'HLI', 'nobody-hli@digital.justice.gov.uk', null),
       ('d0bbb3ac-2bfc-461d-bdd8-2f513abe72d2', '8ab7eb95-f935-48e6-82f5-11e99fc021d9', 'CDI', 'nobody-cdi@digital.justice.gov.uk', null),
       ('80d7b6d2-990f-457d-b5c5-7e65bdbcfe39', '8ab7eb95-f935-48e6-82f5-11e99fc021d9', 'CWI', 'nobody-cwi@digital.justice.gov.uk', null),
       ('3e3be521-79ce-4be7-971c-f7539f7ef118', '8ab7eb95-f935-48e6-82f5-11e99fc021d9', 'HCI', 'nobody-hci@digital.justice.gov.uk', null),
       ('a2fef2ed-d0c2-4d22-9c80-af62d0c23cd5', '8ab7eb95-f935-48e6-82f5-11e99fc021d9', 'EXI', 'nobody-exi@digital.justice.gov.uk', null),
       ('f256cb98-9528-4791-bdb8-41d4be980b8f', '8ab7eb95-f935-48e6-82f5-11e99fc021d9', 'HII', 'nobody-hii@digital.justice.gov.uk', null),
       ('c90f5f61-991a-4130-bfc4-94d83987c925', '8ab7eb95-f935-48e6-82f5-11e99fc021d9', 'DWI', 'nobody-dwi@digital.justice.gov.uk', null),
       ('6d309314-9400-448e-82ad-7c382ba3c60f', '8ab7eb95-f935-48e6-82f5-11e99fc021d9', 'WYI', 'nobody-wyi@digital.justice.gov.uk', null),
       ('f2a6b2c7-1a94-4ebb-b9c2-f599ba35a1cd', '8ab7eb95-f935-48e6-82f5-11e99fc021d9', 'DMI', 'nobody-dmi@digital.justice.gov.uk', null),
       ('a4ef58fe-beae-4db3-94e4-216b93d43b0e', '8ab7eb95-f935-48e6-82f5-11e99fc021d9', 'GTI', 'nobody-gti@digital.justice.gov.uk', null),
       ('0e90b9be-b493-490f-91d7-c1cc753a2532', '8ab7eb95-f935-48e6-82f5-11e99fc021d9', 'WLI', 'nobody-wli@digital.justice.gov.uk', null),
       ('8c9369c7-762a-47da-89fa-fde8ab02eb0a', '8ab7eb95-f935-48e6-82f5-11e99fc021d9', 'LPI', 'nobody-lpi@digital.justice.gov.uk', null),
       ('be5157fa-bc2f-4e8b-b5ee-995ce3ecac6c', '8ab7eb95-f935-48e6-82f5-11e99fc021d9', 'MDI', 'nobody-mdi@digital.justice.gov.uk', null),
       ('c03d9ee5-78cc-4808-9c04-2a625e54e6ca', '8ab7eb95-f935-48e6-82f5-11e99fc021d9', 'NWI', 'nobody-nwi@digital.justice.gov.uk', null),
       ('5e14e5a6-16ba-442f-a71f-06a4c669762c', '8ab7eb95-f935-48e6-82f5-11e99fc021d9', 'LGI', 'nobody-lgi@digital.justice.gov.uk', null),
       ('0544824d-3141-49b6-840a-be15f44b775d', '8ab7eb95-f935-48e6-82f5-11e99fc021d9', 'CFI', 'nobody-cfi@digital.justice.gov.uk', null),
       ('19112bc3-5b03-48a1-bf54-e12423504610', '8ab7eb95-f935-48e6-82f5-11e99fc021d9', 'TCI', 'nobody-tci@digital.justice.gov.uk', null),
       ('ccbca513-bcc2-4f04-8e6d-a7222edb1656', '8ab7eb95-f935-48e6-82f5-11e99fc021d9', 'SFI', 'nobody-sfi@digital.justice.gov.uk', null),
       ('13cb2a45-8207-472a-84a8-488fd3a83be2', '8ab7eb95-f935-48e6-82f5-11e99fc021d9', 'HPI', 'nobody-hpi@digital.justice.gov.uk', null),
       ('5ad09457-8888-49fc-afa6-d6b3e6d0f1b2', '8ab7eb95-f935-48e6-82f5-11e99fc021d9', 'LNI', 'nobody-lni@digital.justice.gov.uk', null),
       ('63ff75e7-4bb0-4b6e-bc83-5dd2be40e426', '8ab7eb95-f935-48e6-82f5-11e99fc021d9', 'CKI', 'nobody-cki@digital.justice.gov.uk', null),
       ('902f50f4-58f7-44c5-9677-d2d0efd7294d', '8ab7eb95-f935-48e6-82f5-11e99fc021d9', 'BWI', 'nobody-bwi@digital.justice.gov.uk', null),
       ('3af2548a-dec3-435c-ac02-af5e6142f385', '8ab7eb95-f935-48e6-82f5-11e99fc021d9', 'VEI', 'nobody-vei@digital.justice.gov.uk', null),
       ('dde2d6cb-3eb5-4cd6-bc88-f8e068f2fcd4', '8ab7eb95-f935-48e6-82f5-11e99fc021d9', 'EEI', 'nobody-eei@digital.justice.gov.uk', null),
       ('1ea3cc49-76e2-48a0-a605-f8ee3f708f24', '8ab7eb95-f935-48e6-82f5-11e99fc021d9', 'FMI', 'nobody-fmi@digital.justice.gov.uk', null),
       ('95baf0fd-0f53-4cb4-bfe7-e69984b60d2f', '8ab7eb95-f935-48e6-82f5-11e99fc021d9', 'GNI', 'nobody-gni@digital.justice.gov.uk', null),
       ('8f20a1fa-9627-490b-8097-c99a46226b45', '8ab7eb95-f935-48e6-82f5-11e99fc021d9', 'LII', 'nobody-lii@digital.justice.gov.uk', null),
       ('017c8a5b-5e04-4cac-893c-1f11aa41a577', '8ab7eb95-f935-48e6-82f5-11e99fc021d9', 'DNI', 'nobody-dni@digital.justice.gov.uk', null),
       ('54f8b395-1202-4d75-bd44-ace6b2ceaf86', '8ab7eb95-f935-48e6-82f5-11e99fc021d9', 'FYI', 'nobody-fyi@digital.justice.gov.uk', null),
       ('1d2bcef0-7f0e-4409-948a-fb3031c9eee4', '8ab7eb95-f935-48e6-82f5-11e99fc021d9', 'WRI', 'nobody-wri@digital.justice.gov.uk', null),
       ('1910e48a-7b9b-48ad-8a08-1524069c8b39', '8ab7eb95-f935-48e6-82f5-11e99fc021d9', 'IWI', 'nobody-iwi@digital.justice.gov.uk', null),
       ('e43edb87-f6be-47db-8b35-69c111caacf4', '8ab7eb95-f935-48e6-82f5-11e99fc021d9', 'PYI', 'nobody-pyi@digital.justice.gov.uk', null),
       ('839d8d2e-251e-44a1-9466-37a5b65b79cf', '8ab7eb95-f935-48e6-82f5-11e99fc021d9', 'EYI', 'nobody-eyi@digital.justice.gov.uk', null),
       ('2a28d01d-058b-4dfa-82d3-2f9a1c884cd0', '8ab7eb95-f935-48e6-82f5-11e99fc021d9', 'WHI', 'nobody-whi@digital.justice.gov.uk', null),
       ('81ebc4f4-af8a-4657-933a-c58b18b0d43a', '8ab7eb95-f935-48e6-82f5-11e99fc021d9', 'BLI', 'nobody-bli@digital.justice.gov.uk', null),
       ('133fc0e9-1c67-42c7-85ce-7db6c2befce2', '8ab7eb95-f935-48e6-82f5-11e99fc021d9', 'PRI', 'nobody-pri@digital.justice.gov.uk', null),
       ('a32b77c0-5dbe-4ee9-bee4-2c0bba703056', '8ab7eb95-f935-48e6-82f5-11e99fc021d9', 'BXI', 'nobody-bxi@digital.justice.gov.uk', null),
       ('db27d91a-8c78-4359-afe9-5fe18ef104d0', '8ab7eb95-f935-48e6-82f5-11e99fc021d9', 'FWI', 'nobody-fwi@digital.justice.gov.uk', null),
       ('d7fd1bd5-f2bc-4b09-918a-f0eaedaf74b0', '8ab7eb95-f935-48e6-82f5-11e99fc021d9', 'DAI', 'nobody-dai@digital.justice.gov.uk', null),
       ('ee39db5a-2762-4d5d-85d2-3da776e2dbdd', '8ab7eb95-f935-48e6-82f5-11e99fc021d9', 'AGI', 'nobody-agi@digital.justice.gov.uk', null),
       ('69a4b26c-b314-46da-aea9-ba626a8e9d71', 'f17fac56-beea-4c77-8a29-b5478e5c6f4b', 'BRI', 'nobody-bri@digital.justice.gov.uk', null),
       ('da61c3b4-5f87-4bfc-8514-8d6a5b6459d6', 'f17fac56-beea-4c77-8a29-b5478e5c6f4b', 'RSI', 'nobody-rsi@digital.justice.gov.uk', null),
       ('3d3178fb-23bb-4262-868a-454d83cfca86', 'f17fac56-beea-4c77-8a29-b5478e5c6f4b', 'MSI', 'nobody-msi@digital.justice.gov.uk', null),
       ('9c2a89f9-b37d-4f3a-98e6-c2494a503699', 'f17fac56-beea-4c77-8a29-b5478e5c6f4b', 'NLI', 'nobody-nli@digital.justice.gov.uk', null),
       ('29315aa9-60fd-41cd-9409-0a33f579f3cc', 'f17fac56-beea-4c77-8a29-b5478e5c6f4b', 'RNI', 'nobody-rni@digital.justice.gov.uk', null),
       ('3d9c0767-3363-4809-8763-2ec51ff5e5ad', 'f17fac56-beea-4c77-8a29-b5478e5c6f4b', 'DHI', 'nobody-dhi@digital.justice.gov.uk', null),
       ('63c9ba81-410f-499d-b2e6-6865522df30e', 'f17fac56-beea-4c77-8a29-b5478e5c6f4b', 'ASI', 'nobody-asi@digital.justice.gov.uk', null),
       ('aefa7b06-cbeb-4a86-b021-7168330aefa7', 'f17fac56-beea-4c77-8a29-b5478e5c6f4b', 'MHI', 'nobody-mhi@digital.justice.gov.uk', null),
       ('f989b077-2043-4225-aeed-b38437031cef', 'f17fac56-beea-4c77-8a29-b5478e5c6f4b', 'WWI', 'nobody-wwi@digital.justice.gov.uk', null),
       ('41356fd5-77d6-4e30-a4c4-5fab6364a916', 'f17fac56-beea-4c77-8a29-b5478e5c6f4b', 'HPI', 'nobody-hpi@digital.justice.gov.uk', null),
       ('ce0f0c7a-7b60-4578-b910-09f462b3f3fa', 'f17fac56-beea-4c77-8a29-b5478e5c6f4b', 'PDI', 'nobody-pdi@digital.justice.gov.uk', null),
       ('84ceafe6-2c7e-4246-b9ff-ead6c22d8a81', 'f17fac56-beea-4c77-8a29-b5478e5c6f4b', 'HDI', 'nobody-hdi@digital.justice.gov.uk', null),
       ('60bb021d-316f-4e9b-a8d0-844e96c6e684', 'f17fac56-beea-4c77-8a29-b5478e5c6f4b', 'STI', 'nobody-sti@digital.justice.gov.uk', null),
       ('26e409a9-eb5a-4800-8272-852903376a72', 'f17fac56-beea-4c77-8a29-b5478e5c6f4b', 'RHI', 'nobody-rhi@digital.justice.gov.uk', null),
       ('39281344-10e0-4c9d-928a-8b3d01ba238b', 'f17fac56-beea-4c77-8a29-b5478e5c6f4b', 'SLI', 'nobody-sli@digital.justice.gov.uk', null),
       ('31a7145e-5cb4-44d6-a6cd-224e62b68a9e', 'f17fac56-beea-4c77-8a29-b5478e5c6f4b', 'IWI', 'nobody-iwi@digital.justice.gov.uk', null),
       ('16f5a763-6740-40c5-bf62-5f04256220a9', 'f17fac56-beea-4c77-8a29-b5478e5c6f4b', 'LYI', 'nobody-lyi@digital.justice.gov.uk', null),
       ('16a20d8a-e03d-4a6a-9b54-05a4d6d5da7b', 'f17fac56-beea-4c77-8a29-b5478e5c6f4b', 'WNI', 'nobody-wni@digital.justice.gov.uk', null),
       ('1f4d6751-b5ee-4da6-b3c6-f4a5a3bf6e8d', 'f17fac56-beea-4c77-8a29-b5478e5c6f4b', 'HII', 'nobody-hii@digital.justice.gov.uk', null),
       ('f32d45d2-72c8-4cd4-931a-6fef82f86ae5', 'f17fac56-beea-4c77-8a29-b5478e5c6f4b', 'FYI', 'nobody-fyi@digital.justice.gov.uk', null),
       ('9fffe3ef-ac00-4c8c-8b88-0fe5e62c46aa', 'f17fac56-beea-4c77-8a29-b5478e5c6f4b', 'MDI', 'nobody-mdi@digital.justice.gov.uk', null),
       ('7c75e559-60d2-4877-9b07-6fe92547280f', 'f17fac56-beea-4c77-8a29-b5478e5c6f4b', 'LNI', 'nobody-lni@digital.justice.gov.uk', null),
       ('f90645bc-36a3-450b-803d-53aa2387504a', 'f17fac56-beea-4c77-8a29-b5478e5c6f4b', 'GMI', 'nobody-gmi@digital.justice.gov.uk', null),
       ('37e07a71-6bc1-4f0b-8914-eaa78dfcd05d', 'f17fac56-beea-4c77-8a29-b5478e5c6f4b', 'LHI', 'nobody-lhi@digital.justice.gov.uk', null),
       ('430ebc1f-6727-4120-84fa-ebd85a1a36d0', 'f17fac56-beea-4c77-8a29-b5478e5c6f4b', 'LWI', 'nobody-lwi@digital.justice.gov.uk', null),
       ('9582d1f8-87b2-4cce-9ce7-0f4d8014f2f5', 'f17fac56-beea-4c77-8a29-b5478e5c6f4b', 'FSI', 'nobody-fsi@digital.justice.gov.uk', null),
       ('5efcee21-4031-4df3-9954-54e03697b78a', 'f17fac56-beea-4c77-8a29-b5478e5c6f4b', 'HVI', 'nobody-hvi@digital.justice.gov.uk', null),
       ('6b3f45ac-d491-4877-8060-9d5e8a5fa720', 'f17fac56-beea-4c77-8a29-b5478e5c6f4b', 'BAI', 'nobody-bai@digital.justice.gov.uk', null),
       ('96f7abdd-707e-417c-8df5-be9bd41cac16', 'f17fac56-beea-4c77-8a29-b5478e5c6f4b', 'WII', 'nobody-wii@digital.justice.gov.uk', null),
       ('4ff03277-3464-42b8-8ad3-e3637654c33d', 'f17fac56-beea-4c77-8a29-b5478e5c6f4b', 'WYI', 'nobody-wyi@digital.justice.gov.uk', null),
       ('6d15a22b-1919-43c2-828e-28edd057f0e1', 'f17fac56-beea-4c77-8a29-b5478e5c6f4b', 'LPI', 'nobody-lpi@digital.justice.gov.uk', null),
       ('e1ae5ce6-759f-46df-b6da-262ee9eb1b1a', 'f17fac56-beea-4c77-8a29-b5478e5c6f4b', 'LFI', 'nobody-lfi@digital.justice.gov.uk', null),
       ('14dec97f-aae1-4b39-a45d-c72e82e5593c', 'f17fac56-beea-4c77-8a29-b5478e5c6f4b', 'MTI', 'nobody-mti@digital.justice.gov.uk', null),
       ('840bec22-88d8-4d6a-b9e2-f4e91c07ae95', 'f17fac56-beea-4c77-8a29-b5478e5c6f4b', 'PNI', 'nobody-pni@digital.justice.gov.uk', null),
       ('4f51cb04-5d3e-49f7-a66c-8d5b88a4c183', 'f17fac56-beea-4c77-8a29-b5478e5c6f4b', 'SHI', 'nobody-shi@digital.justice.gov.uk', null),
       ('1d3af90f-f0fa-48cc-a3e5-57f68e961d64', 'f17fac56-beea-4c77-8a29-b5478e5c6f4b', 'DNI', 'nobody-dni@digital.justice.gov.uk', null),
       ('84cc9f5a-ceec-4241-9b56-d1530cb7c04a', 'f17fac56-beea-4c77-8a29-b5478e5c6f4b', 'BXI', 'nobody-bxi@digital.justice.gov.uk', null),
       ('8dc4406c-b8aa-4675-953a-0ccf7219969a', 'f17fac56-beea-4c77-8a29-b5478e5c6f4b', 'NMI', 'nobody-nmi@digital.justice.gov.uk', null),
       ('5a6a4f01-0d0d-4786-9b36-d0ad47b4cd4f', 'f17fac56-beea-4c77-8a29-b5478e5c6f4b', 'HCI', 'nobody-hci@digital.justice.gov.uk', null),
       ('e9c7e07e-58dc-440f-ba1a-0bf168a1cdbb', 'f17fac56-beea-4c77-8a29-b5478e5c6f4b', 'HEI', 'nobody-hei@digital.justice.gov.uk', null),
       ('471e2c5a-c745-4d94-bc2c-75263db32d89', 'f17fac56-beea-4c77-8a29-b5478e5c6f4b', 'TCI', 'nobody-tci@digital.justice.gov.uk', null),
       ('3ba20974-90ac-4078-aabf-4548b75fdf24', 'f17fac56-beea-4c77-8a29-b5478e5c6f4b', 'FBI', 'nobody-fbi@digital.justice.gov.uk', null),
       ('38a828b9-1bca-43fb-a6ef-e1e7fea4e6be', 'f17fac56-beea-4c77-8a29-b5478e5c6f4b', 'BSI', 'nobody-bsi@digital.justice.gov.uk', null),
       ('c399e441-3732-4ebb-9b5a-5ff743afc530', 'f17fac56-beea-4c77-8a29-b5478e5c6f4b', 'EWI', 'nobody-ewi@digital.justice.gov.uk', null),
       ('b1e5c4ad-6f6c-4ceb-86a5-5298e4c6f8e0', 'f17fac56-beea-4c77-8a29-b5478e5c6f4b', 'HOI', 'nobody-hoi@digital.justice.gov.uk', null),
       ('42b9bdfe-089f-4a0f-ac0a-92d8445aa11f', 'f17fac56-beea-4c77-8a29-b5478e5c6f4b', 'WLI', 'nobody-wli@digital.justice.gov.uk', null),
       ('ec024efd-550d-405c-9afd-3520bffb8e24', 'f17fac56-beea-4c77-8a29-b5478e5c6f4b', 'FMI', 'nobody-fmi@digital.justice.gov.uk', null),
       ('7f57d259-73cf-4eb2-92a6-2cc5891c9412', 'f17fac56-beea-4c77-8a29-b5478e5c6f4b', 'NHI', 'nobody-nhi@digital.justice.gov.uk', null),
       ('3d1078d1-d36a-4a7f-8730-02c0a34ee900', 'f17fac56-beea-4c77-8a29-b5478e5c6f4b', 'LEI', 'nobody-lei@digital.justice.gov.uk', null),
       ('d46c61f1-8966-4569-b44e-4e5c519c5d4e', 'f17fac56-beea-4c77-8a29-b5478e5c6f4b', 'UPI', 'nobody-upi@digital.justice.gov.uk', null),
       ('e7e71659-16ed-4b12-9372-2c5bfd769f9b', 'f17fac56-beea-4c77-8a29-b5478e5c6f4b', 'FNI', 'nobody-fni@digital.justice.gov.uk', null),
       ('bd25a284-3bde-40d9-96f4-0ac37a4eb765', 'f17fac56-beea-4c77-8a29-b5478e5c6f4b', 'PFI', 'nobody-pfi@digital.justice.gov.uk', null),
       ('83c739c6-095a-4974-a6a3-95e6ac875240', 'f17fac56-beea-4c77-8a29-b5478e5c6f4b', 'MRI', 'nobody-mri@digital.justice.gov.uk', null),
       ('26ed8adb-fab5-4105-b516-72c23196c34e', 'f17fac56-beea-4c77-8a29-b5478e5c6f4b', 'EXI', 'nobody-exi@digital.justice.gov.uk', null),
       ('da779bfa-a654-477a-9b70-f5a9d0a50401', 'f17fac56-beea-4c77-8a29-b5478e5c6f4b', 'CDI', 'nobody-cdi@digital.justice.gov.uk', null),
       ('7c70ce77-b4a0-4d75-9f3e-4d698ffa00af', 'f17fac56-beea-4c77-8a29-b5478e5c6f4b', 'SDI', 'nobody-sdi@digital.justice.gov.uk', null),
       ('5f8ff549-48e0-4bc4-8efc-893331ad2235', 'f17fac56-beea-4c77-8a29-b5478e5c6f4b', 'WMI', 'nobody-wmi@digital.justice.gov.uk', null),
       ('438bc3fe-ef7a-41eb-9d88-4eed369d2ef3', 'f17fac56-beea-4c77-8a29-b5478e5c6f4b', 'UKI', 'nobody-uki@digital.justice.gov.uk', null),
       ('d2f539ea-7416-43b2-a543-ada0856c8715', 'f17fac56-beea-4c77-8a29-b5478e5c6f4b', 'WTI', 'nobody-wti@digital.justice.gov.uk', null),
       ('3912334f-45dd-40fa-926e-a53c81db7ac1', 'f17fac56-beea-4c77-8a29-b5478e5c6f4b', 'ONI', 'nobody-oni@digital.justice.gov.uk', null),
       ('7c732d3b-6af3-4059-971e-4300cd0e245b', 'f17fac56-beea-4c77-8a29-b5478e5c6f4b', 'KMI', 'nobody-kmi@digital.justice.gov.uk', null),
       ('6471f911-43dc-4129-be27-6d6aafe301ef', 'f17fac56-beea-4c77-8a29-b5478e5c6f4b', 'BZI', 'nobody-bzi@digital.justice.gov.uk', null),
       ('48f7e587-35fc-49e2-8044-1e684f090825', 'f17fac56-beea-4c77-8a29-b5478e5c6f4b', 'LCI', 'nobody-lci@digital.justice.gov.uk', null),
       ('34b35a28-cdd7-42c4-b099-a8f2d2b19a9f', 'f17fac56-beea-4c77-8a29-b5478e5c6f4b', 'LII', 'nobody-lii@digital.justice.gov.uk', null),
       ('3f2b2552-f2af-43c5-8c12-0e23665bac9e', 'f17fac56-beea-4c77-8a29-b5478e5c6f4b', 'HBI', 'nobody-hbi@digital.justice.gov.uk', null),
       ('58437ad7-2e3f-412d-a40c-26131028693f', 'f17fac56-beea-4c77-8a29-b5478e5c6f4b', 'HHI', 'nobody-hhi@digital.justice.gov.uk', null),
       ('3f4c8a92-652a-4c5d-b028-d93e7be05bef', 'f17fac56-beea-4c77-8a29-b5478e5c6f4b', 'GNI', 'nobody-gni@digital.justice.gov.uk', null),
       ('fc2436b7-098f-48fe-9efc-c533fbde5a3c', 'f17fac56-beea-4c77-8a29-b5478e5c6f4b', 'EYI', 'nobody-eyi@digital.justice.gov.uk', null),
       ('be2bcd82-fcdc-44eb-890b-b905fd75c52e', 'f17fac56-beea-4c77-8a29-b5478e5c6f4b', 'BCI', 'nobody-bci@digital.justice.gov.uk', null),
       ('7972b691-a973-4cb5-8550-578429eb4f7b', 'f17fac56-beea-4c77-8a29-b5478e5c6f4b', 'PRI', 'nobody-pri@digital.justice.gov.uk', null),
       ('f2a0f571-66d7-4c69-9991-955fa69d826b', 'f17fac56-beea-4c77-8a29-b5478e5c6f4b', 'TSI', 'nobody-tsi@digital.justice.gov.uk', null),
       ('cc60d43d-5a5f-4753-9954-98b5bea4c174', 'f17fac56-beea-4c77-8a29-b5478e5c6f4b', 'GTI', 'nobody-gti@digital.justice.gov.uk', null),
       ('2c2919c7-4e7c-44fa-bdcf-63ceb9b81b36', 'f17fac56-beea-4c77-8a29-b5478e5c6f4b', 'WCI', 'nobody-wci@digital.justice.gov.uk', null),
       ('09c7ec49-723b-43b2-a4a8-3b9277871303', 'f17fac56-beea-4c77-8a29-b5478e5c6f4b', 'BLI', 'nobody-bli@digital.justice.gov.uk', null),
       ('6c86efb2-ed25-499f-a09d-18c11fa92df0', 'f17fac56-beea-4c77-8a29-b5478e5c6f4b', 'SKI', 'nobody-ski@digital.justice.gov.uk', null),
       ('d7be1d21-e62e-4d01-8042-47e6f34afa06', 'f17fac56-beea-4c77-8a29-b5478e5c6f4b', 'RCI', 'nobody-rci@digital.justice.gov.uk', null);

INSERT INTO referrer_user(referrer_username)
VALUES ('ACP_POM_USER'),
       ('ACP_PT_REFERRER_USER');

INSERT INTO referral(referral_id, offering_id, prison_number, referrer_username, referrer_id, additional_information, oasys_confirmed, has_reviewed_programme_history, status, submitted_on)
VALUES ('db0e9ef4-1a4a-4179-8a68-cbece3773059', 'fd734903-c16b-4adb-b122-6da04e47c452', '175AQ4D', 'ACP_POM_USER', '3F2504E0-4F89-41D3-9A0C-0305E82C3301', 'Tremo stultus arcesso. Doloribus coniecto deficio. Tantillus bos speculum apud.', false, false, 'REFERRAL_SUBMITTED', '2022-12-29T16:45:03.767Z'),
       ('99a0313a-f293-4b74-90c2-ab60d4e95b53', '0eefb2bb-3318-495f-9ac9-2b9544d7063e', 'ZM5KTFH', 'ACP_PT_REFERRER_USER', '3F2504E0-4F89-41D3-9A0C-0305E82C3302', 'Ubi ab ascit audax adsum deputo aspicio vallum. Officiis inventore auctor. Cruentus supellex arca tantum verecundia adficio cubicularis. Adulescens cetera cubicularis aedificium.', false, false, 'AWAITING_ASSESSMENT', '2023-02-17T09:14:39.665Z'),
       ('23918b32-1878-4a5f-bb08-3f9b827612b6', 'b59917cc-56fd-48e4-8adf-862c43084066', '1DULMVV', 'ACP_POM_USER', '3F2504E0-4F89-41D3-9A0C-0305E82C3301', 'Ambulo trans adhuc stipes nihil.', false, false, 'AWAITING_ASSESSMENT', '2022-12-22T00:48:12.259Z'),
       ('a15337d5-9bcd-4a5d-90d8-1124724eac8d', 'd47eba63-f230-4dc2-835e-a08e78fb6dd9', 'D7C2BPQ', 'ACP_POM_USER', '3F2504E0-4F89-41D3-9A0C-0305E82C3301', 'Conscendo infit coerceo. Bene vulpes caelestis in nam sulum umerus vitiosus officia candidus.', true, false, 'REFERRAL_STARTED', null),
       ('1ef54b05-f233-44e3-84bb-5d13dda11cdc', '16f5a763-6740-40c5-bf62-5f04256220a9', 'TXWAMYX', 'ACP_PT_REFERRER_USER', '3F2504E0-4F89-41D3-9A0C-0305E82C3302', '', true, false, 'REFERRAL_SUBMITTED', '2023-08-27T18:59:56.905Z'),
       ('453b8543-140c-4e59-82a9-41676cb8a231', '46dd99fd-b4c6-4894-8f1b-c6881435378a', 'VXKGG1D', 'ACP_PT_REFERRER_USER', '3F2504E0-4F89-41D3-9A0C-0305E82C3302', 'Vivo uredo terebro. Cohaero cultellus caelum administratio dignissimos cupio adipiscor animus adsum via. Ventosus pauci supplanto cervus ut cetera vulgaris. Tandem ambitus abundans civitas cupio arcus certe cribro.', true, true, 'REFERRAL_STARTED', null),
       ('f365ca75-ce6f-4b43-a9e7-f76ddc65ee33', '8b2ae3fe-b40f-474c-b4ec-c2c4d884a931', '4C59RIL', 'ACP_POM_USER', '3F2504E0-4F89-41D3-9A0C-0305E82C3301', 'Accusamus synagoga spoliatio ullus corrumpo cetera.', true, true, 'REFERRAL_STARTED', null),
       ('68ad1e4a-5ea5-4fd5-b1a9-f79fddd58e04', '55d88e93-4538-47d6-8678-e66c161823e9', 'UZB7W3A', 'ACP_POM_USER', '3F2504E0-4F89-41D3-9A0C-0305E82C3301', 'Creber sodalitas a tametsi. Umbra conicio voluptatum vulgivagus ulterius tabula sui.', true, true, 'REFERRAL_STARTED', null),
       ('97f469b3-baa2-4996-a128-358332ddbd9d', 'bc41e778-cd96-4faf-b921-3e9b81a9f171', 'XC1JMGC', 'ACP_POM_USER', '3F2504E0-4F89-41D3-9A0C-0305E82C3301', 'Qui occaecati supellex calcar veritas auctus depraedor. Perferendis cibo debilito inflammatio conicio accedo textus verbum. Degero cubo similique spoliatio. Victus veritatis uterque certus suscipio deprecator bonus.', false, false, 'AWAITING_ASSESSMENT', '2023-09-26T23:00:02.814Z'),
       ('3c296b09-0a8c-4ce0-8cbc-babe0b0648f3', '3708b470-5720-4b3b-875d-fdd865985b90', '04P9F9E', 'ACP_POM_USER', '3F2504E0-4F89-41D3-9A0C-0305E82C3301', 'Ut solitudo aegre ventito appono. Comprehendo commemoro delego.', true, false, 'REFERRAL_SUBMITTED', '2023-12-04T11:43:08.866Z'),
       ('e45a48f4-9e25-4775-8b96-d92fd73246ca', 'a01cb74d-5bf8-4c45-963c-4240727bb682', '439P14J', 'ACP_POM_USER', '3F2504E0-4F89-41D3-9A0C-0305E82C3301', '', true, true, 'REFERRAL_STARTED', null),
       ('51fadb9d-0973-4b8b-ab3b-06104ae4e4bf', '817367de-ba73-4e0a-bd1c-bdf5c0c10613', '64CR2JR', 'ACP_POM_USER', '3F2504E0-4F89-41D3-9A0C-0305E82C3301', 'Argentum sui summopere valeo valetudo amiculum despecto supplanto cariosus audio.', true, true, 'AWAITING_ASSESSMENT', '2023-04-06T13:29:52.049Z'),
       ('537a69a5-069b-4519-bfe3-a45ff482fa47', 'b0472ad8-b237-4e0d-820c-5a015736febf', '27LD9LP', 'ACP_POM_USER', '3F2504E0-4F89-41D3-9A0C-0305E82C3301', 'Ipsa utroque vergo derelinquo somnus suppellex surgo. Bellicus voluntarius subito quas consectetur aiunt vesica aveho debilito. Delectus vulticulus doloremque colo tandem argumentum tubineus qui uterque. Cupressus claro quas curto defluo cimentarius comitatus totam.', true, true, 'AWAITING_ASSESSMENT', '2023-03-24T14:47:47.466Z'),
       ('90fbdc3b-dcc1-47ae-afa6-e50b2c9cd0fd', 'bbd30a9c-fbe7-4ca9-90d1-2c99e1bd094a', 'ZM5KTFH', 'ACP_PT_REFERRER_USER', '3F2504E0-4F89-41D3-9A0C-0305E82C3302', 'Debeo virtus strues avarus utrum auctor. Hic cultura convoco. Triduana canto bardus amplus urbanus in vita.', false, true, 'AWAITING_ASSESSMENT', '2023-06-22T20:13:33.624Z'),
       ('619be348-85c6-49e8-9381-bf4c769d16ae', '0e90b9be-b493-490f-91d7-c1cc753a2532', '1DULMVV', 'ACP_PT_REFERRER_USER', '3F2504E0-4F89-41D3-9A0C-0305E82C3302', 'Supplanto voluptatibus surgo torqueo.', true, false, 'REFERRAL_SUBMITTED', '2023-06-03T15:16:55.952Z'),
       ('e43b1e8b-50d1-489a-afc9-26abccb58ce8', 'f989b077-2043-4225-aeed-b38437031cef', '4CUT1G4', 'ACP_POM_USER', '3F2504E0-4F89-41D3-9A0C-0305E82C3301', 'Cattus tergiversatio a attero abeo vulnus arbitro audax debitis. Distinctio alioqui id adopto odio.', false, false, 'ASSESSMENT_STARTED', '2023-06-23T21:14:16.085Z'),
       ('db82d6f2-4371-47eb-aeb4-b9ef43360728', '9175c191-1053-4148-8200-9afcf987aae3', 'B9C83GE', 'ACP_PT_REFERRER_USER', '3F2504E0-4F89-41D3-9A0C-0305E82C3302', 'Aestas velut bos tametsi collum.', false, true, 'REFERRAL_STARTED', null),
       ('6e0206a9-ee73-4f95-bf90-bdafa5797fbc', '46dd99fd-b4c6-4894-8f1b-c6881435378a', 'HF1WH1L', 'ACP_POM_USER', '3F2504E0-4F89-41D3-9A0C-0305E82C3301', 'Ater tergeo cibus utique amplexus. Ustilo caries subiungo tactus.', false, false, 'REFERRAL_STARTED', null),
       ('1605d45f-110f-4c97-b891-118c543c6059', '757b1af8-c4e7-475b-8376-cb749ee669f1', 'D124Z3L', 'ACP_PT_REFERRER_USER', '3F2504E0-4F89-41D3-9A0C-0305E82C3302', 'Adhuc adduco campana. Quaerat sponte unus capto apparatus torrens sustineo thesaurus bonus tandem. Sed cometes illum at callide. Utique aeger xiphias peccatus vulticulus antepono verbum amita tres angustus.', true, false, 'REFERRAL_STARTED', null),
       ('9755038c-070d-450a-a1fa-b6dc70deb334', '1ea3cc49-76e2-48a0-a605-f8ee3f708f24', 'T5BR1XV', 'ACP_PT_REFERRER_USER', '3F2504E0-4F89-41D3-9A0C-0305E82C3302', 'Sequi amoveo sponte defaeco. Cibus laudantium magni theatrum cenaculum. Valens amplexus attollo custodia veniam tergo demens vulnus talus quis.', false, false, 'AWAITING_ASSESSMENT', '2022-12-24T20:23:34.647Z'),
       ('c237aed3-bdc8-4a24-a32e-3c0ac91c69e2', '9fe84991-0466-4ce6-94d1-63388ac187bb', 'HF1WH1L', 'ACP_PT_REFERRER_USER', '3F2504E0-4F89-41D3-9A0C-0305E82C3302', 'Tabgo aeneus abstergo amo caput amoveo dolor capio.', true, true, 'AWAITING_ASSESSMENT', '2023-06-12T01:48:20.164Z'),
       ('2c56c39a-d540-418d-9024-d93d0de79de8', '262e4db5-2e42-4784-ab81-d7c0aaea38e6', 'T5BR1XV', 'ACP_PT_REFERRER_USER', '3F2504E0-4F89-41D3-9A0C-0305E82C3302', 'Vergo delectus degusto stella ad accommodo sto ancilla nam. Videlicet suppellex accommodo caterva. Aetas spectaculum considero addo atavus validus.', false, true, 'AWAITING_ASSESSMENT', '2023-10-22T03:16:18.171Z'),
       ('03359439-fb84-4349-bd88-cd4b37777b29', '9b0b030b-8dc8-4f59-b7f5-606f11ce5c24', '1DULMVV', 'ACP_POM_USER', '3F2504E0-4F89-41D3-9A0C-0305E82C3301', 'Abstergo asperiores defendo solitudo supra. Capio tenax aestus suffoco catena demum canonicus statua admiratio.', false, false, 'REFERRAL_STARTED', null),
       ('7c2894d7-504c-41f6-90a1-53928db34566', '7d0f9548-c35c-4c48-a89d-6fbb02f69ed5', '4CUT1G4', 'ACP_PT_REFERRER_USER', '3F2504E0-4F89-41D3-9A0C-0305E82C3302', 'Torrens soleo aiunt. Sono audio amor comes quibusdam cui sustineo supra desparatus tabernus. Dolorum quae accedo tergiversatio volup sponte arcus tonsor.', false, false, 'AWAITING_ASSESSMENT', '2023-02-12T12:28:20.431Z'),
       ('427cda6f-350a-4f7b-81cc-9866b2ac9319', '550ab91b-3678-4991-91eb-fe35fb22955d', 'UY1N011', 'ACP_PT_REFERRER_USER', '3F2504E0-4F89-41D3-9A0C-0305E82C3302', 'Conduco crebro cunabula qui sequi blandior paens vorax umerus confido. Esse tibi amitto defetiscor suffragium vomica saepe solum deduco amoveo.', false, false, 'ASSESSMENT_STARTED', '2023-05-22T17:58:56.182Z'),
       ('7a655db6-432b-4d79-9f84-f172d147b73a', 'da779bfa-a654-477a-9b70-f5a9d0a50401', 'YZ6RBNN', 'ACP_PT_REFERRER_USER', '3F2504E0-4F89-41D3-9A0C-0305E82C3302', 'Voluptatem totus vesco arx cresco auditor ager. Ascit verto minima coepi solio. Conculco acies veritas valens patria terebro cavus vitium acquiro. Suscipio quas taceo suffragium tenax.', true, true, 'REFERRAL_SUBMITTED', '2023-07-31T10:39:24.454Z'),
       ('fbb0a218-d262-450c-b22a-d5825a28d668', '4df11c7d-158e-4024-980a-12e0bfb7b8e0', 'AQ6V7KH', 'ACP_PT_REFERRER_USER', '3F2504E0-4F89-41D3-9A0C-0305E82C3302', 'Timidus canto utrum sodalitas soleo validus acerbitas. Venia aegre animadverto civitas sum.', false, false, 'REFERRAL_SUBMITTED', '2023-03-05T11:13:47.746Z'),
       ('cf5a399a-2e80-4bb2-8249-5caf8631df37', '04e7f6c3-e6bd-45f1-8dd6-842a419f308f', 'ZHL6G3M', 'ACP_PT_REFERRER_USER', '3F2504E0-4F89-41D3-9A0C-0305E82C3302', 'Saepe pel verto ver ullus synagoga. Calco iste conscendo vorago validus utrimque vilicus tondeo. Advenio arbor crepusculum patruus coerceo congregatio taedium iure decipio traho. Delego desino sperno candidus cursus cenaculum claustrum utroque. Cunabula apparatus conculco vos absconditus uterque adstringo.', false, true, 'REFERRAL_SUBMITTED', '2023-08-14T12:29:23.261Z'),
       ('996f2515-febd-49d8-859c-83103932619c', '48ddc1e7-f5c2-4d1a-a3fd-6c50ee003e46', '64CR2JR', 'ACP_POM_USER', '3F2504E0-4F89-41D3-9A0C-0305E82C3301', 'Claro comprehendo tamquam acceptus copia accusantium. Vestrum celer tero.', false, false, 'REFERRAL_STARTED', null),
       ('d10f6aee-04f1-4f12-97da-bb8e31ad23c1', 'e6afc395-b079-45d8-a43d-a46216f6874f', 'S8M1LGC', 'ACP_PT_REFERRER_USER', '3F2504E0-4F89-41D3-9A0C-0305E82C3302', 'Alii dolores arma commodo claudeo. Maiores auctor somniculosus. Omnis bestia candidus volo thesis ab.', true, true, 'AWAITING_ASSESSMENT', '2023-01-29T06:24:05.766Z'),
       ('e3367289-92e5-48ed-a44b-db2662fd382c', '7c70ce77-b4a0-4d75-9f3e-4d698ffa00af', 'YZ6RBNN', 'ACP_POM_USER', '3F2504E0-4F89-41D3-9A0C-0305E82C3301', 'Ulciscor tabernus vomica rerum xiphias tristis valens distinctio subvenio termes. Adflicto debilito utrimque alveus facere provident minima. Utroque alius vicissitudo.', false, false, 'REFERRAL_SUBMITTED', '2023-10-29T16:54:56.349Z'),
       ('b8f239cb-b104-4b2a-8f4c-9a90c57806a8', '13b6d772-2c96-418e-b8bc-3358dab8cdd9', 'ZM5KTFH', 'ACP_PT_REFERRER_USER', '3F2504E0-4F89-41D3-9A0C-0305E82C3302', 'Quasi expedita taedium delibero sub labore culpo tunc alius. Audeo atque nam ustulo cometes universe thymum aedificium abutor minima. Clarus sonitus volubilis caput currus arbustum comminor supellex aspernatur vapulus.', false, false, 'REFERRAL_STARTED', null),
       ('c0505d39-20d5-4538-99ca-ba95736c88ba', '00feedc8-36e1-4a63-ab91-69ee2f9d8114', '3CL85UT', 'ACP_POM_USER', '3F2504E0-4F89-41D3-9A0C-0305E82C3301', 'Caritas dedecor ustulo. Sophismata alo trucido caveo tenuis. Clam cras supra claudeo admoveo dedico. Tolero deorsum suffragium ascit.', true, false, 'REFERRAL_SUBMITTED', '2023-02-05T01:27:35.550Z'),
       ('7f4f2d32-46d7-4e0f-b019-231b14bbecda', '7b221bfb-5b6f-489a-b800-7c2a1053c113', 'N24RBH2', 'ACP_POM_USER', '3F2504E0-4F89-41D3-9A0C-0305E82C3301', 'Crastinus corrigo distinctio cursim.', true, true, 'ASSESSMENT_STARTED', '2023-10-24T15:41:34.891Z'),
       ('5f0e2e74-d710-4589-9da2-e28f773549fc', '1e443ed4-2565-4e50-b1de-7b7ec6065bd4', 'HF1WH1L', 'ACP_PT_REFERRER_USER', '3F2504E0-4F89-41D3-9A0C-0305E82C3302', 'Attollo depereo pecus contabesco clarus verbera absens adflicto debitis. Venio crapula expedita velut una conspergo.', true, true, 'REFERRAL_STARTED', null),
       ('8d95c5f4-d63a-4c19-a2e4-0fc0d19b376b', 'be5157fa-bc2f-4e8b-b5ee-995ce3ecac6c', '3CL85UT', 'ACP_PT_REFERRER_USER', '3F2504E0-4F89-41D3-9A0C-0305E82C3302', 'Suscipit ambitus terreo. Tergeo vomito cruciamentum tollo adsuesco turpis attero aufero adulatio.', false, false, 'AWAITING_ASSESSMENT', '2023-02-07T19:50:13.630Z'),
       ('a675d26e-5ef9-471e-8994-161d3bf97eb5', 'deec2801-1e73-4b4c-8f6f-cb643bfdf237', 'JVWN4Y8', 'ACP_POM_USER', '3F2504E0-4F89-41D3-9A0C-0305E82C3301', '', true, true, 'REFERRAL_STARTED', null),
       ('7fa6f2f8-e290-40de-a6e9-3cff9e44249f', '8f20a1fa-9627-490b-8097-c99a46226b45', 'HF1WH1L', 'ACP_PT_REFERRER_USER', '3F2504E0-4F89-41D3-9A0C-0305E82C3302', 'Alioqui calamitas quia alienus ipsum terra dicta. Cinis ulterius vitae. Demum audacia varius totam somnus vulgo ulterius temporibus temporibus. Cohibeo nisi aufero adicio auctus eaque absum auditor. Thymbra amoveo creator impedit blandior corpus cultellus.', false, false, 'REFERRAL_STARTED', null),
       ('965bd1c5-5212-45dc-9f9c-0f797e59e47e', '8bf81eda-331f-4f13-a586-f8202681b314', '0T50F12', 'ACP_POM_USER', '3F2504E0-4F89-41D3-9A0C-0305E82C3301', 'Tempus laboriosam subseco cohibeo atqui contigo auctus labore condico crustulum. Desino sodalitas eligendi aperte. Aggero eligendi conspergo vicinus magnam ventito vae. Veritas alienus careo defendo beatae cubitum verbera velociter molestias sint. Adiuvo aro constans sursum arcus conduco.', true, false, 'REFERRAL_STARTED', null),
       ('e5982ff7-524f-492e-b0d8-04b6d8da3704', 'ae5c633b-42cf-4183-86b6-3f9aaa723760', '439P14J', 'ACP_PT_REFERRER_USER', '3F2504E0-4F89-41D3-9A0C-0305E82C3302', 'Voveo consectetur adopto tricesimus iste vulariter ceno ultra suppellex adeptio. Cognatus eligendi abundans atrocitas succurro.', true, true, 'ASSESSMENT_STARTED', '2023-09-04T19:06:39.399Z'),
       ('6d8266a0-92eb-4c8a-8f94-c5fec0204626', '6778ee43-976c-4b69-9810-91ccc48396b6', '64CR2JR', 'ACP_POM_USER', '3F2504E0-4F89-41D3-9A0C-0305E82C3301', 'Canis adfero thymum. Curis aggredior demens cursim dedico arbor alioqui tergo decipio. Cito solvo valeo corona tamisium volo. Vestrum peccatus collum tribuo color. Sublime sub abeo.', true, false, 'REFERRAL_STARTED', null),
       ('e39980e2-892e-423a-abac-3296eafc95ec', '037f3b61-dce0-4305-8540-7d8e594f770c', 'AFZXD70', 'ACP_POM_USER', '3F2504E0-4F89-41D3-9A0C-0305E82C3301', 'Tantillus ascisco aestus sint. Vapulus somnus abutor tyrannus volubilis. Veniam brevis abduco vilicus.', true, false, 'ASSESSMENT_STARTED', '2023-07-30T09:58:33.242Z'),
       ('7f30ba65-52d1-4c8b-a479-b6fada351ae7', 'dae8e490-4bcf-45a1-82c5-47d6d6a73d61', 'P0N4050', 'ACP_PT_REFERRER_USER', '3F2504E0-4F89-41D3-9A0C-0305E82C3302', 'Eius distinctio cito sponte vis blanditiis adulescens pecus capitulus. Apostolus cursus culpo laborum. Tenus arbor colo. Deputo tamquam summisse accendo victus cimentarius.', true, false, 'AWAITING_ASSESSMENT', '2022-12-07T01:57:21.409Z'),
       ('ffc5ebfa-9ee4-4a5b-bd38-a58b2f4780d5', 'd0f9fe8b-5aef-4a45-bba8-65ec21ef1f3d', 'UZB7W3A', 'ACP_PT_REFERRER_USER', '3F2504E0-4F89-41D3-9A0C-0305E82C3302', 'Aggero sponte adinventitias trucido ventus barba alo volubilis celer supra. Conatus suppellex blanditiis dedico aegrus vester derideo carcer aestivus cado. Bos curatio aperiam veritatis hic beatae cattus infit aspernatur. Abundans arguo decerno crustulum thesis angulus uterque truculenter tepidus admoveo.', true, false, 'AWAITING_ASSESSMENT', '2022-12-31T10:22:34.325Z'),
       ('53b08a93-d46a-4b20-800a-142848ab6356', 'ceef8b67-570e-4d6d-a6b6-f4a659fd4f84', 'HR1EQI2', 'ACP_PT_REFERRER_USER', '3F2504E0-4F89-41D3-9A0C-0305E82C3302', 'Neque comprehendo corpus tunc inflammatio cattus cito aspernatur argumentum. Cruentus confugo caste ad amicitia earum demens vix adimpleo succurro. Ciminatio vulnus aegrotatio canto colo. Tametsi patrocinor ipsa voveo curo brevis.', false, false, 'ASSESSMENT_STARTED', '2023-10-20T04:58:40.507Z'),
       ('29a93eb8-2710-4abc-9047-1702ae5010e8', 'ceef8b67-570e-4d6d-a6b6-f4a659fd4f84', 'USULN51', 'ACP_POM_USER', '3F2504E0-4F89-41D3-9A0C-0305E82C3301', 'Coepi cubitum subnecto. Tum vae vesper minus ab tam ulterius somnus terra desipio. Deleniti itaque speculum tutis comis sapiente absque.', true, false, 'AWAITING_ASSESSMENT', '2023-06-23T01:35:17.518Z'),
       ('ebccd997-77f9-46d7-9411-efbe5adf73fd', '6c86efb2-ed25-499f-a09d-18c11fa92df0', 'C5OR3SQ', 'ACP_PT_REFERRER_USER', '3F2504E0-4F89-41D3-9A0C-0305E82C3302', 'Curriculum volva tersus conatus convoco earum altus thesaurus. Denique decet unde surculus illo valetudo carbo. Distinctio timor non amor texo substantia tubineus occaecati.', true, true, 'AWAITING_ASSESSMENT', '2023-03-10T11:59:41.986Z'),
       ('1a71684e-553c-4736-ae89-2bc20c0334c4', '0524b575-c26f-4ca7-9695-feda860824d9', 'UZB7W3A', 'ACP_PT_REFERRER_USER', '3F2504E0-4F89-41D3-9A0C-0305E82C3302', '', true, true, 'REFERRAL_SUBMITTED', '2022-12-09T04:25:09.237Z'),
       ('773aac63-d124-4fbc-8d56-5ccd082fad0c', 'bbaa6712-e7f8-42da-90f9-55c438b1a8ce', 'I2T0T14', 'ACP_PT_REFERRER_USER', '3F2504E0-4F89-41D3-9A0C-0305E82C3302', 'Accendo asperiores accusator somniculosus sumptus cupiditas universe vociferor suscipit conforto. Minus saepe tubineus valeo aptus spiculum vinitor harum iste officia.', false, false, 'REFERRAL_SUBMITTED', '2023-10-06T00:57:56.512Z'),
       ('0e06f85f-4fb8-4a73-a9a8-05b27088d734', '69a4b26c-b314-46da-aea9-ba626a8e9d71', 'F0SRSJ8', 'ACP_PT_REFERRER_USER', '3F2504E0-4F89-41D3-9A0C-0305E82C3302', 'Ulciscor balbus alias deorsum strues. Error corona ullus. Minus comminor canis cunae vomito autem temporibus fugit desidero similique. Tempus arbitro utroque advoco qui sint dolor beatae aetas. Cultellus deduco claudeo.', true, false, 'REFERRAL_SUBMITTED', '2023-02-10T15:23:14.467Z'),
       ('27574ae5-96c7-49eb-9d94-ca69760fd383', '88874d93-4a64-4cfd-a2e4-01c39cef1e9f', 'CAECMFS', 'ACP_POM_USER', '3F2504E0-4F89-41D3-9A0C-0305E82C3301', '', true, true, 'REFERRAL_SUBMITTED', '2023-04-08T04:44:56.701Z'),
       ('80184354-55b2-47a1-881e-33b882afb8c8', '7fed0abd-a2a6-4288-9da6-7ecbff8e3364', 'UZB7W3A', 'ACP_POM_USER', '3F2504E0-4F89-41D3-9A0C-0305E82C3301', 'Urbanus causa addo. Bestia aperiam cogo. Conduco victus curso veritas conspergo. Auxilium quidem solvo celo cohors cuppedia.', true, false, 'REFERRAL_STARTED', null),
       ('f3b6d293-4ba6-4e35-84c0-4a0809a9baa6', '7d0472a4-dfc0-4e39-9576-9da86c676724', 'Y7RLN5A', 'ACP_POM_USER', '3F2504E0-4F89-41D3-9A0C-0305E82C3301', 'Terra absconditus taceo ultio universe vulpes quaerat. Decor cubo ascisco coniecto demergo tergum cur supellex. Abduco defetiscor inventore itaque aeternus aveho virtus veritas admoveo conduco. Tersus decor tactus canonicus barba damnatio. Usus stultus vinco.', false, false, 'REFERRAL_STARTED', null),
       ('8b037eb2-a30e-4d13-b015-1ca3b0eaa5d7', '9328e4d4-3b7f-48e4-9e6d-194497697dd8', 'D124Z3L', 'ACP_PT_REFERRER_USER', '3F2504E0-4F89-41D3-9A0C-0305E82C3302', 'Paulatim cum verus. Calculus sit libero acerbitas vilitas conicio.', true, true, 'REFERRAL_STARTED', null),
       ('1748401b-b5cf-4205-b05b-b0cc452f0ad9', 'c57dcc8e-92bc-4308-8810-b06c89bafb12', 'JTWZW2E', 'ACP_PT_REFERRER_USER', '3F2504E0-4F89-41D3-9A0C-0305E82C3302', 'Libero curto acervus cupio averto surgo.', true, false, 'REFERRAL_SUBMITTED', '2023-07-15T06:41:46.205Z'),
       ('6490f36f-fc5a-442a-8b17-f30a591757fd', 'bdbba29b-4952-4ce4-abfa-979931bb6a25', 'T5BR1XV', 'ACP_POM_USER', '3F2504E0-4F89-41D3-9A0C-0305E82C3301', 'Accusamus theologus venio comburo ut. Distinctio condico crinis ante ambitus demitto solvo stillicidium. Suasoria barba autus temeritas incidunt.', true, true, 'REFERRAL_STARTED', null),
       ('84d7b40d-4021-4f31-9c61-e4f6a50f6f32', '5c085fd0-3c1e-4f3a-a328-091aba600f1a', '7GZYCT7', 'ACP_POM_USER', '3F2504E0-4F89-41D3-9A0C-0305E82C3301', 'Hic sopor ultio vobis audeo arbor velit via desolo. Adipiscor arca sub tripudio tribuo calcar praesentium vinco.', false, true, 'AWAITING_ASSESSMENT', '2023-10-13T06:33:36.719Z'),
       ('5709e5b8-9259-470e-a404-41ae8db0d4ef', '95ce0952-5625-4b41-9700-b8bac723480f', 'UZB7W3A', 'ACP_PT_REFERRER_USER', '3F2504E0-4F89-41D3-9A0C-0305E82C3302', 'Voluptatum decens caries. Aspicio compono defleo clam callide ventito timidus succedo. Trado aestus depulso vere coma vinculum. Accusamus tertius debeo. Minima ustilo voco adeptio vero cetera voco cerno sol voluptas.', false, true, 'REFERRAL_STARTED', null),
       ('1a8c6469-a0ec-44ec-a134-0bf2b4744f8b', '03ee0c67-4735-4738-8549-378e5175750b', 'UZB7W3A', 'ACP_PT_REFERRER_USER', '3F2504E0-4F89-41D3-9A0C-0305E82C3302', 'Suffoco amplitudo labore texo amplexus color amor a absorbeo. Harum annus crudelis fuga turba curso. Amplitudo conspergo temeritas adfero terebro sodalitas voluptatibus dolor.', false, true, 'AWAITING_ASSESSMENT', '2023-05-08T18:56:57.975Z'),
       ('375560b3-e574-42c6-8104-a3ba9fa59535', 'a49a5e1f-d548-4fff-b5be-9d0dda3cdd7d', '4CUT1G4', 'ACP_PT_REFERRER_USER', '3F2504E0-4F89-41D3-9A0C-0305E82C3302', 'Compello quidem terreo. Somnus appono terga adaugeo vehemens currus. Comes cibo deorsum curvo subvenio. Amplitudo tenax magnam et adulatio. Amplitudo depopulo tergeo.', true, true, 'ASSESSMENT_STARTED', '2023-10-11T04:57:55.950Z'),
       ('62aa82bf-9fa0-44db-8a2c-307498edf414', 'f989b077-2043-4225-aeed-b38437031cef', '4CUT1G4', 'ACP_PT_REFERRER_USER', '3F2504E0-4F89-41D3-9A0C-0305E82C3302', 'Tibi vapulus super.', true, true, 'AWAITING_ASSESSMENT', '2023-04-02T16:38:09.428Z'),
       ('87099985-b210-4f65-8ee4-8940b45fce16', 'a01cb74d-5bf8-4c45-963c-4240727bb682', '135A22I', 'ACP_PT_REFERRER_USER', '3F2504E0-4F89-41D3-9A0C-0305E82C3302', 'Temporibus uredo adipiscor cito demoror eius curvo eveniet. Ultio celebrer tantum perspiciatis aliquam tyrannus. Alienus deprimo acervus conqueror clibanus.', true, false, 'ASSESSMENT_STARTED', '2023-08-06T15:12:32.196Z'),
       ('a7b88a82-e990-4538-9639-2e7d93297e8f', '7e0d8c35-9449-4830-867f-687a8c6c87eb', '1DULMVV', 'ACP_POM_USER', '3F2504E0-4F89-41D3-9A0C-0305E82C3301', 'Denuo speculum avaritia adhuc audio adduco eligendi. Vulgus sonitus vilicus beneficium auctus tubineus reprehenderit delectus adnuo dedico. Coepi carpo sollicito aptus temeritas.', true, false, 'AWAITING_ASSESSMENT', '2023-11-07T02:45:09.245Z'),
       ('c0916e7a-ed8e-4eec-8848-cf10852aa6c8', 'c56fb6f6-5a9f-41f2-9b48-489440f01ce7', 'Y7RLN5A', 'ACP_PT_REFERRER_USER', '3F2504E0-4F89-41D3-9A0C-0305E82C3302', 'Argentum thorax tametsi altus triduana coniuratio sortitus modi cresco cum. Acsi curso ut accusamus velociter laudantium denique temeritas carpo. Officiis audax coma cogito adiuvo vulgivagus calco tergum utilis.', true, true, 'AWAITING_ASSESSMENT', '2023-02-24T18:37:59.105Z'),
       ('6f3fdb0e-f052-4df9-931e-01b2ee22431e', '4676999e-f07d-4946-88b5-4b2b6ffad505', 'XMHCORV', 'ACP_POM_USER', '3F2504E0-4F89-41D3-9A0C-0305E82C3301', 'Vapulus vestigium pauci appono volaticus. Arca similique thesis.', true, true, 'REFERRAL_STARTED', null),
       ('3bab9efc-e550-40d3-8880-ea8737b4d035', '7459687f-4db9-4fd9-9d78-9655bd135b48', 'YZ6RBNN', 'ACP_POM_USER', '3F2504E0-4F89-41D3-9A0C-0305E82C3301', 'Maxime soleo suscipio via placeat. Venustas pax adicio.', true, false, 'AWAITING_ASSESSMENT', '2023-05-14T07:18:57.340Z'),
       ('7c58caf1-b48d-4225-ba28-6e70c7e06c24', 'd355dc8e-6246-4d54-9080-a9667e874de2', 'S8M1LGC', 'ACP_PT_REFERRER_USER', '3F2504E0-4F89-41D3-9A0C-0305E82C3302', 'Tui adulescens torqueo beneficium depulso. Averto amoveo vallum sub ars. Baiulus aliquam tepidus vinum. Deporto conforto antiquus vester summisse corrupti sollers. Volaticus aeneus supellex amplus cedo turba suppono.', true, true, 'AWAITING_ASSESSMENT', '2023-01-22T03:45:03.558Z'),
       ('25b56ee8-5a51-4f21-bb46-c095aefe25be', '429a9075-c16c-43bf-8820-866eb09d8ecd', 'D7C2BPQ', 'ACP_PT_REFERRER_USER', '3F2504E0-4F89-41D3-9A0C-0305E82C3302', 'Cum aeternus demonstro ab apparatus vindico sufficio tenetur velit cetera. Super conqueror arbustum via uterque cubo denique at adfero. Suffragium tergiversatio demens pax crur appositus maxime pecco demens.', true, false, 'REFERRAL_SUBMITTED', '2023-08-29T23:34:36.864Z'),
       ('3c7ea116-adf1-4ede-a667-ff2a44e1338d', '5b37ff42-c99a-4a6e-83c7-18dc5e056075', 'GJNYGD6', 'ACP_POM_USER', '3F2504E0-4F89-41D3-9A0C-0305E82C3301', 'Thesis suggero dedecor cavus sollers xiphias atrocitas dolor veniam. Adsum alius decimus autem caelestis.', true, false, 'REFERRAL_STARTED', null),
       ('832241c8-7610-42b7-bdbb-b60961b7934f', '48d69481-7c6e-462f-9093-39e243d34ac7', 'ZRRCHJO', 'ACP_PT_REFERRER_USER', '3F2504E0-4F89-41D3-9A0C-0305E82C3302', 'Beneficium coepi a credo thalassinus adsum vel. Vere amicitia comes. Tego crebro autem autem ubi suus.', false, false, 'REFERRAL_SUBMITTED', '2023-07-24T21:29:55.221Z'),
       ('7dfe5678-9220-4cab-a6f2-b2f52b992ff2', '5e691ead-e17c-4539-a3c4-af977e361863', 'JVWN4Y8', 'ACP_POM_USER', '3F2504E0-4F89-41D3-9A0C-0305E82C3301', 'Appello aspernatur adfero depereo alter tabesco alo.', false, false, 'REFERRAL_SUBMITTED', '2023-07-10T23:40:27.845Z'),
       ('0955f9fa-6b94-41b3-ab78-f51af01a7928', '207b038e-e926-4bf0-aa51-201d34d7befa', '4CUT1G4', 'ACP_PT_REFERRER_USER', '3F2504E0-4F89-41D3-9A0C-0305E82C3302', 'Antea non tero. Allatus conscendo tardus contigo necessitatibus talis. Curo crinis coniuratio desolo usque spoliatio trepide damnatio. Atqui speciosus somniculosus clamo deludo desino.', true, true, 'AWAITING_ASSESSMENT', '2023-02-08T08:55:56.351Z'),
       ('9f07f965-ee42-45a2-957f-dccccce23f34', '799b8c54-a918-4f36-b702-e45ac7a72376', 'N24RBH2', 'ACP_POM_USER', '3F2504E0-4F89-41D3-9A0C-0305E82C3301', 'Sollers confido defungo cauda.', false, false, 'ASSESSMENT_STARTED', '2023-08-14T19:08:22.712Z'),
       ('23a6cb59-ba61-41c1-b51f-1f0478fdd836', '0c4e4622-319b-440c-9e14-8fdc7d9d7f65', '7GZYCT7', 'ACP_PT_REFERRER_USER', '3F2504E0-4F89-41D3-9A0C-0305E82C3302', '', true, false, 'AWAITING_ASSESSMENT', '2023-05-15T09:33:06.041Z'),
       ('22046d31-5a4f-44d8-8c0c-fed6c29facf7', 'dffd0757-fdb7-4afe-820e-6f9a50acb1a5', '175AQ4D', 'ACP_PT_REFERRER_USER', '3F2504E0-4F89-41D3-9A0C-0305E82C3302', 'Articulus denuncio desipio perspiciatis ventosus allatus laudantium tempore baiulus. Aufero sollicito tabella varietas patior pauper adeptio. Thymum umbra ascit cubo odit atrocitas ad.', true, true, 'AWAITING_ASSESSMENT', '2023-02-04T21:41:56.283Z'),
       ('bdf13d65-9166-4f01-b80c-fe75009512ef', 'e8a02690-6dc9-46bd-b323-b17a01c7cd14', 'XC1JMGC', 'ACP_POM_USER', '3F2504E0-4F89-41D3-9A0C-0305E82C3301', 'Cras defungo ustilo voluptatum. Votum ratione tantillus. Tui calcar tyrannus ait acquiro acies valde aggredior.', false, false, 'ASSESSMENT_STARTED', '2023-07-22T12:29:08.500Z'),
       ('4c995c3e-249b-4594-ae60-0b3daf9ad297', '71800581-d408-4f85-baac-652935905fc9', 'A0O6ENK', 'ACP_PT_REFERRER_USER', '3F2504E0-4F89-41D3-9A0C-0305E82C3302', 'Iste aperio solitudo alias similique. Torrens audentia complectus excepturi qui abstergo pecto sollers succurro. Quasi varius eius.', true, true, 'REFERRAL_SUBMITTED', '2023-09-13T13:32:27.253Z'),
       ('088f9e04-6323-4e54-9d6e-fd38efcf1319', 'e2b567c2-e586-415c-ae45-ae9a006ab60f', '135A22I', 'ACP_POM_USER', '3F2504E0-4F89-41D3-9A0C-0305E82C3301', 'Ager arca demo vetus. Trado vestrum armarium candidus sit adsidue depulso constans uter stella. In minima sum creber spiritus cimentarius vociferor tergo quis sperno. Cursim tum coruscus suffragium antiquus minima vindico cuius.', false, false, 'ASSESSMENT_STARTED', '2023-02-15T09:59:14.375Z'),
       ('e4aedb5a-ea14-4ff2-8881-e01e828b06dd', 'c8832852-76f7-4d14-a26d-f39bb74e2541', 'GJNYGD6', 'ACP_PT_REFERRER_USER', '3F2504E0-4F89-41D3-9A0C-0305E82C3302', 'Bardus conicio solitudo. Vulgaris avarus amo terror veritas. Termes ulciscor depereo spargo doloremque et cauda campana decipio. Cognatus aufero aestus cattus coniecto depraedor ater vobis animi deleniti. Ullus tergeo vereor.', true, true, 'REFERRAL_STARTED', null),
       ('b77efb17-ea67-4a47-9ce1-2e3fdf3667f6', '34b35a28-cdd7-42c4-b099-a8f2d2b19a9f', 'B9C83GE', 'ACP_POM_USER', '3F2504E0-4F89-41D3-9A0C-0305E82C3301', '', false, true, 'REFERRAL_SUBMITTED', '2023-02-09T06:45:16.081Z'),
       ('bc82d91a-e283-4ae0-99d6-b6516df68195', '13b6d772-2c96-418e-b8bc-3358dab8cdd9', 'XMHCORV', 'ACP_PT_REFERRER_USER', '3F2504E0-4F89-41D3-9A0C-0305E82C3302', 'Vomito totam ad stella confugo. Vilis cervus suffragium tremo accedo cultellus terreo. Tripudio terminatio apud conculco statim pecus. Voluptate cena cilicium molestias tero arbor ea veritatis tego canto. Ars copia porro crustulum deprimo defungo amoveo cumque.', false, true, 'REFERRAL_SUBMITTED', '2023-11-24T12:29:20.809Z'),
       ('d9762bea-3f03-46f9-81bf-03b102f34957', '583229b0-58a0-4370-9818-31d89daa8909', '1DULMVV', 'ACP_PT_REFERRER_USER', '3F2504E0-4F89-41D3-9A0C-0305E82C3302', 'Absum dolorem cogo.', false, false, 'AWAITING_ASSESSMENT', '2023-02-13T02:47:13.923Z'),
       ('410a64c2-e7a5-4228-8c20-29d5300dbd51', '3ba20974-90ac-4078-aabf-4548b75fdf24', 'VXKGG1D', 'ACP_POM_USER', '3F2504E0-4F89-41D3-9A0C-0305E82C3301', 'Celebrer umbra deludo asperiores claro video sopor attero quo valetudo. Combibo conscendo volup clarus similique urbs exercitationem triumphus. Vespillo spiritus crustulum similique ut bellum coniuratio sperno antea commemoro.', true, true, 'AWAITING_ASSESSMENT', '2023-06-26T11:54:59.824Z'),
       ('ec666c80-46df-4c13-a660-80bbc4a51ec6', '0e66896c-4920-44d3-810f-5116081584e3', 'Y7RLN5A', 'ACP_POM_USER', '3F2504E0-4F89-41D3-9A0C-0305E82C3301', 'Deporto agnitio iste solvo commodi voco voluntarius eligendi circumvenio. Eius vociferor aperte placeat tabgo. Pauper thymum amitto fugiat audacia acceptus ager. Quibusdam molestiae vulgus. Canonicus viduo solutio.', true, true, 'REFERRAL_STARTED', null),
       ('b780fea0-7cec-48bd-bda3-9dc6bede82a5', 'e6de84bc-e2a2-4cac-b57d-0c9ad6d7ab22', '1DULMVV', 'ACP_PT_REFERRER_USER', '3F2504E0-4F89-41D3-9A0C-0305E82C3302', '', true, false, 'AWAITING_ASSESSMENT', '2023-08-02T12:25:49.094Z'),
       ('25dfbbb8-f6dc-42ff-84d9-1e558bf628ec', '6cff84b0-1ef3-4a5a-b42d-8a68f2449167', 'UZB7W3A', 'ACP_POM_USER', '3F2504E0-4F89-41D3-9A0C-0305E82C3301', 'Concido usque vos sub tero cultura coruscus.', true, true, 'ASSESSMENT_STARTED', '2023-02-20T11:02:46.404Z'),
       ('1cd5a483-c3b0-4e61-aa85-4fb84ddccf27', '1207365c-e1d1-4b33-86cf-3471adb80a22', '0T50F12', 'ACP_POM_USER', '3F2504E0-4F89-41D3-9A0C-0305E82C3301', 'Deporto carpo aedificium sophismata comedo. Corporis tricesimus explicabo usus hic atrocitas vir ulciscor vitiosus.', false, false, 'AWAITING_ASSESSMENT', '2023-01-16T13:13:25.830Z'),
       ('db55f4a6-f6aa-4c1b-896a-1906581c93f0', '7b920282-f137-4e47-abee-be17b57cd8ba', 'JVWN4Y8', 'ACP_POM_USER', '3F2504E0-4F89-41D3-9A0C-0305E82C3301', '', true, true, 'REFERRAL_STARTED', null),
       ('5ce342e1-f52c-44f4-832d-9ef4d153ae6c', '16a20d8a-e03d-4a6a-9b54-05a4d6d5da7b', 'C5OR3SQ', 'ACP_POM_USER', '3F2504E0-4F89-41D3-9A0C-0305E82C3301', 'Ciminatio tego advenio minus.', true, true, 'REFERRAL_SUBMITTED', '2023-10-01T08:42:35.359Z'),
       ('e91be433-1223-45d4-85f2-c8018fa043fb', '764d86f0-7b07-4046-ba02-a355a4eae7aa', '27LD9LP', 'ACP_PT_REFERRER_USER', '3F2504E0-4F89-41D3-9A0C-0305E82C3302', 'Sumptus textus culpo id civitas surgo. Benevolentia talis comptus aestivus cetera. Vomito caute at suffragium admoveo.', false, true, 'REFERRAL_STARTED', null),
       ('a9250431-a668-4b18-b442-433450939f82', '3e3be521-79ce-4be7-971c-f7539f7ef118', 'D7C2BPQ', 'ACP_PT_REFERRER_USER', '3F2504E0-4F89-41D3-9A0C-0305E82C3302', '', false, false, 'AWAITING_ASSESSMENT', '2023-02-06T22:01:05.789Z'),
       ('a7831a87-0559-4851-84da-0bed5105ffc9', '4df11c7d-158e-4024-980a-12e0bfb7b8e0', 'B9C83GE', 'ACP_POM_USER', '3F2504E0-4F89-41D3-9A0C-0305E82C3301', 'Tam alo ambulo temptatio. Natus vergo necessitatibus viduo sit nihil adinventitias. Commemoro tredecim summisse.', true, false, 'AWAITING_ASSESSMENT', '2023-07-22T12:18:40.441Z'),
       ('ded3b41f-e1eb-412b-95c5-1186ca47a3b4', '7772f288-9dbc-4355-8b5c-43817b880c0f', 'D7C2BPQ', 'ACP_PT_REFERRER_USER', '3F2504E0-4F89-41D3-9A0C-0305E82C3302', 'Animus derideo cribro aut demens amplexus aduro. Cur thalassinus sublime aequitas velit tabgo suspendo audacia. Tunc corpus desidero peior. Concido commodo thorax. Atque creo abundans contabesco taedium qui acies soleo.', true, true, 'REFERRAL_SUBMITTED', '2023-08-01T11:48:08.897Z'),
       ('ea07dbca-8c4f-470a-9094-6ee0dc7003c9', '1ea3cc49-76e2-48a0-a605-f8ee3f708f24', 'ZRRCHJO', 'ACP_POM_USER', '3F2504E0-4F89-41D3-9A0C-0305E82C3301', '', false, false, 'AWAITING_ASSESSMENT', '2023-09-06T18:12:14.574Z'),
       ('534ea7c7-0d2c-4ec8-936b-3a641dd95426', '057a1338-f34d-4e4f-9ffd-92f8c2ad7411', 'ZRRCHJO', 'ACP_POM_USER', '3F2504E0-4F89-41D3-9A0C-0305E82C3301', 'Synagoga venustas cresco voluptatibus debitis. Tempus pectus carmen. Curto corrupti amet.', false, true, 'ASSESSMENT_STARTED', '2023-06-29T02:02:37.233Z'),
       ('503ff147-e82e-43b5-90cc-684b36b19666', 'c76a949d-2dd8-4b63-97da-d16d6aad39dd', 'B9C83GE', 'ACP_PT_REFERRER_USER', '3F2504E0-4F89-41D3-9A0C-0305E82C3302', 'Ullus veritatis demulceo aedificium. Decumbo auxilium vulpes capillus capillus. Sumptus aestus comburo curriculum curvo rerum. Illum ater comedo amo deprimo succurro doloremque depopulo voveo.', false, true, 'ASSESSMENT_STARTED', '2023-10-16T11:01:02.064Z'),
       ('9c12edf2-606f-4628-878d-9f0bdc8153a8', 'ebe3e2ce-5eaf-40c9-93d3-f819b20a8e87', 'P0N4050', 'ACP_PT_REFERRER_USER', '3F2504E0-4F89-41D3-9A0C-0305E82C3302', 'Aliqua xiphias curriculum comedo est conservo conforto quisquam peccatus ustulo. Vobis supellex cubo censura velociter. Spoliatio quas peior speculum. Admiratio celebrer crepusculum facilis aveho.', true, true, 'REFERRAL_STARTED', null),
       ('18516055-fd60-4204-87a0-f0183ce25938', 'bac5b835-3211-4fcd-b78e-bab002ca26e2', 'ZHL6G3M', 'ACP_POM_USER', '3F2504E0-4F89-41D3-9A0C-0305E82C3301', 'Defessus libero suggero colo. Clamo ante tot cedo tardus. Beneficium solum absens demo agnitio conatus suppellex cibo.', true, false, 'REFERRAL_SUBMITTED', '2023-07-06T23:22:38.950Z'),
       ('d9828c64-0be4-4993-903d-85ae417988af', 'be2bcd82-fcdc-44eb-890b-b905fd75c52e', '4C59RIL', 'ACP_PT_REFERRER_USER', '3F2504E0-4F89-41D3-9A0C-0305E82C3302', 'Spargo conforto sequi corroboro. Deputo fuga triumphus conqueror sed. Agnitio angelus suscipio tripudio vinculum sumptus cunctatio demoror. Denuncio tero facere totidem colo trepide virtus compono casso pecco.', true, true, 'ASSESSMENT_STARTED', '2023-11-09T10:11:17.279Z'),
       ('76314039-905f-42fd-bc15-3ca6d7b79e8b', '899010e3-817c-45a3-931b-9da4434e6872', 'B9C83GE', 'ACP_PT_REFERRER_USER', '3F2504E0-4F89-41D3-9A0C-0305E82C3302', 'Credo ubi enim comes alveus voco animus capitulus atavus. Sit adduco asporto animadverto animus carcer depraedor tamisium demergo custodia. Cohaero thesis currus ea tertius advenio.', true, true, 'ASSESSMENT_STARTED', '2023-04-08T21:17:35.567Z');
