-- Changes to this script should ideally be made by updating and rerunning the UI script documented at
-- https://github.com/ministryofjustice/hmpps-accredited-programmes-ui/blob/main/README.md#seeded-resources

DELETE from referral;
DELETE from offering;
DELETE from course_audience;
DELETE from audience;
DELETE from prerequisite;
DELETE from course;

INSERT INTO course(course_id, name, identifier, description, alternate_name, referable)
VALUES ('611233ac-33ff-40eb-811d-859542d9b2f1', 'Green Course', 'GC', 'Ascit supra utique traho vomica depulso. Sui cohaero exercitationem tollo eligendi denuncio aperte utrum summa. Despecto umbra cunctatio degenero vulnus turpis comparo conturbo succurro vilitas. Illo cresco suspendo eos curatio textus vomica.', 'GC', true),
       ('e213bb78-9e83-4345-9d26-c5b7c8d5bc3d', 'Tan Course', 'TC', 'Addo comedo ipsam speciosus. Maxime cauda sustineo turpis urbanus. Thema deorsum totam deinde verumtamen sumo certus pecto. Amor paens bellicus cibus illo ambitus coepi. Soluta carmen accendo cruentus vulgo adstringo cognomen deleniti. Demergo contigo ocer ademptio vicinus verto curto barba curia.', 'TC', true),
       ('8fc715f5-9fb4-48a8-91cd-b0718e1c4488', 'Sky Blue Course', 'SBC', 'Deserunt totidem pectus acidus alioqui delectatio antiquus. Et a adopto clibanus complectus nulla.', 'SBC', false),
       ('e019040b-4d31-425f-a406-5fd26c8f4390', 'Violet Course', 'VC', 'Asper dolore accommodo quibusdam amaritudo adopto venustas tempus. Cattus voluptatum quas trans deleo assumenda adsum ad vis. Cornu cura addo curtus stultus triduana teres apto ex laborum.', 'VC', false),
       ('d493aeec-7f78-43a7-aecf-6f4a0e78a7b1', 'Gold Course', 'GC', 'Vel denique velut aspernatur cubo. Demitto suffoco capitulus eius creta degero. Vacuus comis coniuratio deporto tribuo territo demum desolo solio. Voluptates cohors tersus verecundia vesper cervus substantia verbera totam sustineo.', 'GC', false),
       ('822d2a50-3b01-44e7-b804-b4f6a55ea4ce', 'Red Course', 'RC', 'Villa via volup. Nemo pauci assentator urbs.', 'RC', true),
       ('e34e0880-cb16-402a-9f8c-80441fe30051', 'Black Course', 'BC', 'Debitis nemo ter comburo theatrum crux. Virtus ceno tabgo. Collum tutis abscido provident talis. Terra cognatus corpus apparatus super tersus animi repellendus eligendi. Argentum adeptio timidus valens adversus.', 'BC', false),
       ('daf4be78-794b-4b83-bdd1-9185adf2560b', 'Azure Course', 'AC', 'Accendo nihil abeo colo sumo verbera. Speculum quisquam depereo spiculum. Aptus asperiores odit creator capillus dens torrens crepusculum statua. Constans pariatur confugo vomica.', 'AC', true),
       ('91c6d4bc-135f-40ed-9507-37f7c68a923d', 'Fuchsia Course', 'FC', 'Dedecor strenuus talus conculco articulus termes alveus. Dolorem copiose adsum incidunt iusto acervus auctor consectetur. Tamisium volva aliquam audeo baiulus civis suffragium canis victoria ventosus. Cuppedia colligo tertius cuius porro suscipio.', 'FC', true),
       ('2f22366e-8a51-46fb-ab8f-ff0ce47fe7dc', 'Salmon Course', 'SC', 'Pecco arceo aetas ara at. Tempus velum studio calco amplus clamo tutis. Illum sperno aetas apparatus damnatio arcesso eaque averto alioqui expedita. Arx cumque demulceo uterque cursim barba demitto vomer. Bestia spectaculum tergum. Comburo ipsam tergeo careo atque ara defendo.', 'SC', false);

INSERT INTO prerequisite(course_id, name, description)
VALUES ('611233ac-33ff-40eb-811d-859542d9b2f1', 'Setting', 'Custody'),
       ('611233ac-33ff-40eb-811d-859542d9b2f1', 'Gender', 'Male only'),
       ('611233ac-33ff-40eb-811d-859542d9b2f1', 'Risk criteria', 'High ESARA/SARA/OVP, High OGRS'),
       ('e213bb78-9e83-4345-9d26-c5b7c8d5bc3d', 'Setting', 'Custody'),
       ('e213bb78-9e83-4345-9d26-c5b7c8d5bc3d', 'Gender', 'Male only'),
       ('e213bb78-9e83-4345-9d26-c5b7c8d5bc3d', 'Risk criteria', 'High ESARA/SARA/OVP, High OGRS'),
       ('8fc715f5-9fb4-48a8-91cd-b0718e1c4488', 'Setting', 'Custody'),
       ('8fc715f5-9fb4-48a8-91cd-b0718e1c4488', 'Gender', 'Male only'),
       ('8fc715f5-9fb4-48a8-91cd-b0718e1c4488', 'Risk criteria', 'High ESARA/SARA/OVP, High OGRS'),
       ('e019040b-4d31-425f-a406-5fd26c8f4390', 'Setting', 'Custody'),
       ('e019040b-4d31-425f-a406-5fd26c8f4390', 'Gender', 'Male only'),
       ('e019040b-4d31-425f-a406-5fd26c8f4390', 'Risk criteria', 'High ESARA/SARA/OVP, High OGRS'),
       ('d493aeec-7f78-43a7-aecf-6f4a0e78a7b1', 'Setting', 'Custody'),
       ('d493aeec-7f78-43a7-aecf-6f4a0e78a7b1', 'Gender', 'Male only'),
       ('d493aeec-7f78-43a7-aecf-6f4a0e78a7b1', 'Risk criteria', 'High ESARA/SARA/OVP, High OGRS'),
       ('822d2a50-3b01-44e7-b804-b4f6a55ea4ce', 'Setting', 'Custody'),
       ('822d2a50-3b01-44e7-b804-b4f6a55ea4ce', 'Gender', 'Male only'),
       ('822d2a50-3b01-44e7-b804-b4f6a55ea4ce', 'Risk criteria', 'High ESARA/SARA/OVP, High OGRS'),
       ('e34e0880-cb16-402a-9f8c-80441fe30051', 'Setting', 'Custody'),
       ('e34e0880-cb16-402a-9f8c-80441fe30051', 'Gender', 'Male only'),
       ('e34e0880-cb16-402a-9f8c-80441fe30051', 'Risk criteria', 'High ESARA/SARA/OVP, High OGRS'),
       ('daf4be78-794b-4b83-bdd1-9185adf2560b', 'Setting', 'Custody'),
       ('daf4be78-794b-4b83-bdd1-9185adf2560b', 'Gender', 'Male only'),
       ('daf4be78-794b-4b83-bdd1-9185adf2560b', 'Risk criteria', 'High ESARA/SARA/OVP, High OGRS'),
       ('91c6d4bc-135f-40ed-9507-37f7c68a923d', 'Setting', 'Custody'),
       ('91c6d4bc-135f-40ed-9507-37f7c68a923d', 'Gender', 'Male only'),
       ('91c6d4bc-135f-40ed-9507-37f7c68a923d', 'Risk criteria', 'High ESARA/SARA/OVP, High OGRS'),
       ('2f22366e-8a51-46fb-ab8f-ff0ce47fe7dc', 'Setting', 'Custody'),
       ('2f22366e-8a51-46fb-ab8f-ff0ce47fe7dc', 'Gender', 'Male only'),
       ('2f22366e-8a51-46fb-ab8f-ff0ce47fe7dc', 'Risk criteria', 'High ESARA/SARA/OVP, High OGRS');

INSERT INTO audience(audience_id, audience_value)
VALUES ('1ecaabf8-9b3e-4aba-946d-1583281c1692', 'Sexual offence'),
       ('e431a9b2-3fb4-4b26-a12a-711775511ac7', 'Extremism offence'),
       ('e00e341f-7e0a-4d55-a089-38456d4c2f5d', 'Gang offence'),
       ('84ed8fc4-12d8-42ab-b0f0-c33808ca173d', 'General violence offence'),
       ('85bc5a63-0071-4dff-bbe5-e32d39b82d15', 'Intimate partner violence offence'),
       ('31f41243-63b3-4c58-b038-d9530054eec9', 'General offence');

INSERT INTO course_audience(course_id, audience_id)
VALUES ('611233ac-33ff-40eb-811d-859542d9b2f1', '1ecaabf8-9b3e-4aba-946d-1583281c1692'),
       ('e213bb78-9e83-4345-9d26-c5b7c8d5bc3d', 'e431a9b2-3fb4-4b26-a12a-711775511ac7'),
       ('8fc715f5-9fb4-48a8-91cd-b0718e1c4488', '1ecaabf8-9b3e-4aba-946d-1583281c1692'),
       ('e019040b-4d31-425f-a406-5fd26c8f4390', '1ecaabf8-9b3e-4aba-946d-1583281c1692'),
       ('d493aeec-7f78-43a7-aecf-6f4a0e78a7b1', 'e00e341f-7e0a-4d55-a089-38456d4c2f5d'),
       ('822d2a50-3b01-44e7-b804-b4f6a55ea4ce', 'e431a9b2-3fb4-4b26-a12a-711775511ac7'),
       ('e34e0880-cb16-402a-9f8c-80441fe30051', 'e431a9b2-3fb4-4b26-a12a-711775511ac7'),
       ('daf4be78-794b-4b83-bdd1-9185adf2560b', '85bc5a63-0071-4dff-bbe5-e32d39b82d15'),
       ('91c6d4bc-135f-40ed-9507-37f7c68a923d', '31f41243-63b3-4c58-b038-d9530054eec9'),
       ('2f22366e-8a51-46fb-ab8f-ff0ce47fe7dc', '31f41243-63b3-4c58-b038-d9530054eec9');

INSERT INTO offering(offering_id, course_id, organisation_id, contact_email, secondary_contact_email)
VALUES ('e0c03d20-7002-4dfb-a17a-d8350a8cbf0d', '611233ac-33ff-40eb-811d-859542d9b2f1', 'SHI', 'nobody-shi@digital.justice.gov.uk', null),
       ('d8b07abe-91f7-49f5-ad21-5d67c6e571a5', '611233ac-33ff-40eb-811d-859542d9b2f1', 'WWI', 'nobody-wwi@digital.justice.gov.uk', null),
       ('e3ec44c5-640b-4c2d-b435-ffe5cf4530e6', '611233ac-33ff-40eb-811d-859542d9b2f1', 'UKI', 'nobody-uki@digital.justice.gov.uk', null),
       ('2e3f3f61-9469-49e1-8578-67884c1e4bdc', '611233ac-33ff-40eb-811d-859542d9b2f1', 'RNI', 'nobody-rni@digital.justice.gov.uk', null),
       ('48d93de7-3ab9-4abe-9a90-78d5ef99975d', '611233ac-33ff-40eb-811d-859542d9b2f1', 'HBI', 'nobody-hbi@digital.justice.gov.uk', null),
       ('02ae23e7-2012-49d3-9565-111e478b79c5', '611233ac-33ff-40eb-811d-859542d9b2f1', 'KVI', 'nobody-kvi@digital.justice.gov.uk', null),
       ('827e24c8-06a2-430f-9316-1080f943f503', '611233ac-33ff-40eb-811d-859542d9b2f1', 'SKI', 'nobody-ski@digital.justice.gov.uk', null),
       ('9b36abca-3338-4478-9743-13122f8c975a', '611233ac-33ff-40eb-811d-859542d9b2f1', 'LGI', 'nobody-lgi@digital.justice.gov.uk', null),
       ('7855db98-cc60-4ab1-8f5b-40a47e8dc6e8', '611233ac-33ff-40eb-811d-859542d9b2f1', 'LEI', 'nobody-lei@digital.justice.gov.uk', null),
       ('b3c900fd-3af8-41fd-99da-e1e0254232cc', '611233ac-33ff-40eb-811d-859542d9b2f1', 'PDI', 'nobody-pdi@digital.justice.gov.uk', null),
       ('55631e3d-8fbe-45ae-a66b-54d5bc81971e', '611233ac-33ff-40eb-811d-859542d9b2f1', 'KMI', 'nobody-kmi@digital.justice.gov.uk', null),
       ('b8b0fe68-1112-4672-a798-c8979b14147f', '611233ac-33ff-40eb-811d-859542d9b2f1', 'TSI', 'nobody-tsi@digital.justice.gov.uk', null),
       ('5f86e653-a110-48d3-802f-c662bf32fb74', '611233ac-33ff-40eb-811d-859542d9b2f1', 'SLI', 'nobody-sli@digital.justice.gov.uk', null),
       ('d5f809a7-5637-47ec-87ff-d945d5392d01', '611233ac-33ff-40eb-811d-859542d9b2f1', 'MSI', 'nobody-msi@digital.justice.gov.uk', null),
       ('8ebeb281-88f8-47f8-af1f-30a764da4c40', '611233ac-33ff-40eb-811d-859542d9b2f1', 'BZI', 'nobody-bzi@digital.justice.gov.uk', null),
       ('135b90fb-7593-4460-b588-b9c52b4a9002', '611233ac-33ff-40eb-811d-859542d9b2f1', 'ASI', 'nobody-asi@digital.justice.gov.uk', null),
       ('ffb42450-ac72-4acc-84b1-5c0049ac1208', '611233ac-33ff-40eb-811d-859542d9b2f1', 'SNI', 'nobody-sni@digital.justice.gov.uk', null),
       ('471a50fc-38a0-4b8a-9406-9ba6b939bbe6', '611233ac-33ff-40eb-811d-859542d9b2f1', 'EHI', 'nobody-ehi@digital.justice.gov.uk', null),
       ('307a921e-2ca3-450f-9788-6d24e087f867', '611233ac-33ff-40eb-811d-859542d9b2f1', 'MHI', 'nobody-mhi@digital.justice.gov.uk', null),
       ('4b2dd45a-7f2b-4714-9603-d47cd1c64b07', '611233ac-33ff-40eb-811d-859542d9b2f1', 'WTI', 'nobody-wti@digital.justice.gov.uk', null),
       ('01298638-e700-4086-be0c-915f8100ce67', '611233ac-33ff-40eb-811d-859542d9b2f1', 'WYI', 'nobody-wyi@digital.justice.gov.uk', null),
       ('56172e44-3385-4211-be34-300fbe531bef', '611233ac-33ff-40eb-811d-859542d9b2f1', 'CWI', 'nobody-cwi@digital.justice.gov.uk', null),
       ('5e719323-befb-4018-8978-af4e2a189ee3', '611233ac-33ff-40eb-811d-859542d9b2f1', 'NMI', 'nobody-nmi@digital.justice.gov.uk', null),
       ('ad3eccfe-dc4a-4d10-8433-f5f633c4b0c4', '611233ac-33ff-40eb-811d-859542d9b2f1', 'DGI', 'nobody-dgi@digital.justice.gov.uk', null),
       ('ed340517-57af-430e-9231-a1121dcb0973', '611233ac-33ff-40eb-811d-859542d9b2f1', 'ESI', 'nobody-esi@digital.justice.gov.uk', null),
       ('0794281f-4b66-47f2-a7fc-d6e22b30ec26', '611233ac-33ff-40eb-811d-859542d9b2f1', 'BCI', 'nobody-bci@digital.justice.gov.uk', null),
       ('2244c279-20f9-4eff-9a00-6b0dc0ffb0c2', '611233ac-33ff-40eb-811d-859542d9b2f1', 'BSI', 'nobody-bsi@digital.justice.gov.uk', null),
       ('d2a2872e-1ef2-411e-a4fc-3515d451a1a3', '611233ac-33ff-40eb-811d-859542d9b2f1', 'UPI', 'nobody-upi@digital.justice.gov.uk', null),
       ('4faa0493-ceb5-4d00-97ea-5abfc7cc2649', '611233ac-33ff-40eb-811d-859542d9b2f1', 'SPI', 'nobody-spi@digital.justice.gov.uk', null),
       ('39cd3af4-11b3-44e2-b646-31efe4088b46', '611233ac-33ff-40eb-811d-859542d9b2f1', 'HDI', 'nobody-hdi@digital.justice.gov.uk', null),
       ('c77bbb07-12a2-4b10-8ca8-4c007e358787', '611233ac-33ff-40eb-811d-859542d9b2f1', 'LNI', 'nobody-lni@digital.justice.gov.uk', null),
       ('0080d935-d661-427f-a252-df8b0be9fd07', '611233ac-33ff-40eb-811d-859542d9b2f1', 'PBI', 'nobody-pbi@digital.justice.gov.uk', null),
       ('d516388b-295f-48b4-a239-5f9dd7e6924a', '611233ac-33ff-40eb-811d-859542d9b2f1', 'PRI', 'nobody-pri@digital.justice.gov.uk', null),
       ('ef962a47-5d71-4262-9f62-821e740b1e46', '611233ac-33ff-40eb-811d-859542d9b2f1', 'HII', 'nobody-hii@digital.justice.gov.uk', null),
       ('13762ddc-7c4b-46e6-afff-a1a642b1984f', '611233ac-33ff-40eb-811d-859542d9b2f1', 'WEI', 'nobody-wei@digital.justice.gov.uk', null),
       ('f0be5a9a-98d5-4830-90ea-55e697d85e7b', '611233ac-33ff-40eb-811d-859542d9b2f1', 'WII', 'nobody-wii@digital.justice.gov.uk', null),
       ('324daf65-fb08-4163-b545-e151f9c57a51', '611233ac-33ff-40eb-811d-859542d9b2f1', 'WNI', 'nobody-wni@digital.justice.gov.uk', null),
       ('bf0f9789-dda8-448f-9e7e-e83b8a0d2151', '611233ac-33ff-40eb-811d-859542d9b2f1', 'HOI', 'nobody-hoi@digital.justice.gov.uk', null),
       ('1101cd24-138f-49b9-955d-df9b61a35999', '611233ac-33ff-40eb-811d-859542d9b2f1', 'VEI', 'nobody-vei@digital.justice.gov.uk', null),
       ('748748db-3b1e-4d89-bbae-e44c3f24b767', '611233ac-33ff-40eb-811d-859542d9b2f1', 'BAI', 'nobody-bai@digital.justice.gov.uk', null),
       ('dc3a64b8-8b48-414c-a351-c46376be8490', '611233ac-33ff-40eb-811d-859542d9b2f1', 'NWI', 'nobody-nwi@digital.justice.gov.uk', null),
       ('8d045420-a98f-4685-ba60-c36e3be4b762', 'e213bb78-9e83-4345-9d26-c5b7c8d5bc3d', 'TCI', 'nobody-tci@digital.justice.gov.uk', null),
       ('daa9c4f8-e153-4a59-8bf4-2ab3d60192be', 'e213bb78-9e83-4345-9d26-c5b7c8d5bc3d', 'FMI', 'nobody-fmi@digital.justice.gov.uk', null),
       ('dc4a60b8-673e-4885-9da9-24f431c7b151', 'e213bb78-9e83-4345-9d26-c5b7c8d5bc3d', 'ISI', 'nobody-isi@digital.justice.gov.uk', null),
       ('e1196ad4-3c6c-420a-aa58-0a08f9e61041', 'e213bb78-9e83-4345-9d26-c5b7c8d5bc3d', 'CKI', 'nobody-cki@digital.justice.gov.uk', null),
       ('58f3d73d-2dfa-4d88-9e85-8a537e9e1779', 'e213bb78-9e83-4345-9d26-c5b7c8d5bc3d', 'SLI', 'nobody-sli@digital.justice.gov.uk', null),
       ('e77f663e-5e38-4296-a8d4-72997a37f2e5', 'e213bb78-9e83-4345-9d26-c5b7c8d5bc3d', 'GNI', 'nobody-gni@digital.justice.gov.uk', null),
       ('3d84d77e-bbad-42b7-9f7d-43e8a1366f11', 'e213bb78-9e83-4345-9d26-c5b7c8d5bc3d', 'IWI', 'nobody-iwi@digital.justice.gov.uk', null),
       ('a29ff9c8-cadb-47e1-aeec-1313a823402c', 'e213bb78-9e83-4345-9d26-c5b7c8d5bc3d', 'NHI', 'nobody-nhi@digital.justice.gov.uk', null),
       ('ea696740-c572-4973-b0f9-5a753c783ec7', 'e213bb78-9e83-4345-9d26-c5b7c8d5bc3d', 'HEI', 'nobody-hei@digital.justice.gov.uk', null),
       ('fb0532b1-80f6-4f7b-983e-12350149ff6f', 'e213bb78-9e83-4345-9d26-c5b7c8d5bc3d', 'LFI', 'nobody-lfi@digital.justice.gov.uk', null),
       ('1cf98496-8410-4c8c-a333-36746e386976', 'e213bb78-9e83-4345-9d26-c5b7c8d5bc3d', 'WYI', 'nobody-wyi@digital.justice.gov.uk', null),
       ('5be52d05-7ae6-4ac3-b766-61375ab150ff', 'e213bb78-9e83-4345-9d26-c5b7c8d5bc3d', 'WSI', 'nobody-wsi@digital.justice.gov.uk', null),
       ('1ae3fafc-aa2d-4462-a1fe-0a10f9724ca6', 'e213bb78-9e83-4345-9d26-c5b7c8d5bc3d', 'RHI', 'nobody-rhi@digital.justice.gov.uk', null),
       ('76d38907-8469-4abb-b9c2-961ddf195cd4', 'e213bb78-9e83-4345-9d26-c5b7c8d5bc3d', 'DGI', 'nobody-dgi@digital.justice.gov.uk', null),
       ('e1fce2a5-8602-4ddd-a01b-301773fa2c47', 'e213bb78-9e83-4345-9d26-c5b7c8d5bc3d', 'OWI', 'nobody-owi@digital.justice.gov.uk', null),
       ('ea7c3a27-782c-41b2-82e4-9b64330a608f', 'e213bb78-9e83-4345-9d26-c5b7c8d5bc3d', 'LGI', 'nobody-lgi@digital.justice.gov.uk', null),
       ('a9076ccf-bc5e-48a1-bffc-b271626a66a8', 'e213bb78-9e83-4345-9d26-c5b7c8d5bc3d', 'EXI', 'nobody-exi@digital.justice.gov.uk', null),
       ('349e464b-7bd6-47b8-88e7-2dbec0967bcd', 'e213bb78-9e83-4345-9d26-c5b7c8d5bc3d', 'DMI', 'nobody-dmi@digital.justice.gov.uk', null),
       ('83f9de94-0e56-478f-ae15-15eba3f7b725', 'e213bb78-9e83-4345-9d26-c5b7c8d5bc3d', 'GHI', 'nobody-ghi@digital.justice.gov.uk', null),
       ('d2168b20-9bcf-4e2e-8e81-3adeec566c44', 'e213bb78-9e83-4345-9d26-c5b7c8d5bc3d', 'HDI', 'nobody-hdi@digital.justice.gov.uk', null),
       ('c56075d8-ab0d-4d48-b918-04aa019011fc', 'e213bb78-9e83-4345-9d26-c5b7c8d5bc3d', 'STI', 'nobody-sti@digital.justice.gov.uk', null),
       ('0d1a6511-1bbb-4f6e-8297-9434a3434ac6', 'e213bb78-9e83-4345-9d26-c5b7c8d5bc3d', 'PBI', 'nobody-pbi@digital.justice.gov.uk', null),
       ('082bc6f3-ec16-4f52-9f8c-3c0414447bba', 'e213bb78-9e83-4345-9d26-c5b7c8d5bc3d', 'AYI', 'nobody-ayi@digital.justice.gov.uk', null),
       ('992adbff-2b4f-4eb5-999a-f297b798e4ee', 'e213bb78-9e83-4345-9d26-c5b7c8d5bc3d', 'ACI', 'nobody-aci@digital.justice.gov.uk', null),
       ('5e2b556e-1c76-4942-9ec7-5959af37cc27', 'e213bb78-9e83-4345-9d26-c5b7c8d5bc3d', 'RSI', 'nobody-rsi@digital.justice.gov.uk', null),
       ('18342371-7b40-485d-927b-f05f3833f25b', 'e213bb78-9e83-4345-9d26-c5b7c8d5bc3d', 'AGI', 'nobody-agi@digital.justice.gov.uk', null),
       ('2afd4b78-9908-4ea5-a2d9-2206d46e953a', 'e213bb78-9e83-4345-9d26-c5b7c8d5bc3d', 'KMI', 'nobody-kmi@digital.justice.gov.uk', null),
       ('9624add0-b9be-45ec-9ad7-c022d62ff3ee', 'e213bb78-9e83-4345-9d26-c5b7c8d5bc3d', 'NMI', 'nobody-nmi@digital.justice.gov.uk', null),
       ('589e45e4-f064-46fb-963c-11791c87363e', 'e213bb78-9e83-4345-9d26-c5b7c8d5bc3d', 'GTI', 'nobody-gti@digital.justice.gov.uk', null),
       ('243b5d16-9711-464d-a6fe-ede56d9a067b', 'e213bb78-9e83-4345-9d26-c5b7c8d5bc3d', 'WMI', 'nobody-wmi@digital.justice.gov.uk', null),
       ('7a8b19f8-f40e-4058-a607-8fe670bd9986', 'e213bb78-9e83-4345-9d26-c5b7c8d5bc3d', 'EWI', 'nobody-ewi@digital.justice.gov.uk', null),
       ('5e6f9d37-011d-4d84-aa5e-5cfdbe96a35f', 'e213bb78-9e83-4345-9d26-c5b7c8d5bc3d', 'UKI', 'nobody-uki@digital.justice.gov.uk', null),
       ('637cc0d1-9c20-4355-9558-f2537a56514b', 'e213bb78-9e83-4345-9d26-c5b7c8d5bc3d', 'WYI', 'nobody-wyi@digital.justice.gov.uk', null),
       ('6cdcc6b8-8958-48bd-b747-8fdbb8ef332f', 'e213bb78-9e83-4345-9d26-c5b7c8d5bc3d', 'HOI', 'nobody-hoi@digital.justice.gov.uk', null),
       ('74e2a254-b726-4521-8c80-a40b12589bae', 'e213bb78-9e83-4345-9d26-c5b7c8d5bc3d', 'CWI', 'nobody-cwi@digital.justice.gov.uk', null),
       ('e9e889d8-b11f-4ab1-959f-bcb39cea7318', 'e213bb78-9e83-4345-9d26-c5b7c8d5bc3d', 'BWI', 'nobody-bwi@digital.justice.gov.uk', null),
       ('0e8e98d1-f27b-440a-9fbb-6374a835268b', 'e213bb78-9e83-4345-9d26-c5b7c8d5bc3d', 'HBI', 'nobody-hbi@digital.justice.gov.uk', null),
       ('08e5e80a-2dfc-49a4-a590-269f9bc12453', 'e213bb78-9e83-4345-9d26-c5b7c8d5bc3d', 'DWI', 'nobody-dwi@digital.justice.gov.uk', null),
       ('741248db-5411-46d7-8643-2d5ee3797885', 'e213bb78-9e83-4345-9d26-c5b7c8d5bc3d', 'LPI', 'nobody-lpi@digital.justice.gov.uk', null),
       ('0de8209a-7cee-4f5e-bc17-5fa2134413d9', 'e213bb78-9e83-4345-9d26-c5b7c8d5bc3d', 'HMI', 'nobody-hmi@digital.justice.gov.uk', null),
       ('eb1804b8-0cf9-4d83-8389-a1de8943973a', 'e213bb78-9e83-4345-9d26-c5b7c8d5bc3d', 'ONI', 'nobody-oni@digital.justice.gov.uk', null),
       ('c8f093dc-55ff-455b-9339-68ec1143a94b', 'e213bb78-9e83-4345-9d26-c5b7c8d5bc3d', 'LLI', 'nobody-lli@digital.justice.gov.uk', null),
       ('c8b73786-5250-4326-8526-f3d461508b51', 'e213bb78-9e83-4345-9d26-c5b7c8d5bc3d', 'SWI', 'nobody-swi@digital.justice.gov.uk', null),
       ('3d08aad8-f96d-4573-b5ff-1b2e2a1d63d8', 'e213bb78-9e83-4345-9d26-c5b7c8d5bc3d', 'LII', 'nobody-lii@digital.justice.gov.uk', null),
       ('6c99e301-b893-44f3-917a-dcb4a0e5f8da', 'e213bb78-9e83-4345-9d26-c5b7c8d5bc3d', 'KVI', 'nobody-kvi@digital.justice.gov.uk', null),
       ('6ecba39f-517a-4be2-8258-2a65d6cef039', 'e213bb78-9e83-4345-9d26-c5b7c8d5bc3d', 'UPI', 'nobody-upi@digital.justice.gov.uk', null),
       ('5115821c-618f-40e3-b372-a944f71414ec', 'e213bb78-9e83-4345-9d26-c5b7c8d5bc3d', 'BCI', 'nobody-bci@digital.justice.gov.uk', null),
       ('22a3683a-c629-46b6-af60-fc9d147d6da5', 'e213bb78-9e83-4345-9d26-c5b7c8d5bc3d', 'WDI', 'nobody-wdi@digital.justice.gov.uk', null),
       ('d3ef6ea9-6d34-42b8-99bf-fbaed6523467', 'e213bb78-9e83-4345-9d26-c5b7c8d5bc3d', 'EEI', 'nobody-eei@digital.justice.gov.uk', null),
       ('e1896ecd-362e-4291-975f-6f64229848a7', 'e213bb78-9e83-4345-9d26-c5b7c8d5bc3d', 'MSI', 'nobody-msi@digital.justice.gov.uk', null),
       ('a6e5352f-f4cf-4e5e-8c42-6fb96b1a8663', 'e213bb78-9e83-4345-9d26-c5b7c8d5bc3d', 'WEI', 'nobody-wei@digital.justice.gov.uk', null),
       ('90110c02-cd92-493f-b6c8-9a84755151be', 'e213bb78-9e83-4345-9d26-c5b7c8d5bc3d', 'FNI', 'nobody-fni@digital.justice.gov.uk', null),
       ('e60943bd-39e1-43fd-90d8-462a3cad45d9', 'e213bb78-9e83-4345-9d26-c5b7c8d5bc3d', 'PFI', 'nobody-pfi@digital.justice.gov.uk', null),
       ('709e85f3-c1ed-47e6-81c5-f4559daec3a6', 'e213bb78-9e83-4345-9d26-c5b7c8d5bc3d', 'HCI', 'nobody-hci@digital.justice.gov.uk', null),
       ('9fd5f438-de6a-4a52-9e5e-96fa00965801', 'e213bb78-9e83-4345-9d26-c5b7c8d5bc3d', 'LWI', 'nobody-lwi@digital.justice.gov.uk', null),
       ('f06b6fe4-fabf-47e1-8716-ffc975af6da3', 'e213bb78-9e83-4345-9d26-c5b7c8d5bc3d', 'BAI', 'nobody-bai@digital.justice.gov.uk', null),
       ('94369f31-68c1-4953-86e6-a5f43e41fa0c', 'e213bb78-9e83-4345-9d26-c5b7c8d5bc3d', 'HLI', 'nobody-hli@digital.justice.gov.uk', null),
       ('4a1cb721-2f1a-4af1-b97a-0cf795427111', 'e213bb78-9e83-4345-9d26-c5b7c8d5bc3d', 'DTI', 'nobody-dti@digital.justice.gov.uk', null),
       ('7449a3bb-803b-44d5-805c-e85e674f0e8f', 'e213bb78-9e83-4345-9d26-c5b7c8d5bc3d', 'GMI', 'nobody-gmi@digital.justice.gov.uk', null),
       ('9f29de75-70af-4aff-97ad-3eae1c562f0e', 'e213bb78-9e83-4345-9d26-c5b7c8d5bc3d', 'CDI', 'nobody-cdi@digital.justice.gov.uk', null),
       ('7bd7627a-39ea-4edb-8f49-4b4318d2e689', 'e213bb78-9e83-4345-9d26-c5b7c8d5bc3d', 'WHI', 'nobody-whi@digital.justice.gov.uk', null),
       ('1bce6e0f-0d42-4348-83ce-ac978feb3722', 'e213bb78-9e83-4345-9d26-c5b7c8d5bc3d', 'MRI', 'nobody-mri@digital.justice.gov.uk', null),
       ('c9a41184-92a4-474c-af9a-0beb8ebe6eeb', 'e213bb78-9e83-4345-9d26-c5b7c8d5bc3d', 'PDI', 'nobody-pdi@digital.justice.gov.uk', null),
       ('44e18fc8-2161-4e86-a496-c2dafec188b5', 'e213bb78-9e83-4345-9d26-c5b7c8d5bc3d', 'FBI', 'nobody-fbi@digital.justice.gov.uk', null),
       ('8368d3ee-964e-455a-a0cf-670304fafd1b', 'e213bb78-9e83-4345-9d26-c5b7c8d5bc3d', 'EYI', 'nobody-eyi@digital.justice.gov.uk', null),
       ('15e7ff41-acd4-4429-9c2c-5272ffa7cafc', 'e213bb78-9e83-4345-9d26-c5b7c8d5bc3d', 'NSI', 'nobody-nsi@digital.justice.gov.uk', null),
       ('9c4758c4-dfe7-4f2b-8961-4c278158872c', 'e213bb78-9e83-4345-9d26-c5b7c8d5bc3d', 'NWI', 'nobody-nwi@digital.justice.gov.uk', null),
       ('eab1c89f-ca16-46b4-82c4-4f26734de7bd', 'e213bb78-9e83-4345-9d26-c5b7c8d5bc3d', 'BMI', 'nobody-bmi@digital.justice.gov.uk', null),
       ('f8ad9d4c-9cc1-47f8-aff7-6209553ec1ea', 'e213bb78-9e83-4345-9d26-c5b7c8d5bc3d', 'CLI', 'nobody-cli@digital.justice.gov.uk', null),
       ('1d5e140f-64e4-4129-866f-c660de3d0505', 'e213bb78-9e83-4345-9d26-c5b7c8d5bc3d', 'LEI', 'nobody-lei@digital.justice.gov.uk', null),
       ('83e272b5-f215-45da-8896-6fca058e61c6', 'e213bb78-9e83-4345-9d26-c5b7c8d5bc3d', 'WLI', 'nobody-wli@digital.justice.gov.uk', null),
       ('387b43b1-0dbe-4cfc-924c-5b2fa4af5224', 'e213bb78-9e83-4345-9d26-c5b7c8d5bc3d', 'MTI', 'nobody-mti@digital.justice.gov.uk', null),
       ('1a021899-3ec0-45b2-9b34-f245f3a05378', 'e213bb78-9e83-4345-9d26-c5b7c8d5bc3d', 'WWI', 'nobody-wwi@digital.justice.gov.uk', null),
       ('ed60ebb2-978f-4a52-ae94-c27c73f02afe', 'e213bb78-9e83-4345-9d26-c5b7c8d5bc3d', 'HPI', 'nobody-hpi@digital.justice.gov.uk', null),
       ('85df5fbe-d26a-46f2-a2c6-3f893e981005', 'e213bb78-9e83-4345-9d26-c5b7c8d5bc3d', 'BLI', 'nobody-bli@digital.justice.gov.uk', null),
       ('9b0735f8-fd75-46ae-a73e-b7b5c7cab521', 'e213bb78-9e83-4345-9d26-c5b7c8d5bc3d', 'ESI', 'nobody-esi@digital.justice.gov.uk', null),
       ('bb601368-5397-4aa6-8335-a253b28dd345', 'e213bb78-9e83-4345-9d26-c5b7c8d5bc3d', 'ASI', 'nobody-asi@digital.justice.gov.uk', null),
       ('122439ac-c17f-49cd-a3aa-ee540a5636f2', 'e213bb78-9e83-4345-9d26-c5b7c8d5bc3d', 'LCI', 'nobody-lci@digital.justice.gov.uk', null),
       ('324a629c-38cb-4bdb-a564-5ed22f2d73e8', 'e213bb78-9e83-4345-9d26-c5b7c8d5bc3d', 'FHI', 'nobody-fhi@digital.justice.gov.uk', null),
       ('8e6e80e1-bf55-410c-bf89-a75e85191d0f', 'e213bb78-9e83-4345-9d26-c5b7c8d5bc3d', 'BSI', 'nobody-bsi@digital.justice.gov.uk', null),
       ('a0b06cdc-1f0a-4f55-b552-15c024bfb5a8', 'e213bb78-9e83-4345-9d26-c5b7c8d5bc3d', 'FSI', 'nobody-fsi@digital.justice.gov.uk', null),
       ('49cb6c28-4c02-4468-8795-8e54718dcd5b', 'e213bb78-9e83-4345-9d26-c5b7c8d5bc3d', 'BNI', 'nobody-bni@digital.justice.gov.uk', null),
       ('6571ae27-3f1f-4720-8449-3ae0acdae377', 'e213bb78-9e83-4345-9d26-c5b7c8d5bc3d', 'VEI', 'nobody-vei@digital.justice.gov.uk', null),
       ('ab0ed7fd-f40e-447e-a0f0-35893485d71c', 'e213bb78-9e83-4345-9d26-c5b7c8d5bc3d', 'SFI', 'nobody-sfi@digital.justice.gov.uk', null),
       ('fbe00908-50c7-4e47-9b05-86347d105147', 'e213bb78-9e83-4345-9d26-c5b7c8d5bc3d', 'RNI', 'nobody-rni@digital.justice.gov.uk', null),
       ('710f7c87-5a9a-4d8a-b5fa-cecc800fa243', 'e213bb78-9e83-4345-9d26-c5b7c8d5bc3d', 'DHI', 'nobody-dhi@digital.justice.gov.uk', null),
       ('31548a45-e6e8-46f4-a665-b208ffbefd51', 'e213bb78-9e83-4345-9d26-c5b7c8d5bc3d', 'PYI', 'nobody-pyi@digital.justice.gov.uk', null),
       ('70db5234-985c-431e-970b-d4da23d822f1', 'e213bb78-9e83-4345-9d26-c5b7c8d5bc3d', 'HII', 'nobody-hii@digital.justice.gov.uk', null),
       ('ea05363f-847b-45f5-870e-901c5c509e6d', 'e213bb78-9e83-4345-9d26-c5b7c8d5bc3d', 'RCI', 'nobody-rci@digital.justice.gov.uk', null),
       ('ddb476c9-e7bb-43f8-8ea0-8d3f43ce41a7', 'e213bb78-9e83-4345-9d26-c5b7c8d5bc3d', 'LTI', 'nobody-lti@digital.justice.gov.uk', null),
       ('860721c4-cc4b-47fd-bf59-e5c1cefe920f', 'e213bb78-9e83-4345-9d26-c5b7c8d5bc3d', 'TSI', 'nobody-tsi@digital.justice.gov.uk', null),
       ('12291ea9-6fa7-4fe4-9dca-49892577106a', 'e213bb78-9e83-4345-9d26-c5b7c8d5bc3d', 'SDI', 'nobody-sdi@digital.justice.gov.uk', null),
       ('03f25076-c6b9-4eae-bd76-428134723edd', 'e213bb78-9e83-4345-9d26-c5b7c8d5bc3d', 'FDI', 'nobody-fdi@digital.justice.gov.uk', null),
       ('446e2b55-cdd5-46dd-bf2e-fc075dbff9a1', 'e213bb78-9e83-4345-9d26-c5b7c8d5bc3d', 'PRI', 'nobody-pri@digital.justice.gov.uk', null),
       ('a3cbdf5e-0dc1-4f22-88e7-69b083055ea1', 'e213bb78-9e83-4345-9d26-c5b7c8d5bc3d', 'NLI', 'nobody-nli@digital.justice.gov.uk', null),
       ('dba1e30d-45db-46cc-8066-05f7b0827f5a', 'e213bb78-9e83-4345-9d26-c5b7c8d5bc3d', 'BRI', 'nobody-bri@digital.justice.gov.uk', null),
       ('b00ab153-8ba2-4844-9c7d-8d89c2c6eac7', 'e213bb78-9e83-4345-9d26-c5b7c8d5bc3d', 'HDI', 'nobody-hdi@digital.justice.gov.uk', null),
       ('eb9ca84f-c3da-4c51-a3ff-48a3c76985ca', '8fc715f5-9fb4-48a8-91cd-b0718e1c4488', 'STI', 'nobody-sti@digital.justice.gov.uk', null),
       ('3de07d15-90d3-4aed-95bb-9e0316ae4475', '8fc715f5-9fb4-48a8-91cd-b0718e1c4488', 'AYI', 'nobody-ayi@digital.justice.gov.uk', null),
       ('3b3a1686-b3ac-425a-9420-49214a639dc7', '8fc715f5-9fb4-48a8-91cd-b0718e1c4488', 'FNI', 'nobody-fni@digital.justice.gov.uk', null),
       ('2befbec8-f546-4ee9-9f2f-b4b27835d082', '8fc715f5-9fb4-48a8-91cd-b0718e1c4488', 'GHI', 'nobody-ghi@digital.justice.gov.uk', null),
       ('74dc72fe-e86e-4350-8d0b-5d489e58a746', '8fc715f5-9fb4-48a8-91cd-b0718e1c4488', 'ASI', 'nobody-asi@digital.justice.gov.uk', null),
       ('d80b999c-573b-4336-b2b5-6e89fa777e0d', '8fc715f5-9fb4-48a8-91cd-b0718e1c4488', 'CKI', 'nobody-cki@digital.justice.gov.uk', null),
       ('7078c425-fd9d-4de1-a497-7417b7739603', '8fc715f5-9fb4-48a8-91cd-b0718e1c4488', 'NSI', 'nobody-nsi@digital.justice.gov.uk', null),
       ('447237fc-de42-452c-8bd8-7d31b185672d', '8fc715f5-9fb4-48a8-91cd-b0718e1c4488', 'DNI', 'nobody-dni@digital.justice.gov.uk', null),
       ('ee5eda42-f1f8-48ca-97ca-cf9f491f0237', '8fc715f5-9fb4-48a8-91cd-b0718e1c4488', 'UPI', 'nobody-upi@digital.justice.gov.uk', null),
       ('31bd25db-e67b-417f-8148-fc60bec36294', '8fc715f5-9fb4-48a8-91cd-b0718e1c4488', 'WII', 'nobody-wii@digital.justice.gov.uk', null),
       ('78d8c23b-c5bc-4ce0-a518-ee4fc5911216', '8fc715f5-9fb4-48a8-91cd-b0718e1c4488', 'WEI', 'nobody-wei@digital.justice.gov.uk', null),
       ('d36586c6-1dc8-4087-96f3-979ea444fe3e', '8fc715f5-9fb4-48a8-91cd-b0718e1c4488', 'LII', 'nobody-lii@digital.justice.gov.uk', null),
       ('b56ae4f7-6d27-421a-9ede-9d5af44ee1ce', '8fc715f5-9fb4-48a8-91cd-b0718e1c4488', 'FHI', 'nobody-fhi@digital.justice.gov.uk', null),
       ('005d27c9-eeb3-4dc7-ad8a-8e2b762120a7', '8fc715f5-9fb4-48a8-91cd-b0718e1c4488', 'WNI', 'nobody-wni@digital.justice.gov.uk', null),
       ('526ecbb4-4cf2-44d1-9e90-a9f781a55ced', '8fc715f5-9fb4-48a8-91cd-b0718e1c4488', 'ONI', 'nobody-oni@digital.justice.gov.uk', null),
       ('946c0389-8bd1-4a55-b9e1-bdac5a354ab5', '8fc715f5-9fb4-48a8-91cd-b0718e1c4488', 'WWI', 'nobody-wwi@digital.justice.gov.uk', null),
       ('ddaa8d29-62ea-4d29-b42b-8e098dff0324', '8fc715f5-9fb4-48a8-91cd-b0718e1c4488', 'KVI', 'nobody-kvi@digital.justice.gov.uk', null),
       ('2008ed15-af8a-42dd-83a3-0eb3388c3342', '8fc715f5-9fb4-48a8-91cd-b0718e1c4488', 'HII', 'nobody-hii@digital.justice.gov.uk', null),
       ('743aafba-9ff7-4cb4-91fe-db7c7e1066e2', '8fc715f5-9fb4-48a8-91cd-b0718e1c4488', 'BMI', 'nobody-bmi@digital.justice.gov.uk', null),
       ('8877044a-7c4f-4962-a58f-41026415a9a7', '8fc715f5-9fb4-48a8-91cd-b0718e1c4488', 'TSI', 'nobody-tsi@digital.justice.gov.uk', null),
       ('f9a5fcc6-7a50-46a1-95a4-42dc363387ab', '8fc715f5-9fb4-48a8-91cd-b0718e1c4488', 'RCI', 'nobody-rci@digital.justice.gov.uk', null),
       ('4fc86ccb-02a4-4c5b-a2f6-5e8e41578bb3', '8fc715f5-9fb4-48a8-91cd-b0718e1c4488', 'BZI', 'nobody-bzi@digital.justice.gov.uk', null),
       ('8c7c9b27-50f6-40c3-aa3c-390df917f3ad', '8fc715f5-9fb4-48a8-91cd-b0718e1c4488', 'FSI', 'nobody-fsi@digital.justice.gov.uk', null),
       ('241a98ad-433f-4b77-808e-bfb8819fde51', '8fc715f5-9fb4-48a8-91cd-b0718e1c4488', 'MHI', 'nobody-mhi@digital.justice.gov.uk', null),
       ('84447ac3-d7cc-443a-9179-07bd03268a0c', '8fc715f5-9fb4-48a8-91cd-b0718e1c4488', 'ACI', 'nobody-aci@digital.justice.gov.uk', null),
       ('7ea3ee63-4f7f-45e8-92ad-52878c0356bc', '8fc715f5-9fb4-48a8-91cd-b0718e1c4488', 'WSI', 'nobody-wsi@digital.justice.gov.uk', null),
       ('7b8a07c1-3569-4e61-8ee0-ba0a072cebce', '8fc715f5-9fb4-48a8-91cd-b0718e1c4488', 'HLI', 'nobody-hli@digital.justice.gov.uk', null),
       ('148475f3-e454-4789-a77f-f49ad2e4d6ae', '8fc715f5-9fb4-48a8-91cd-b0718e1c4488', 'HBI', 'nobody-hbi@digital.justice.gov.uk', null),
       ('15c2745e-1619-459e-91f6-ad716fe92d5a', '8fc715f5-9fb4-48a8-91cd-b0718e1c4488', 'EHI', 'nobody-ehi@digital.justice.gov.uk', null),
       ('2c66e256-c1e0-4234-8e63-1ced3b04d7a9', '8fc715f5-9fb4-48a8-91cd-b0718e1c4488', 'MSI', 'nobody-msi@digital.justice.gov.uk', null),
       ('6fe6bd6c-da8b-4610-afe5-71fea60660be', '8fc715f5-9fb4-48a8-91cd-b0718e1c4488', 'WRI', 'nobody-wri@digital.justice.gov.uk', null),
       ('e2e879a0-e6e9-4647-b812-1eb656143b45', '8fc715f5-9fb4-48a8-91cd-b0718e1c4488', 'DMI', 'nobody-dmi@digital.justice.gov.uk', null),
       ('ec4c6183-d43b-4ed6-b770-4c4b60b30f51', '8fc715f5-9fb4-48a8-91cd-b0718e1c4488', 'BRI', 'nobody-bri@digital.justice.gov.uk', null),
       ('0402079c-1918-4e4b-89cd-8a40bc2209f3', '8fc715f5-9fb4-48a8-91cd-b0718e1c4488', 'HMI', 'nobody-hmi@digital.justice.gov.uk', null),
       ('68b140ca-f003-4503-b2a0-209ae1f49456', '8fc715f5-9fb4-48a8-91cd-b0718e1c4488', 'VEI', 'nobody-vei@digital.justice.gov.uk', null),
       ('3b5398c9-2832-4320-9a69-31e3bdcd7783', '8fc715f5-9fb4-48a8-91cd-b0718e1c4488', 'LCI', 'nobody-lci@digital.justice.gov.uk', null),
       ('1a9e3f0e-5717-48ed-83c6-8577d9b95683', '8fc715f5-9fb4-48a8-91cd-b0718e1c4488', 'LWI', 'nobody-lwi@digital.justice.gov.uk', null),
       ('7734e7bb-4248-44bc-8022-d2ce9b2babd4', '8fc715f5-9fb4-48a8-91cd-b0718e1c4488', 'RNI', 'nobody-rni@digital.justice.gov.uk', null),
       ('f7764bda-9b78-4f9c-867e-0c234acbb324', '8fc715f5-9fb4-48a8-91cd-b0718e1c4488', 'GTI', 'nobody-gti@digital.justice.gov.uk', null),
       ('c0c98413-b66d-4f67-a48d-a915b5c7433a', '8fc715f5-9fb4-48a8-91cd-b0718e1c4488', 'BXI', 'nobody-bxi@digital.justice.gov.uk', null),
       ('bd60a611-d62e-4f1c-813d-218dd7496eb4', '8fc715f5-9fb4-48a8-91cd-b0718e1c4488', 'MDI', 'nobody-mdi@digital.justice.gov.uk', null),
       ('32d6fc5b-2446-4b5e-abc7-b47c80f86d63', '8fc715f5-9fb4-48a8-91cd-b0718e1c4488', 'LFI', 'nobody-lfi@digital.justice.gov.uk', null),
       ('ceededc5-8ce9-4276-94e6-d9eb4f10e44a', '8fc715f5-9fb4-48a8-91cd-b0718e1c4488', 'FBI', 'nobody-fbi@digital.justice.gov.uk', null),
       ('d691c3da-2d95-4900-9a4b-8b37677b57ec', '8fc715f5-9fb4-48a8-91cd-b0718e1c4488', 'EEI', 'nobody-eei@digital.justice.gov.uk', null),
       ('4aec9169-3d38-4f02-8895-6249318ba7c0', '8fc715f5-9fb4-48a8-91cd-b0718e1c4488', 'HVI', 'nobody-hvi@digital.justice.gov.uk', null),
       ('36cf05f4-c8fb-4794-b57c-14a3e250da12', '8fc715f5-9fb4-48a8-91cd-b0718e1c4488', 'SLI', 'nobody-sli@digital.justice.gov.uk', null),
       ('dec1aff0-9374-4c47-b9da-3b7d178bb1e1', '8fc715f5-9fb4-48a8-91cd-b0718e1c4488', 'BLI', 'nobody-bli@digital.justice.gov.uk', null),
       ('e0571874-739e-4341-9b66-1c6f18fbfe0c', '8fc715f5-9fb4-48a8-91cd-b0718e1c4488', 'BWI', 'nobody-bwi@digital.justice.gov.uk', null),
       ('645db7a6-ce23-428f-a0ea-f5f2781f7367', '8fc715f5-9fb4-48a8-91cd-b0718e1c4488', 'IWI', 'nobody-iwi@digital.justice.gov.uk', null),
       ('14f2ca29-07ea-4b63-b9ee-6e8b9f141524', '8fc715f5-9fb4-48a8-91cd-b0718e1c4488', 'LTI', 'nobody-lti@digital.justice.gov.uk', null),
       ('37c8f433-0cfd-4d85-a0a4-9bb0c5b63dde', '8fc715f5-9fb4-48a8-91cd-b0718e1c4488', 'LPI', 'nobody-lpi@digital.justice.gov.uk', null),
       ('93b85611-5537-4ca2-8eed-fe559073e81a', '8fc715f5-9fb4-48a8-91cd-b0718e1c4488', 'NWI', 'nobody-nwi@digital.justice.gov.uk', null),
       ('5a3c0edd-916a-421b-99b2-252e827e734f', '8fc715f5-9fb4-48a8-91cd-b0718e1c4488', 'MRI', 'nobody-mri@digital.justice.gov.uk', null),
       ('25499e1c-dcc7-4201-8132-360ce5532d3e', '8fc715f5-9fb4-48a8-91cd-b0718e1c4488', 'SUI', 'nobody-sui@digital.justice.gov.uk', null),
       ('7f7923e6-89ce-44d5-ae4a-fadf5b7f2190', '8fc715f5-9fb4-48a8-91cd-b0718e1c4488', 'RSI', 'nobody-rsi@digital.justice.gov.uk', null),
       ('549f6467-03b1-4c8e-98f3-ce849bceec6b', '8fc715f5-9fb4-48a8-91cd-b0718e1c4488', 'WHI', 'nobody-whi@digital.justice.gov.uk', null),
       ('57772ef3-dee7-49f6-96c3-68d7ca2192f1', '8fc715f5-9fb4-48a8-91cd-b0718e1c4488', 'LLI', 'nobody-lli@digital.justice.gov.uk', null),
       ('d4befdc7-a854-44fb-9f39-cf150416eb46', '8fc715f5-9fb4-48a8-91cd-b0718e1c4488', 'FWI', 'nobody-fwi@digital.justice.gov.uk', null),
       ('fa4104a0-320f-4934-9197-933643255c97', '8fc715f5-9fb4-48a8-91cd-b0718e1c4488', 'FMI', 'nobody-fmi@digital.justice.gov.uk', null),
       ('4bf9f9da-be77-4696-8832-f775e5d69208', '8fc715f5-9fb4-48a8-91cd-b0718e1c4488', 'DAI', 'nobody-dai@digital.justice.gov.uk', null),
       ('e0857ac8-caf2-4172-ad02-166aa5c8e84b', '8fc715f5-9fb4-48a8-91cd-b0718e1c4488', 'SWI', 'nobody-swi@digital.justice.gov.uk', null),
       ('b03d4422-3277-495f-a8a2-33080d3c9675', '8fc715f5-9fb4-48a8-91cd-b0718e1c4488', 'PYI', 'nobody-pyi@digital.justice.gov.uk', null),
       ('0f92f06c-60df-4ce4-b059-f37e1ec560ad', '8fc715f5-9fb4-48a8-91cd-b0718e1c4488', 'UKI', 'nobody-uki@digital.justice.gov.uk', null),
       ('1e7fdf69-23a2-41f1-904b-761739c86ee3', '8fc715f5-9fb4-48a8-91cd-b0718e1c4488', 'FKI', 'nobody-fki@digital.justice.gov.uk', null),
       ('1ff16cac-b155-46af-9918-d540aab7e35d', '8fc715f5-9fb4-48a8-91cd-b0718e1c4488', 'HHI', 'nobody-hhi@digital.justice.gov.uk', null),
       ('b7c3df2a-bf4c-4f0d-b63e-2cc1dc1c084f', '8fc715f5-9fb4-48a8-91cd-b0718e1c4488', 'EXI', 'nobody-exi@digital.justice.gov.uk', null),
       ('22a67ae4-0e7f-4f49-82e9-78253f1b1992', '8fc715f5-9fb4-48a8-91cd-b0718e1c4488', 'AGI', 'nobody-agi@digital.justice.gov.uk', null),
       ('e8641d8b-2a22-4215-b6d2-3809068594e8', 'e019040b-4d31-425f-a406-5fd26c8f4390', 'SFI', 'nobody-sfi@digital.justice.gov.uk', null),
       ('f1313668-16c2-4e12-9a89-248cccffec83', 'e019040b-4d31-425f-a406-5fd26c8f4390', 'FHI', 'nobody-fhi@digital.justice.gov.uk', null),
       ('0c10c8cf-aa13-4773-b9d0-161f0ceeeb92', 'e019040b-4d31-425f-a406-5fd26c8f4390', 'IWI', 'nobody-iwi@digital.justice.gov.uk', null),
       ('c3270901-5ced-4450-a828-e1cc89ba049a', 'e019040b-4d31-425f-a406-5fd26c8f4390', 'DMI', 'nobody-dmi@digital.justice.gov.uk', null),
       ('7224a4db-69c6-4075-8d11-5bada5518daf', 'e019040b-4d31-425f-a406-5fd26c8f4390', 'PRI', 'nobody-pri@digital.justice.gov.uk', null),
       ('6303f6e2-a09f-4b36-b2f9-6cb34badb626', 'e019040b-4d31-425f-a406-5fd26c8f4390', 'PDI', 'nobody-pdi@digital.justice.gov.uk', null),
       ('a5f7f6e7-8115-4049-b4fd-10049b9c8921', 'e019040b-4d31-425f-a406-5fd26c8f4390', 'ASI', 'nobody-asi@digital.justice.gov.uk', null),
       ('d6208055-ecba-4f94-b22d-4e9c99170004', 'e019040b-4d31-425f-a406-5fd26c8f4390', 'DWI', 'nobody-dwi@digital.justice.gov.uk', null),
       ('03c931bf-0b88-45d9-bd65-954061fb9327', 'e019040b-4d31-425f-a406-5fd26c8f4390', 'UKI', 'nobody-uki@digital.justice.gov.uk', null),
       ('3ed089f9-168d-4162-bfc9-175a4965c98b', 'e019040b-4d31-425f-a406-5fd26c8f4390', 'AGI', 'nobody-agi@digital.justice.gov.uk', null),
       ('d770be57-c601-4ac6-bd40-6bd862dfb0d6', 'e019040b-4d31-425f-a406-5fd26c8f4390', 'LYI', 'nobody-lyi@digital.justice.gov.uk', null),
       ('b795e5b4-2b66-4acb-997d-55f0500980f4', 'e019040b-4d31-425f-a406-5fd26c8f4390', 'WLI', 'nobody-wli@digital.justice.gov.uk', null),
       ('59076779-6d6e-4b53-b06a-92417c7feb1f', 'e019040b-4d31-425f-a406-5fd26c8f4390', 'HCI', 'nobody-hci@digital.justice.gov.uk', null),
       ('34856279-190a-4dab-bdce-1d06b5c43eba', 'e019040b-4d31-425f-a406-5fd26c8f4390', 'WSI', 'nobody-wsi@digital.justice.gov.uk', null),
       ('991f876c-559a-454f-8fca-a47fe2ff5b0a', 'e019040b-4d31-425f-a406-5fd26c8f4390', 'FBI', 'nobody-fbi@digital.justice.gov.uk', null),
       ('d492b0a7-0080-4819-96db-cd3482587c52', 'e019040b-4d31-425f-a406-5fd26c8f4390', 'DTI', 'nobody-dti@digital.justice.gov.uk', null),
       ('0138eff4-0ee1-48ab-8152-750836d558bf', 'e019040b-4d31-425f-a406-5fd26c8f4390', 'LPI', 'nobody-lpi@digital.justice.gov.uk', null),
       ('f7f1b706-0555-4b0f-bf5b-1d9eea36fc27', 'e019040b-4d31-425f-a406-5fd26c8f4390', 'ACI', 'nobody-aci@digital.justice.gov.uk', null),
       ('75b20bfb-36bd-40c9-bdc0-b0e49703ed2d', 'e019040b-4d31-425f-a406-5fd26c8f4390', 'BMI', 'nobody-bmi@digital.justice.gov.uk', null),
       ('2a0e2b8b-bdb5-4a78-80e5-25ed4e67f70a', 'e019040b-4d31-425f-a406-5fd26c8f4390', 'PVI', 'nobody-pvi@digital.justice.gov.uk', null),
       ('902bd1d5-1b4b-49e2-8c85-72dc5ea15875', 'e019040b-4d31-425f-a406-5fd26c8f4390', 'VEI', 'nobody-vei@digital.justice.gov.uk', null),
       ('fea67307-9e06-4786-be94-6c848d10f6e5', 'e019040b-4d31-425f-a406-5fd26c8f4390', 'LFI', 'nobody-lfi@digital.justice.gov.uk', null),
       ('83b392a5-c122-4c4c-8120-1bd90a1fc954', 'e019040b-4d31-425f-a406-5fd26c8f4390', 'CWI', 'nobody-cwi@digital.justice.gov.uk', null),
       ('a03aa546-d19f-4938-8be5-a8506f7afc42', 'e019040b-4d31-425f-a406-5fd26c8f4390', 'WII', 'nobody-wii@digital.justice.gov.uk', null),
       ('fba839ad-6d31-4e97-b87f-953d24e78d7d', 'e019040b-4d31-425f-a406-5fd26c8f4390', 'RHI', 'nobody-rhi@digital.justice.gov.uk', null),
       ('58c2bbb8-adba-4e4d-a0c5-c84297c2a6c5', 'e019040b-4d31-425f-a406-5fd26c8f4390', 'SLI', 'nobody-sli@digital.justice.gov.uk', null),
       ('2f6a78c8-aef7-440c-8c1b-9d1f3449b976', 'e019040b-4d31-425f-a406-5fd26c8f4390', 'SPI', 'nobody-spi@digital.justice.gov.uk', null),
       ('472b23f3-7a75-4c3d-97ac-94b6a1d3d882', 'e019040b-4d31-425f-a406-5fd26c8f4390', 'EEI', 'nobody-eei@digital.justice.gov.uk', null),
       ('def85cfa-70ee-4dff-a7c7-ebe269a7baa8', 'e019040b-4d31-425f-a406-5fd26c8f4390', 'CFI', 'nobody-cfi@digital.justice.gov.uk', null),
       ('6c9fe337-ba22-4958-b338-12171bf1785b', 'e019040b-4d31-425f-a406-5fd26c8f4390', 'TSI', 'nobody-tsi@digital.justice.gov.uk', null),
       ('b361e419-50cf-4320-a1b5-011c54a63f04', 'e019040b-4d31-425f-a406-5fd26c8f4390', 'RCI', 'nobody-rci@digital.justice.gov.uk', null),
       ('507ce93a-71e9-4872-a38d-16f172d6ac0f', 'e019040b-4d31-425f-a406-5fd26c8f4390', 'NSI', 'nobody-nsi@digital.justice.gov.uk', null),
       ('8055ae9e-695a-48cc-8b7e-4ab337fadc8f', 'e019040b-4d31-425f-a406-5fd26c8f4390', 'FNI', 'nobody-fni@digital.justice.gov.uk', null),
       ('a21999b0-035c-4312-9333-08080ee3f362', 'e019040b-4d31-425f-a406-5fd26c8f4390', 'EHI', 'nobody-ehi@digital.justice.gov.uk', null),
       ('7a90832f-2aa4-4e31-956f-b56308582e4e', 'e019040b-4d31-425f-a406-5fd26c8f4390', 'AYI', 'nobody-ayi@digital.justice.gov.uk', null),
       ('bf243019-18ce-4132-901a-1604fdd28dba', 'e019040b-4d31-425f-a406-5fd26c8f4390', 'CLI', 'nobody-cli@digital.justice.gov.uk', null),
       ('b6415699-68c1-4452-aa55-50531202b83d', 'e019040b-4d31-425f-a406-5fd26c8f4390', 'WYI', 'nobody-wyi@digital.justice.gov.uk', null),
       ('67fc199d-c5e1-4f44-9a12-cce37d2dc69f', 'e019040b-4d31-425f-a406-5fd26c8f4390', 'HEI', 'nobody-hei@digital.justice.gov.uk', null),
       ('d4f9592f-380b-451f-9f68-93de90aec72d', 'e019040b-4d31-425f-a406-5fd26c8f4390', 'LNI', 'nobody-lni@digital.justice.gov.uk', null),
       ('3e5fcda6-d4ae-4db8-8d98-9dc4cf62616c', 'e019040b-4d31-425f-a406-5fd26c8f4390', 'HII', 'nobody-hii@digital.justice.gov.uk', null),
       ('abd277cb-0f68-4d28-a300-4468e600b1f5', 'e019040b-4d31-425f-a406-5fd26c8f4390', 'LWI', 'nobody-lwi@digital.justice.gov.uk', null),
       ('141413fe-2b73-4314-922d-513e8f4dd823', 'e019040b-4d31-425f-a406-5fd26c8f4390', 'LTI', 'nobody-lti@digital.justice.gov.uk', null),
       ('2c898761-5826-4072-aa1e-f895a4ba888e', 'e019040b-4d31-425f-a406-5fd26c8f4390', 'TCI', 'nobody-tci@digital.justice.gov.uk', null),
       ('e32ce61d-61f5-43ea-a975-bf8ce72dad1a', 'e019040b-4d31-425f-a406-5fd26c8f4390', 'NWI', 'nobody-nwi@digital.justice.gov.uk', null),
       ('10fdc57d-83b7-4f7f-aa2d-f929b23ca05e', 'e019040b-4d31-425f-a406-5fd26c8f4390', 'LGI', 'nobody-lgi@digital.justice.gov.uk', null),
       ('354c11a3-4bd2-4cb8-9a0a-47a2d1ff9259', 'e019040b-4d31-425f-a406-5fd26c8f4390', 'PBI', 'nobody-pbi@digital.justice.gov.uk', null),
       ('dba7b53d-0730-4470-a109-6635942d83f0', 'e019040b-4d31-425f-a406-5fd26c8f4390', 'ONI', 'nobody-oni@digital.justice.gov.uk', null),
       ('e3e05eb0-aef1-451c-ab87-7f5ef0aed187', 'e019040b-4d31-425f-a406-5fd26c8f4390', 'SWI', 'nobody-swi@digital.justice.gov.uk', null),
       ('b6cc839d-8d65-4b2f-8e7c-65826908127d', 'e019040b-4d31-425f-a406-5fd26c8f4390', 'PNI', 'nobody-pni@digital.justice.gov.uk', null),
       ('8e94dbdf-ad11-478d-941b-5b4f0c705eaa', 'e019040b-4d31-425f-a406-5fd26c8f4390', 'WNI', 'nobody-wni@digital.justice.gov.uk', null),
       ('6352924e-1ba9-4576-8f3d-e46e76af365d', 'e019040b-4d31-425f-a406-5fd26c8f4390', 'FMI', 'nobody-fmi@digital.justice.gov.uk', null),
       ('f0ad0a36-481c-4ef8-8f9e-2743b836dee3', 'e019040b-4d31-425f-a406-5fd26c8f4390', 'LII', 'nobody-lii@digital.justice.gov.uk', null),
       ('f91c500e-55a1-4138-9b9f-c9413a9f8320', 'e019040b-4d31-425f-a406-5fd26c8f4390', 'WMI', 'nobody-wmi@digital.justice.gov.uk', null),
       ('0155ddd4-50e9-4c84-bdd0-ba83e16a383c', 'e019040b-4d31-425f-a406-5fd26c8f4390', 'BLI', 'nobody-bli@digital.justice.gov.uk', null),
       ('e83095ad-be21-4e9a-826a-f9bf36e7c2ed', 'e019040b-4d31-425f-a406-5fd26c8f4390', 'HMI', 'nobody-hmi@digital.justice.gov.uk', null),
       ('0c87cb90-6aeb-4009-953a-31fba03630c7', 'e019040b-4d31-425f-a406-5fd26c8f4390', 'HDI', 'nobody-hdi@digital.justice.gov.uk', null),
       ('5ba02a79-0c21-43ae-85e5-074e22d643f6', 'e019040b-4d31-425f-a406-5fd26c8f4390', 'BCI', 'nobody-bci@digital.justice.gov.uk', null),
       ('4a17c883-7374-4fd3-89ec-b96fdca4496c', 'e019040b-4d31-425f-a406-5fd26c8f4390', 'PFI', 'nobody-pfi@digital.justice.gov.uk', null),
       ('7ff9e6bc-e6a6-482d-b94a-18f06033c179', 'e019040b-4d31-425f-a406-5fd26c8f4390', 'LEI', 'nobody-lei@digital.justice.gov.uk', null),
       ('95d8e522-13c0-4392-9e4d-b491c36e75be', 'e019040b-4d31-425f-a406-5fd26c8f4390', 'PYI', 'nobody-pyi@digital.justice.gov.uk', null),
       ('4dd77ca3-f3f5-414d-85bc-692688f413b1', 'e019040b-4d31-425f-a406-5fd26c8f4390', 'BZI', 'nobody-bzi@digital.justice.gov.uk', null),
       ('4b7d7c9b-efae-4774-9b6f-17ff5223066f', 'e019040b-4d31-425f-a406-5fd26c8f4390', 'BSI', 'nobody-bsi@digital.justice.gov.uk', null),
       ('6dcbab5e-b970-43a4-acdb-36585233cb8c', 'e019040b-4d31-425f-a406-5fd26c8f4390', 'CDI', 'nobody-cdi@digital.justice.gov.uk', null),
       ('dbf07840-9d14-4d9c-b54a-d452cf6eff2d', 'e019040b-4d31-425f-a406-5fd26c8f4390', 'DHI', 'nobody-dhi@digital.justice.gov.uk', null),
       ('1dccbf98-c611-4fcb-a5e3-0035bf99e197', 'e019040b-4d31-425f-a406-5fd26c8f4390', 'ISI', 'nobody-isi@digital.justice.gov.uk', null),
       ('ac98114f-018f-440f-8293-f4cd1940ceb3', 'e019040b-4d31-425f-a406-5fd26c8f4390', 'WDI', 'nobody-wdi@digital.justice.gov.uk', null),
       ('f93a959c-54c6-4075-96af-ab7fdc8ed1ad', 'e019040b-4d31-425f-a406-5fd26c8f4390', 'GNI', 'nobody-gni@digital.justice.gov.uk', null),
       ('a83f3ba1-6596-41e2-af8d-3a2905394823', 'e019040b-4d31-425f-a406-5fd26c8f4390', 'BAI', 'nobody-bai@digital.justice.gov.uk', null),
       ('c57d3598-03ff-4214-bdd0-104553d28cfc', 'e019040b-4d31-425f-a406-5fd26c8f4390', 'DNI', 'nobody-dni@digital.justice.gov.uk', null),
       ('3e8a9965-d887-4537-99e5-bfc9a89f7222', 'e019040b-4d31-425f-a406-5fd26c8f4390', 'MSI', 'nobody-msi@digital.justice.gov.uk', null),
       ('91f6c01c-1527-4667-91d3-ce5612858d6f', 'e019040b-4d31-425f-a406-5fd26c8f4390', 'MHI', 'nobody-mhi@digital.justice.gov.uk', null),
       ('72abef4f-b9a4-49a5-af5e-f266a6210dd6', 'e019040b-4d31-425f-a406-5fd26c8f4390', 'LHI', 'nobody-lhi@digital.justice.gov.uk', null),
       ('95483981-9eaf-4b0a-b513-1e0241647202', 'e019040b-4d31-425f-a406-5fd26c8f4390', 'BRI', 'nobody-bri@digital.justice.gov.uk', null),
       ('ca8a1924-fe81-4b23-9b4e-930e1b8160ff', 'e019040b-4d31-425f-a406-5fd26c8f4390', 'WTI', 'nobody-wti@digital.justice.gov.uk', null),
       ('3e953b18-c789-4243-95d9-57b7695d8a2a', 'e019040b-4d31-425f-a406-5fd26c8f4390', 'DGI', 'nobody-dgi@digital.justice.gov.uk', null),
       ('77b56cc8-5704-4b21-87f3-90c4a0aba077', 'e019040b-4d31-425f-a406-5fd26c8f4390', 'BWI', 'nobody-bwi@digital.justice.gov.uk', null),
       ('bbb7871c-a81e-4654-afe2-c1ec3c38cd4e', 'e019040b-4d31-425f-a406-5fd26c8f4390', 'SNI', 'nobody-sni@digital.justice.gov.uk', null),
       ('faa2a601-971e-494b-950d-c2925a3e1bc9', 'e019040b-4d31-425f-a406-5fd26c8f4390', 'STI', 'nobody-sti@digital.justice.gov.uk', null),
       ('6361542d-432a-46f9-9a09-61a3128fdc16', 'e019040b-4d31-425f-a406-5fd26c8f4390', 'GTI', 'nobody-gti@digital.justice.gov.uk', null),
       ('fa4a7761-2fb4-4cd1-a40b-7d65bab604b0', 'e019040b-4d31-425f-a406-5fd26c8f4390', 'MRI', 'nobody-mri@digital.justice.gov.uk', null),
       ('eb212bf1-6968-4426-ad2d-05d405041ec7', 'e019040b-4d31-425f-a406-5fd26c8f4390', 'HPI', 'nobody-hpi@digital.justice.gov.uk', null),
       ('5a8a63dc-6718-48dc-a874-7afd3380aec2', 'e019040b-4d31-425f-a406-5fd26c8f4390', 'CKI', 'nobody-cki@digital.justice.gov.uk', null),
       ('6d1c4b41-bfad-4219-abe5-a7a35c53286a', 'e019040b-4d31-425f-a406-5fd26c8f4390', 'UPI', 'nobody-upi@digital.justice.gov.uk', null),
       ('49a96b94-cfc7-4506-b7f9-d6fde149be08', 'e019040b-4d31-425f-a406-5fd26c8f4390', 'EYI', 'nobody-eyi@digital.justice.gov.uk', null),
       ('bb624a25-3914-4cc4-ae10-790ddd13cdff', 'e019040b-4d31-425f-a406-5fd26c8f4390', 'WEI', 'nobody-wei@digital.justice.gov.uk', null),
       ('d2ea351f-6dbc-485d-883f-e3c72ba344d2', 'e019040b-4d31-425f-a406-5fd26c8f4390', 'DAI', 'nobody-dai@digital.justice.gov.uk', null),
       ('4eff4bf5-6b66-42ad-9d53-ad35013376f6', 'e019040b-4d31-425f-a406-5fd26c8f4390', 'MTI', 'nobody-mti@digital.justice.gov.uk', null),
       ('080ba5c4-6492-4326-bf28-2c9638df23d4', 'e019040b-4d31-425f-a406-5fd26c8f4390', 'FKI', 'nobody-fki@digital.justice.gov.uk', null),
       ('ff4f23b8-8905-4cf3-a126-afb2e24a864d', 'e019040b-4d31-425f-a406-5fd26c8f4390', 'NMI', 'nobody-nmi@digital.justice.gov.uk', null),
       ('9ce35c06-ae88-4f40-a8ec-c41251e81e78', 'e019040b-4d31-425f-a406-5fd26c8f4390', 'WWI', 'nobody-wwi@digital.justice.gov.uk', null),
       ('4f74dbe2-501c-41b0-8317-260c185f44fb', 'e019040b-4d31-425f-a406-5fd26c8f4390', 'FWI', 'nobody-fwi@digital.justice.gov.uk', null),
       ('b482c96d-65dd-48bc-905d-14b74151da3a', 'e019040b-4d31-425f-a406-5fd26c8f4390', 'BNI', 'nobody-bni@digital.justice.gov.uk', null),
       ('f2a3b13c-b328-43e3-8e1a-bc4008374a8c', 'e019040b-4d31-425f-a406-5fd26c8f4390', 'HHI', 'nobody-hhi@digital.justice.gov.uk', null),
       ('25ef3359-c3af-4a1f-97d5-4534ae90cc12', 'e019040b-4d31-425f-a406-5fd26c8f4390', 'HBI', 'nobody-hbi@digital.justice.gov.uk', null),
       ('e1ae7f51-d517-4a5a-885e-9aae96efdceb', 'e019040b-4d31-425f-a406-5fd26c8f4390', 'RNI', 'nobody-rni@digital.justice.gov.uk', null),
       ('7f9263df-de12-40fe-bc52-b7c62bcd364e', 'e019040b-4d31-425f-a406-5fd26c8f4390', 'FYI', 'nobody-fyi@digital.justice.gov.uk', null),
       ('27735417-fb90-462e-86d8-db9686d18bcc', 'e019040b-4d31-425f-a406-5fd26c8f4390', 'GHI', 'nobody-ghi@digital.justice.gov.uk', null),
       ('84a9255f-dbeb-4bce-b874-532774080afd', 'e019040b-4d31-425f-a406-5fd26c8f4390', 'NLI', 'nobody-nli@digital.justice.gov.uk', null),
       ('32306219-d0b3-4a37-8901-931a7a5e8c92', 'e019040b-4d31-425f-a406-5fd26c8f4390', 'SKI', 'nobody-ski@digital.justice.gov.uk', null),
       ('733fab4d-9daf-4222-83a2-2f27c697d019', 'e019040b-4d31-425f-a406-5fd26c8f4390', 'MDI', 'nobody-mdi@digital.justice.gov.uk', null),
       ('100d3f4c-074f-4f6d-af85-8c05554b0f06', 'e019040b-4d31-425f-a406-5fd26c8f4390', 'SHI', 'nobody-shi@digital.justice.gov.uk', null),
       ('c7157a7e-29c8-4e3f-96d2-aff54bfd0921', 'e019040b-4d31-425f-a406-5fd26c8f4390', 'NHI', 'nobody-nhi@digital.justice.gov.uk', null),
       ('6a409f82-2e40-4b34-b6ef-057a10329cef', 'e019040b-4d31-425f-a406-5fd26c8f4390', 'KVI', 'nobody-kvi@digital.justice.gov.uk', null),
       ('1e7ae72b-f300-4af6-a44d-ba069560cc26', 'e019040b-4d31-425f-a406-5fd26c8f4390', 'HDI', 'nobody-hdi@digital.justice.gov.uk', null),
       ('56ead00c-bc63-4586-9126-b6a783c2f084', 'e019040b-4d31-425f-a406-5fd26c8f4390', 'FDI', 'nobody-fdi@digital.justice.gov.uk', null),
       ('07d14e83-5a88-43b9-9b9a-2f9bf91a6b6f', 'e019040b-4d31-425f-a406-5fd26c8f4390', 'SUI', 'nobody-sui@digital.justice.gov.uk', null),
       ('88ab4612-21e0-425d-aae0-964673936dfc', 'e019040b-4d31-425f-a406-5fd26c8f4390', 'EWI', 'nobody-ewi@digital.justice.gov.uk', null),
       ('3e85d9dd-c7e7-4ff2-8722-5aeae653298e', 'e019040b-4d31-425f-a406-5fd26c8f4390', 'WCI', 'nobody-wci@digital.justice.gov.uk', null),
       ('1805a0f4-52c9-49bb-bf8e-55c96e39a9bf', 'e019040b-4d31-425f-a406-5fd26c8f4390', 'HLI', 'nobody-hli@digital.justice.gov.uk', null),
       ('ccb578d8-4c75-4932-a715-2cb8460bc84e', 'e019040b-4d31-425f-a406-5fd26c8f4390', 'HVI', 'nobody-hvi@digital.justice.gov.uk', null),
       ('1808a96a-d8b3-4978-a68f-d41a1aedd1c3', 'e019040b-4d31-425f-a406-5fd26c8f4390', 'HOI', 'nobody-hoi@digital.justice.gov.uk', null),
       ('f3ae00d5-050a-4836-aa8c-30494353a1fe', 'e019040b-4d31-425f-a406-5fd26c8f4390', 'SDI', 'nobody-sdi@digital.justice.gov.uk', null),
       ('6ea4deaf-7f6b-4a13-a96b-e1ca975acd60', 'e019040b-4d31-425f-a406-5fd26c8f4390', 'KMI', 'nobody-kmi@digital.justice.gov.uk', null),
       ('a7b12300-3416-48f7-8008-711a74bfeed1', 'e019040b-4d31-425f-a406-5fd26c8f4390', 'BFI', 'nobody-bfi@digital.justice.gov.uk', null),
       ('52c3f152-b977-4d29-9cdc-5186ab18b872', 'e019040b-4d31-425f-a406-5fd26c8f4390', 'WHI', 'nobody-whi@digital.justice.gov.uk', null),
       ('9b3a4f47-fb02-445d-9abc-adf3e3b015e0', 'e019040b-4d31-425f-a406-5fd26c8f4390', 'BXI', 'nobody-bxi@digital.justice.gov.uk', null),
       ('51d06699-703c-480b-a3ae-91e6c823c0ea', 'e019040b-4d31-425f-a406-5fd26c8f4390', 'RSI', 'nobody-rsi@digital.justice.gov.uk', null),
       ('c911638c-46e0-4d5a-b013-001fc4f3e39a', 'e019040b-4d31-425f-a406-5fd26c8f4390', 'EXI', 'nobody-exi@digital.justice.gov.uk', null),
       ('b6af1557-902c-4983-89fe-87f5f11ba471', 'e019040b-4d31-425f-a406-5fd26c8f4390', 'LLI', 'nobody-lli@digital.justice.gov.uk', null),
       ('1535e4ad-f0c1-4d6c-8e31-9beae7c63c38', 'e019040b-4d31-425f-a406-5fd26c8f4390', 'OWI', 'nobody-owi@digital.justice.gov.uk', null),
       ('e2c3a52e-d5b3-422c-88b7-446d41794747', 'e019040b-4d31-425f-a406-5fd26c8f4390', 'GMI', 'nobody-gmi@digital.justice.gov.uk', null),
       ('84e48d4d-b373-4b5b-b618-db36e4cd9af7', 'e019040b-4d31-425f-a406-5fd26c8f4390', 'LCI', 'nobody-lci@digital.justice.gov.uk', null),
       ('4ca796b2-8e64-4b22-bce1-6a309c1d9335', 'e019040b-4d31-425f-a406-5fd26c8f4390', 'FSI', 'nobody-fsi@digital.justice.gov.uk', null),
       ('635e3508-1972-4d26-83f9-293357f6ae18', 'e019040b-4d31-425f-a406-5fd26c8f4390', 'WYI', 'nobody-wyi@digital.justice.gov.uk', null),
       ('92a0b349-3d7a-4d57-b5fc-7fb4d81ebe70', 'e019040b-4d31-425f-a406-5fd26c8f4390', 'ESI', 'nobody-esi@digital.justice.gov.uk', null),
       ('00bcc075-465e-4d04-9379-cf4b8ec972ad', 'e019040b-4d31-425f-a406-5fd26c8f4390', 'FMI', 'nobody-fmi@digital.justice.gov.uk', null),
       ('0ad683c7-8f6f-4d05-9ef7-7e10a940e064', 'e019040b-4d31-425f-a406-5fd26c8f4390', 'WRI', 'nobody-wri@digital.justice.gov.uk', null),
       ('c52c8cb9-43fc-462b-95cc-225a33b5c0f6', 'd493aeec-7f78-43a7-aecf-6f4a0e78a7b1', 'PNI', 'nobody-pni@digital.justice.gov.uk', null),
       ('8f06bb5d-f784-4a69-8bce-99a952363656', 'd493aeec-7f78-43a7-aecf-6f4a0e78a7b1', 'SHI', 'nobody-shi@digital.justice.gov.uk', null),
       ('ae2cfb07-74f2-4cc6-9ff0-5323a48d2ebc', 'd493aeec-7f78-43a7-aecf-6f4a0e78a7b1', 'WLI', 'nobody-wli@digital.justice.gov.uk', null),
       ('75cad6cc-190d-46e3-96c2-2d5b5d652c64', 'd493aeec-7f78-43a7-aecf-6f4a0e78a7b1', 'TSI', 'nobody-tsi@digital.justice.gov.uk', null),
       ('ca722c1d-9215-49c2-a9c8-853d14891ec3', 'd493aeec-7f78-43a7-aecf-6f4a0e78a7b1', 'BFI', 'nobody-bfi@digital.justice.gov.uk', null),
       ('610a339e-efb5-41cb-8403-c2c1315a66a4', 'd493aeec-7f78-43a7-aecf-6f4a0e78a7b1', 'PRI', 'nobody-pri@digital.justice.gov.uk', null),
       ('6c74911c-ff8e-4afc-b160-95c09c3275ef', 'd493aeec-7f78-43a7-aecf-6f4a0e78a7b1', 'DNI', 'nobody-dni@digital.justice.gov.uk', null),
       ('cf5bad7f-f5be-4d9b-8d25-d519214f8fc7', 'd493aeec-7f78-43a7-aecf-6f4a0e78a7b1', 'IWI', 'nobody-iwi@digital.justice.gov.uk', null),
       ('efdab851-85fd-4731-bc0a-33e95acb40b5', 'd493aeec-7f78-43a7-aecf-6f4a0e78a7b1', 'LFI', 'nobody-lfi@digital.justice.gov.uk', null),
       ('87e11b45-f6ae-4984-bdac-52ff7c12f519', 'd493aeec-7f78-43a7-aecf-6f4a0e78a7b1', 'SUI', 'nobody-sui@digital.justice.gov.uk', null),
       ('1d84c1be-a396-49a0-9670-e623d6243cca', 'd493aeec-7f78-43a7-aecf-6f4a0e78a7b1', 'FYI', 'nobody-fyi@digital.justice.gov.uk', null),
       ('2517929d-8533-49f8-b7f5-a7c2b5987ba7', 'd493aeec-7f78-43a7-aecf-6f4a0e78a7b1', 'WNI', 'nobody-wni@digital.justice.gov.uk', null),
       ('41afe3c0-04b0-47f9-a3da-f3e46ca908ad', 'd493aeec-7f78-43a7-aecf-6f4a0e78a7b1', 'PBI', 'nobody-pbi@digital.justice.gov.uk', null),
       ('59810001-78ca-40a2-8497-e6d4c393e429', 'd493aeec-7f78-43a7-aecf-6f4a0e78a7b1', 'LHI', 'nobody-lhi@digital.justice.gov.uk', null),
       ('32a3b602-f60a-48ba-bb3d-22ea4e6e918b', 'd493aeec-7f78-43a7-aecf-6f4a0e78a7b1', 'SWI', 'nobody-swi@digital.justice.gov.uk', null),
       ('71397659-484b-45cf-a7c3-a8c95e81fce5', 'd493aeec-7f78-43a7-aecf-6f4a0e78a7b1', 'HVI', 'nobody-hvi@digital.justice.gov.uk', null),
       ('3bcaa8fd-ba93-4f78-90cc-30150061ec47', 'd493aeec-7f78-43a7-aecf-6f4a0e78a7b1', 'GTI', 'nobody-gti@digital.justice.gov.uk', null),
       ('42378d96-ccbe-49b4-9006-803e2080a5cf', 'd493aeec-7f78-43a7-aecf-6f4a0e78a7b1', 'PDI', 'nobody-pdi@digital.justice.gov.uk', null),
       ('cd1842cc-87a2-4f45-8950-664c1c55b3e7', 'd493aeec-7f78-43a7-aecf-6f4a0e78a7b1', 'BNI', 'nobody-bni@digital.justice.gov.uk', null),
       ('3bcdb810-76a3-4947-8700-510d54e5a741', 'd493aeec-7f78-43a7-aecf-6f4a0e78a7b1', 'DHI', 'nobody-dhi@digital.justice.gov.uk', null),
       ('3c623da3-6954-4f6d-9ad5-83bd270cc18a', 'd493aeec-7f78-43a7-aecf-6f4a0e78a7b1', 'DWI', 'nobody-dwi@digital.justice.gov.uk', null),
       ('4fe662ec-8f9c-427d-a1ff-16a95d2fff93', 'd493aeec-7f78-43a7-aecf-6f4a0e78a7b1', 'LTI', 'nobody-lti@digital.justice.gov.uk', null),
       ('05c0a901-9fc0-4df8-8110-0062e1f96306', 'd493aeec-7f78-43a7-aecf-6f4a0e78a7b1', 'VEI', 'nobody-vei@digital.justice.gov.uk', null),
       ('ab7d426c-2e12-4a37-a0a0-00cd9d2cd0f0', 'd493aeec-7f78-43a7-aecf-6f4a0e78a7b1', 'FMI', 'nobody-fmi@digital.justice.gov.uk', null),
       ('9f519e62-66ef-41c4-a638-794d955a64c4', 'd493aeec-7f78-43a7-aecf-6f4a0e78a7b1', 'BXI', 'nobody-bxi@digital.justice.gov.uk', null),
       ('ed9b5fb9-d55d-4b7e-b1a6-18c4cfeb4f25', 'd493aeec-7f78-43a7-aecf-6f4a0e78a7b1', 'GHI', 'nobody-ghi@digital.justice.gov.uk', null),
       ('bd4f4526-80fe-4726-bbce-99f30f8e353a', 'd493aeec-7f78-43a7-aecf-6f4a0e78a7b1', 'PVI', 'nobody-pvi@digital.justice.gov.uk', null),
       ('924b4821-9a82-4bdb-a689-e16951dac67e', 'd493aeec-7f78-43a7-aecf-6f4a0e78a7b1', 'HII', 'nobody-hii@digital.justice.gov.uk', null),
       ('33eed168-b658-4f02-9d30-54846c0f602b', 'd493aeec-7f78-43a7-aecf-6f4a0e78a7b1', 'MHI', 'nobody-mhi@digital.justice.gov.uk', null),
       ('4ee119dd-3c87-4c4f-9a66-57e90fe9042e', 'd493aeec-7f78-43a7-aecf-6f4a0e78a7b1', 'WCI', 'nobody-wci@digital.justice.gov.uk', null),
       ('83c93028-985e-481e-aee2-fb0c1ebb0990', 'd493aeec-7f78-43a7-aecf-6f4a0e78a7b1', 'HLI', 'nobody-hli@digital.justice.gov.uk', null),
       ('67c7754a-3a38-4631-8ad7-4318eab318b3', 'd493aeec-7f78-43a7-aecf-6f4a0e78a7b1', 'NSI', 'nobody-nsi@digital.justice.gov.uk', null),
       ('ebaca5d9-e377-4cae-959d-26050cab5615', 'd493aeec-7f78-43a7-aecf-6f4a0e78a7b1', 'HCI', 'nobody-hci@digital.justice.gov.uk', null),
       ('392bbbf3-9a03-4625-a5c4-e75e89544e1e', 'd493aeec-7f78-43a7-aecf-6f4a0e78a7b1', 'WDI', 'nobody-wdi@digital.justice.gov.uk', null),
       ('54592629-787c-4b3e-93c8-c2a7dd295d64', 'd493aeec-7f78-43a7-aecf-6f4a0e78a7b1', 'FBI', 'nobody-fbi@digital.justice.gov.uk', null),
       ('e79c5cf3-f0e0-48d1-b0d4-81cc6e3e10c6', 'd493aeec-7f78-43a7-aecf-6f4a0e78a7b1', 'HDI', 'nobody-hdi@digital.justice.gov.uk', null),
       ('6b8984c7-3208-482f-a83c-641707319f0f', 'd493aeec-7f78-43a7-aecf-6f4a0e78a7b1', 'MSI', 'nobody-msi@digital.justice.gov.uk', null),
       ('bea65e6a-491a-4377-b75a-803135b0b2fb', 'd493aeec-7f78-43a7-aecf-6f4a0e78a7b1', 'GMI', 'nobody-gmi@digital.justice.gov.uk', null),
       ('af79e9a5-c259-470a-8bde-f06efa264189', 'd493aeec-7f78-43a7-aecf-6f4a0e78a7b1', 'HBI', 'nobody-hbi@digital.justice.gov.uk', null),
       ('4c164fc0-0b1e-444c-b50a-aa68499a133f', 'd493aeec-7f78-43a7-aecf-6f4a0e78a7b1', 'WMI', 'nobody-wmi@digital.justice.gov.uk', null),
       ('00b02445-098d-4844-be81-720f196482d3', 'd493aeec-7f78-43a7-aecf-6f4a0e78a7b1', 'DAI', 'nobody-dai@digital.justice.gov.uk', null),
       ('675d5044-034b-4c48-a5e9-163864caf67e', 'd493aeec-7f78-43a7-aecf-6f4a0e78a7b1', 'LNI', 'nobody-lni@digital.justice.gov.uk', null),
       ('6f8f22b6-ee6f-4938-81bb-54845b850c9b', 'd493aeec-7f78-43a7-aecf-6f4a0e78a7b1', 'HOI', 'nobody-hoi@digital.justice.gov.uk', null),
       ('ba33f9c3-bb8b-4777-8c1c-e62728123a9e', 'd493aeec-7f78-43a7-aecf-6f4a0e78a7b1', 'EEI', 'nobody-eei@digital.justice.gov.uk', null),
       ('650e8bf1-1b57-4e45-b6ef-15ecd60635a0', 'd493aeec-7f78-43a7-aecf-6f4a0e78a7b1', 'WTI', 'nobody-wti@digital.justice.gov.uk', null),
       ('eb9a8e27-c80c-403f-a4a0-1cd02f10f252', 'd493aeec-7f78-43a7-aecf-6f4a0e78a7b1', 'GNI', 'nobody-gni@digital.justice.gov.uk', null),
       ('cc028545-3634-497d-aee7-d6d647e10cfa', 'd493aeec-7f78-43a7-aecf-6f4a0e78a7b1', 'WSI', 'nobody-wsi@digital.justice.gov.uk', null),
       ('bb09c82a-721a-40f2-9f84-edd71eb97183', 'd493aeec-7f78-43a7-aecf-6f4a0e78a7b1', 'WYI', 'nobody-wyi@digital.justice.gov.uk', null),
       ('2af4669f-caff-4353-a6aa-14d49aca93e2', 'd493aeec-7f78-43a7-aecf-6f4a0e78a7b1', 'FMI', 'nobody-fmi@digital.justice.gov.uk', null),
       ('b8fd1078-f884-4b8b-998f-cee9ad808245', 'd493aeec-7f78-43a7-aecf-6f4a0e78a7b1', 'SLI', 'nobody-sli@digital.justice.gov.uk', null),
       ('fa476df0-a4df-46f9-af23-1846b064405a', 'd493aeec-7f78-43a7-aecf-6f4a0e78a7b1', 'PFI', 'nobody-pfi@digital.justice.gov.uk', null),
       ('6a891161-a7d7-4bfb-bb44-c3be4c65f268', 'd493aeec-7f78-43a7-aecf-6f4a0e78a7b1', 'WII', 'nobody-wii@digital.justice.gov.uk', null),
       ('27b3954a-24ba-46ab-a5fd-179333a133a2', 'd493aeec-7f78-43a7-aecf-6f4a0e78a7b1', 'TCI', 'nobody-tci@digital.justice.gov.uk', null),
       ('c2546447-73b6-4993-806d-dd8f1f1169a5', 'd493aeec-7f78-43a7-aecf-6f4a0e78a7b1', 'KMI', 'nobody-kmi@digital.justice.gov.uk', null),
       ('c574b9a6-78a9-4361-96d2-a3103ca2c153', 'd493aeec-7f78-43a7-aecf-6f4a0e78a7b1', 'WRI', 'nobody-wri@digital.justice.gov.uk', null),
       ('657ecdbc-9585-4bbf-91f6-78dd503568c9', 'd493aeec-7f78-43a7-aecf-6f4a0e78a7b1', 'CWI', 'nobody-cwi@digital.justice.gov.uk', null),
       ('f2a5acdd-2419-41e1-96f6-c9105110e5c2', 'd493aeec-7f78-43a7-aecf-6f4a0e78a7b1', 'LCI', 'nobody-lci@digital.justice.gov.uk', null),
       ('a1fff525-6929-47ca-bc46-08e317a11bef', 'd493aeec-7f78-43a7-aecf-6f4a0e78a7b1', 'NLI', 'nobody-nli@digital.justice.gov.uk', null),
       ('b20202e5-676e-4570-a172-7c00e328dfb9', 'd493aeec-7f78-43a7-aecf-6f4a0e78a7b1', 'AGI', 'nobody-agi@digital.justice.gov.uk', null),
       ('9b09fb67-7013-4e72-a5ce-5dba62e9a275', 'd493aeec-7f78-43a7-aecf-6f4a0e78a7b1', 'RHI', 'nobody-rhi@digital.justice.gov.uk', null),
       ('4786c3d8-759a-4eb3-9332-97965972a906', 'd493aeec-7f78-43a7-aecf-6f4a0e78a7b1', 'RSI', 'nobody-rsi@digital.justice.gov.uk', null),
       ('6106bcf6-1a5c-4ffe-b53f-322bfde30608', 'd493aeec-7f78-43a7-aecf-6f4a0e78a7b1', 'MDI', 'nobody-mdi@digital.justice.gov.uk', null),
       ('bfa3f185-3bdd-46c7-b823-697ef711706f', 'd493aeec-7f78-43a7-aecf-6f4a0e78a7b1', 'NMI', 'nobody-nmi@digital.justice.gov.uk', null),
       ('04d09020-ae28-4b6f-a48c-d2ce9e47dd83', 'd493aeec-7f78-43a7-aecf-6f4a0e78a7b1', 'LEI', 'nobody-lei@digital.justice.gov.uk', null),
       ('642428a6-29fb-4c46-a294-0280443026d9', 'd493aeec-7f78-43a7-aecf-6f4a0e78a7b1', 'BZI', 'nobody-bzi@digital.justice.gov.uk', null),
       ('5c976b3f-ab72-4c1f-8b75-54ed0d9c5410', 'd493aeec-7f78-43a7-aecf-6f4a0e78a7b1', 'HMI', 'nobody-hmi@digital.justice.gov.uk', null),
       ('dcb71728-ba52-4a2a-8008-a64da3f9ae25', '822d2a50-3b01-44e7-b804-b4f6a55ea4ce', 'SHI', 'nobody-shi@digital.justice.gov.uk', null),
       ('25790f81-4513-40fa-a5ae-2233f61004cd', '822d2a50-3b01-44e7-b804-b4f6a55ea4ce', 'WYI', 'nobody-wyi@digital.justice.gov.uk', null),
       ('83d61c59-a59b-4a81-9a53-7dd532742681', '822d2a50-3b01-44e7-b804-b4f6a55ea4ce', 'WNI', 'nobody-wni@digital.justice.gov.uk', null),
       ('63f89b3f-b0fe-4fb0-a910-bd07bbb81e6b', '822d2a50-3b01-44e7-b804-b4f6a55ea4ce', 'WMI', 'nobody-wmi@digital.justice.gov.uk', null),
       ('d1894a5a-7460-483a-8887-7b544d51524e', '822d2a50-3b01-44e7-b804-b4f6a55ea4ce', 'ASI', 'nobody-asi@digital.justice.gov.uk', null),
       ('f505397a-6668-43ec-8e34-181861b062e7', '822d2a50-3b01-44e7-b804-b4f6a55ea4ce', 'RCI', 'nobody-rci@digital.justice.gov.uk', null),
       ('11eb0bcb-28ba-4076-b02c-d37df0610675', 'e34e0880-cb16-402a-9f8c-80441fe30051', 'ASI', 'nobody-asi@digital.justice.gov.uk', null),
       ('e9c31b0a-533a-4513-aaea-7a6a4fa8843e', 'e34e0880-cb16-402a-9f8c-80441fe30051', 'SKI', 'nobody-ski@digital.justice.gov.uk', null),
       ('1c17e647-15a1-49ca-a57e-25b357aa6d36', 'e34e0880-cb16-402a-9f8c-80441fe30051', 'WDI', 'nobody-wdi@digital.justice.gov.uk', null),
       ('a8f2d4fd-dd1f-42d7-b7b1-dea927e49f07', 'e34e0880-cb16-402a-9f8c-80441fe30051', 'EWI', 'nobody-ewi@digital.justice.gov.uk', null),
       ('9bca45d8-1be0-47e0-bf65-9d028819ad9f', 'e34e0880-cb16-402a-9f8c-80441fe30051', 'KVI', 'nobody-kvi@digital.justice.gov.uk', null),
       ('2b6dc767-d912-42af-9026-a3a27ed41ca7', 'e34e0880-cb16-402a-9f8c-80441fe30051', 'RHI', 'nobody-rhi@digital.justice.gov.uk', null),
       ('d13061b4-f4db-4adb-9c00-7f6292d16b5e', 'e34e0880-cb16-402a-9f8c-80441fe30051', 'NMI', 'nobody-nmi@digital.justice.gov.uk', null),
       ('7d2a9f09-102e-4660-8b70-23459898a61d', 'e34e0880-cb16-402a-9f8c-80441fe30051', 'WYI', 'nobody-wyi@digital.justice.gov.uk', null),
       ('ab7b9b6e-25ba-44fa-ab3d-08369874cf05', 'e34e0880-cb16-402a-9f8c-80441fe30051', 'BRI', 'nobody-bri@digital.justice.gov.uk', null),
       ('7e50518b-5d51-4e96-9785-5017dbc91c8f', 'e34e0880-cb16-402a-9f8c-80441fe30051', 'DWI', 'nobody-dwi@digital.justice.gov.uk', null),
       ('f1d001fd-b42d-4d65-9741-bbb5a07869e5', 'e34e0880-cb16-402a-9f8c-80441fe30051', 'PBI', 'nobody-pbi@digital.justice.gov.uk', null),
       ('e661c70b-9c97-4134-9bca-bf9d92fdbba3', 'daf4be78-794b-4b83-bdd1-9185adf2560b', 'LNI', 'nobody-lni@digital.justice.gov.uk', null),
       ('cc24fbf3-3277-4191-aa12-b3c6098cfc50', 'daf4be78-794b-4b83-bdd1-9185adf2560b', 'MSI', 'nobody-msi@digital.justice.gov.uk', null),
       ('bfe370d1-2661-4ca0-93ea-e5f26b63d6fd', 'daf4be78-794b-4b83-bdd1-9185adf2560b', 'BSI', 'nobody-bsi@digital.justice.gov.uk', null),
       ('18fa1654-915f-4016-8ce9-fef393ffcf5c', 'daf4be78-794b-4b83-bdd1-9185adf2560b', 'OWI', 'nobody-owi@digital.justice.gov.uk', null),
       ('689e10a1-10aa-4de4-a4ad-3c6a29207dc2', 'daf4be78-794b-4b83-bdd1-9185adf2560b', 'EXI', 'nobody-exi@digital.justice.gov.uk', null),
       ('32cd2a5d-d51a-4114-b8d7-b06e8ca63317', 'daf4be78-794b-4b83-bdd1-9185adf2560b', 'FMI', 'nobody-fmi@digital.justice.gov.uk', null),
       ('2e182a7c-a88e-4028-8c8a-71f4f4866ecb', 'daf4be78-794b-4b83-bdd1-9185adf2560b', 'LTI', 'nobody-lti@digital.justice.gov.uk', null),
       ('e22b5f07-a8d2-4e83-a75b-fd382d4285b3', 'daf4be78-794b-4b83-bdd1-9185adf2560b', 'SWI', 'nobody-swi@digital.justice.gov.uk', null),
       ('5cb6c84a-5bc9-4114-b3f6-fd94b8e1d44c', 'daf4be78-794b-4b83-bdd1-9185adf2560b', 'FMI', 'nobody-fmi@digital.justice.gov.uk', null),
       ('32ae8f11-4260-4b5c-99f6-cc0763275681', 'daf4be78-794b-4b83-bdd1-9185adf2560b', 'HCI', 'nobody-hci@digital.justice.gov.uk', null),
       ('c54c6875-a9a7-423a-8fc5-de719aa4c361', 'daf4be78-794b-4b83-bdd1-9185adf2560b', 'DAI', 'nobody-dai@digital.justice.gov.uk', null),
       ('597b9872-e4b2-4149-b406-32354f2df631', 'daf4be78-794b-4b83-bdd1-9185adf2560b', 'GHI', 'nobody-ghi@digital.justice.gov.uk', null),
       ('9df82f8f-5558-4a8e-ad19-563065cee508', 'daf4be78-794b-4b83-bdd1-9185adf2560b', 'BXI', 'nobody-bxi@digital.justice.gov.uk', null),
       ('a8d87243-7f37-4838-bef9-23598a838edc', 'daf4be78-794b-4b83-bdd1-9185adf2560b', 'FBI', 'nobody-fbi@digital.justice.gov.uk', null),
       ('332d4000-02d0-46d9-be6e-b5d5020442ca', 'daf4be78-794b-4b83-bdd1-9185adf2560b', 'CKI', 'nobody-cki@digital.justice.gov.uk', null),
       ('494f00c0-4f34-4987-9485-935d4920fefa', 'daf4be78-794b-4b83-bdd1-9185adf2560b', 'SNI', 'nobody-sni@digital.justice.gov.uk', null),
       ('9e97fe85-4eaf-4975-a8fb-c97b01cecdb0', 'daf4be78-794b-4b83-bdd1-9185adf2560b', 'FNI', 'nobody-fni@digital.justice.gov.uk', null),
       ('57d7f31c-b4c2-4777-90f5-916051810e83', 'daf4be78-794b-4b83-bdd1-9185adf2560b', 'BAI', 'nobody-bai@digital.justice.gov.uk', null),
       ('3e2ee94e-6c80-4052-a5a1-2d15b7742863', 'daf4be78-794b-4b83-bdd1-9185adf2560b', 'LEI', 'nobody-lei@digital.justice.gov.uk', null),
       ('4a6806cf-b438-463b-8061-f98a8d282ffa', 'daf4be78-794b-4b83-bdd1-9185adf2560b', 'NSI', 'nobody-nsi@digital.justice.gov.uk', null),
       ('d930ca4e-5851-4cff-99cd-fed0c641b514', 'daf4be78-794b-4b83-bdd1-9185adf2560b', 'EEI', 'nobody-eei@digital.justice.gov.uk', null),
       ('f8f4cb91-e3f5-4fb3-a281-2ae29f280999', 'daf4be78-794b-4b83-bdd1-9185adf2560b', 'TSI', 'nobody-tsi@digital.justice.gov.uk', null),
       ('8efed72f-abe4-48dc-b961-43bec24e3182', 'daf4be78-794b-4b83-bdd1-9185adf2560b', 'WDI', 'nobody-wdi@digital.justice.gov.uk', null),
       ('bd7accfe-72a0-4ec0-b52c-37ed28e47b22', 'daf4be78-794b-4b83-bdd1-9185adf2560b', 'HOI', 'nobody-hoi@digital.justice.gov.uk', null),
       ('361547d6-17d5-4c3a-860c-71ab535a43d0', 'daf4be78-794b-4b83-bdd1-9185adf2560b', 'WYI', 'nobody-wyi@digital.justice.gov.uk', null),
       ('0dd68321-a880-4aeb-b9c4-77288f6f7d2c', 'daf4be78-794b-4b83-bdd1-9185adf2560b', 'BNI', 'nobody-bni@digital.justice.gov.uk', null),
       ('89be79c1-c36d-4c3e-93ed-a905b62d058f', 'daf4be78-794b-4b83-bdd1-9185adf2560b', 'DNI', 'nobody-dni@digital.justice.gov.uk', null),
       ('5c317f25-b21c-4307-9cbd-8da2ea6555f4', 'daf4be78-794b-4b83-bdd1-9185adf2560b', 'DMI', 'nobody-dmi@digital.justice.gov.uk', null),
       ('62117db1-fb73-4f9f-9d07-f85c2b736600', 'daf4be78-794b-4b83-bdd1-9185adf2560b', 'WII', 'nobody-wii@digital.justice.gov.uk', null),
       ('05e297cd-a206-40d3-89e0-64790f3b5551', 'daf4be78-794b-4b83-bdd1-9185adf2560b', 'UPI', 'nobody-upi@digital.justice.gov.uk', null),
       ('090b3e37-afd1-484b-a982-cc9fc1c71f7c', 'daf4be78-794b-4b83-bdd1-9185adf2560b', 'EYI', 'nobody-eyi@digital.justice.gov.uk', null),
       ('57954088-efae-4865-bee1-1d8abfc0e911', 'daf4be78-794b-4b83-bdd1-9185adf2560b', 'PNI', 'nobody-pni@digital.justice.gov.uk', null),
       ('79565bb1-24ed-4da5-bb32-a13a249774b9', 'daf4be78-794b-4b83-bdd1-9185adf2560b', 'BLI', 'nobody-bli@digital.justice.gov.uk', null),
       ('f787bc48-1112-42f9-9c7b-d4697acacaa8', 'daf4be78-794b-4b83-bdd1-9185adf2560b', 'SFI', 'nobody-sfi@digital.justice.gov.uk', null),
       ('41680b09-7bb3-4bc0-bb05-79c8a15f6a29', 'daf4be78-794b-4b83-bdd1-9185adf2560b', 'MTI', 'nobody-mti@digital.justice.gov.uk', null),
       ('8b640b5d-67cb-46da-9238-504fd0818432', 'daf4be78-794b-4b83-bdd1-9185adf2560b', 'SUI', 'nobody-sui@digital.justice.gov.uk', null),
       ('b330e69a-0d84-4153-b8ba-1e029596c4a3', 'daf4be78-794b-4b83-bdd1-9185adf2560b', 'BZI', 'nobody-bzi@digital.justice.gov.uk', null),
       ('7e8be173-014a-49f3-88aa-883a1007862d', 'daf4be78-794b-4b83-bdd1-9185adf2560b', 'HDI', 'nobody-hdi@digital.justice.gov.uk', null),
       ('2416da1f-55ff-41c5-9b15-77fc49f00c08', 'daf4be78-794b-4b83-bdd1-9185adf2560b', 'FDI', 'nobody-fdi@digital.justice.gov.uk', null),
       ('109f54a6-3ba4-460a-b1de-6c8c937a79e0', 'daf4be78-794b-4b83-bdd1-9185adf2560b', 'LFI', 'nobody-lfi@digital.justice.gov.uk', null),
       ('8b5edc14-84bb-41cb-8504-51379bb87de4', 'daf4be78-794b-4b83-bdd1-9185adf2560b', 'HII', 'nobody-hii@digital.justice.gov.uk', null),
       ('6cb56a72-e4eb-4502-beaf-ea9e9866380c', 'daf4be78-794b-4b83-bdd1-9185adf2560b', 'LII', 'nobody-lii@digital.justice.gov.uk', null),
       ('b75f504c-239d-4370-b33b-7628fd14a53a', 'daf4be78-794b-4b83-bdd1-9185adf2560b', 'DGI', 'nobody-dgi@digital.justice.gov.uk', null),
       ('b32fd966-5305-49e9-a16a-88f050598007', 'daf4be78-794b-4b83-bdd1-9185adf2560b', 'KMI', 'nobody-kmi@digital.justice.gov.uk', null),
       ('1a988f06-df2f-48b5-a1be-b3abfa7a2ad2', 'daf4be78-794b-4b83-bdd1-9185adf2560b', 'HEI', 'nobody-hei@digital.justice.gov.uk', null),
       ('9d130c2a-5fd9-44bc-9e6b-d34e6ba34f83', 'daf4be78-794b-4b83-bdd1-9185adf2560b', 'SHI', 'nobody-shi@digital.justice.gov.uk', null),
       ('97385872-c6be-4c7e-9ef1-1b2d7a189d0e', 'daf4be78-794b-4b83-bdd1-9185adf2560b', 'LWI', 'nobody-lwi@digital.justice.gov.uk', null),
       ('882a521c-a0c8-423d-b705-e237ebdba5f4', 'daf4be78-794b-4b83-bdd1-9185adf2560b', 'ESI', 'nobody-esi@digital.justice.gov.uk', null),
       ('81b7e092-bcc1-4edf-9c5b-9d34b1a5ded6', 'daf4be78-794b-4b83-bdd1-9185adf2560b', 'FWI', 'nobody-fwi@digital.justice.gov.uk', null),
       ('e2daf497-09fc-4d2c-b697-01b3176d541e', 'daf4be78-794b-4b83-bdd1-9185adf2560b', 'RSI', 'nobody-rsi@digital.justice.gov.uk', null),
       ('070bd6e3-7d72-4b4e-9640-87abcf654cba', 'daf4be78-794b-4b83-bdd1-9185adf2560b', 'SDI', 'nobody-sdi@digital.justice.gov.uk', null),
       ('3a1bc3b3-cbaf-4ab2-9d7c-a7457cfa3f2a', 'daf4be78-794b-4b83-bdd1-9185adf2560b', 'NLI', 'nobody-nli@digital.justice.gov.uk', null),
       ('ab8ec976-8dbd-483d-afac-37c55f4d9d7c', 'daf4be78-794b-4b83-bdd1-9185adf2560b', 'CWI', 'nobody-cwi@digital.justice.gov.uk', null),
       ('b7609fb0-e4a7-4200-8019-23efdff67ba0', 'daf4be78-794b-4b83-bdd1-9185adf2560b', 'WMI', 'nobody-wmi@digital.justice.gov.uk', null),
       ('e6b37d9b-e83b-47a6-a3d0-15a5ac72765e', 'daf4be78-794b-4b83-bdd1-9185adf2560b', 'PVI', 'nobody-pvi@digital.justice.gov.uk', null),
       ('5f32cdb1-56ea-4fdd-9630-8a7a694a09ad', 'daf4be78-794b-4b83-bdd1-9185adf2560b', 'HDI', 'nobody-hdi@digital.justice.gov.uk', null),
       ('87377fcc-d4b7-457a-bd1d-854b9d7225dc', 'daf4be78-794b-4b83-bdd1-9185adf2560b', 'RNI', 'nobody-rni@digital.justice.gov.uk', null),
       ('f57a69fe-d7a2-474b-9021-aabfda39a252', 'daf4be78-794b-4b83-bdd1-9185adf2560b', 'HMI', 'nobody-hmi@digital.justice.gov.uk', null),
       ('2b44a7be-3747-412e-83e3-b5c9d3367990', 'daf4be78-794b-4b83-bdd1-9185adf2560b', 'HHI', 'nobody-hhi@digital.justice.gov.uk', null),
       ('0a1974fe-dc83-4bd0-b226-68e7ac72551a', 'daf4be78-794b-4b83-bdd1-9185adf2560b', 'BFI', 'nobody-bfi@digital.justice.gov.uk', null),
       ('f8e1d61c-d8dd-4dff-a34e-06f9ab78b10b', 'daf4be78-794b-4b83-bdd1-9185adf2560b', 'LCI', 'nobody-lci@digital.justice.gov.uk', null),
       ('05126e22-84c5-4023-8dba-df090d603843', 'daf4be78-794b-4b83-bdd1-9185adf2560b', 'BWI', 'nobody-bwi@digital.justice.gov.uk', null),
       ('a3639c24-124d-4052-9387-e9dc2d92f02d', 'daf4be78-794b-4b83-bdd1-9185adf2560b', 'ISI', 'nobody-isi@digital.justice.gov.uk', null),
       ('cc5c0722-aedf-446c-b55a-bdd933860546', 'daf4be78-794b-4b83-bdd1-9185adf2560b', 'SKI', 'nobody-ski@digital.justice.gov.uk', null),
       ('25adb858-9bcb-482a-b916-770af4f2dd76', 'daf4be78-794b-4b83-bdd1-9185adf2560b', 'FSI', 'nobody-fsi@digital.justice.gov.uk', null),
       ('0a82f019-f156-479f-9eb5-d122ef55f9c7', 'daf4be78-794b-4b83-bdd1-9185adf2560b', 'RCI', 'nobody-rci@digital.justice.gov.uk', null),
       ('4a40db7d-d03e-42df-9022-ebcb5b38d6d0', 'daf4be78-794b-4b83-bdd1-9185adf2560b', 'MRI', 'nobody-mri@digital.justice.gov.uk', null),
       ('90bd0160-80ae-4f78-be2b-a8f96dc36670', 'daf4be78-794b-4b83-bdd1-9185adf2560b', 'NMI', 'nobody-nmi@digital.justice.gov.uk', null),
       ('1dad399d-63f2-4a6f-a676-4274536d7164', 'daf4be78-794b-4b83-bdd1-9185adf2560b', 'ASI', 'nobody-asi@digital.justice.gov.uk', null),
       ('c4cb50a8-4d26-482f-a108-cfc873a9f974', 'daf4be78-794b-4b83-bdd1-9185adf2560b', 'LGI', 'nobody-lgi@digital.justice.gov.uk', null),
       ('597e5299-1deb-49a0-a5d0-39f823d202a4', 'daf4be78-794b-4b83-bdd1-9185adf2560b', 'PDI', 'nobody-pdi@digital.justice.gov.uk', null),
       ('f3fe2cd6-5adf-42f4-9714-5eda303a6af0', 'daf4be78-794b-4b83-bdd1-9185adf2560b', 'NHI', 'nobody-nhi@digital.justice.gov.uk', null),
       ('a3dd5f87-86d2-4c00-8a5d-5617866a79b2', 'daf4be78-794b-4b83-bdd1-9185adf2560b', 'IWI', 'nobody-iwi@digital.justice.gov.uk', null),
       ('4e164962-44df-48b3-bb8d-9a5624a0038f', 'daf4be78-794b-4b83-bdd1-9185adf2560b', 'AGI', 'nobody-agi@digital.justice.gov.uk', null),
       ('c3b13c3a-be4a-4fb5-8f41-dcd6afc31178', 'daf4be78-794b-4b83-bdd1-9185adf2560b', 'MHI', 'nobody-mhi@digital.justice.gov.uk', null),
       ('e04e6c9a-f7ea-4672-8f5f-954cb76d66e8', 'daf4be78-794b-4b83-bdd1-9185adf2560b', 'PFI', 'nobody-pfi@digital.justice.gov.uk', null),
       ('634a0151-24ff-4b22-98e3-991ae28111b7', 'daf4be78-794b-4b83-bdd1-9185adf2560b', 'CFI', 'nobody-cfi@digital.justice.gov.uk', null),
       ('ea74c2df-a37f-46ea-aada-96ac0e271246', 'daf4be78-794b-4b83-bdd1-9185adf2560b', 'MDI', 'nobody-mdi@digital.justice.gov.uk', null),
       ('772fb685-170a-4bb6-9e3e-abf55a58d5bb', 'daf4be78-794b-4b83-bdd1-9185adf2560b', 'SPI', 'nobody-spi@digital.justice.gov.uk', null),
       ('c097bf87-a1c6-41fb-9959-83af85b70ce0', 'daf4be78-794b-4b83-bdd1-9185adf2560b', 'WLI', 'nobody-wli@digital.justice.gov.uk', null),
       ('97f4f659-e438-4ae2-9081-7394828a1a04', 'daf4be78-794b-4b83-bdd1-9185adf2560b', 'CLI', 'nobody-cli@digital.justice.gov.uk', null),
       ('3924e0db-5a8e-4510-b7de-32806105eed0', 'daf4be78-794b-4b83-bdd1-9185adf2560b', 'GTI', 'nobody-gti@digital.justice.gov.uk', null),
       ('34bc4287-0831-4e3d-9d75-d08ff0a40721', 'daf4be78-794b-4b83-bdd1-9185adf2560b', 'KVI', 'nobody-kvi@digital.justice.gov.uk', null),
       ('9931d6fa-a8d3-44d7-a751-f755b39a9ad0', 'daf4be78-794b-4b83-bdd1-9185adf2560b', 'HPI', 'nobody-hpi@digital.justice.gov.uk', null),
       ('a5332c00-ab10-4d83-ba5c-91191607c0ea', 'daf4be78-794b-4b83-bdd1-9185adf2560b', 'BCI', 'nobody-bci@digital.justice.gov.uk', null),
       ('aadf7c18-bad9-48e4-8de9-a0b2d8a04edd', 'daf4be78-794b-4b83-bdd1-9185adf2560b', 'FHI', 'nobody-fhi@digital.justice.gov.uk', null),
       ('32ab4fe4-8f5b-409a-af94-e36d11ecf787', 'daf4be78-794b-4b83-bdd1-9185adf2560b', 'BMI', 'nobody-bmi@digital.justice.gov.uk', null),
       ('19b9216b-f234-4384-ae2d-f855698f07eb', 'daf4be78-794b-4b83-bdd1-9185adf2560b', 'LPI', 'nobody-lpi@digital.justice.gov.uk', null),
       ('4be91bbe-62d5-4eed-8087-3478f655e1c1', 'daf4be78-794b-4b83-bdd1-9185adf2560b', 'WNI', 'nobody-wni@digital.justice.gov.uk', null),
       ('f127873c-5272-4ae1-9eeb-abc9d3fc2028', 'daf4be78-794b-4b83-bdd1-9185adf2560b', 'CDI', 'nobody-cdi@digital.justice.gov.uk', null),
       ('cba70def-5769-4eba-ac66-1aedec4f3f7a', 'daf4be78-794b-4b83-bdd1-9185adf2560b', 'WHI', 'nobody-whi@digital.justice.gov.uk', null),
       ('7f2fb4b3-017b-47e3-8146-de7569c0fb3d', 'daf4be78-794b-4b83-bdd1-9185adf2560b', 'PRI', 'nobody-pri@digital.justice.gov.uk', null),
       ('379b0a0a-4af0-49e5-82a8-f63c9d9025c7', 'daf4be78-794b-4b83-bdd1-9185adf2560b', 'DWI', 'nobody-dwi@digital.justice.gov.uk', null),
       ('20c77e80-ec2f-46a0-966f-7fe22e647ee2', 'daf4be78-794b-4b83-bdd1-9185adf2560b', 'LYI', 'nobody-lyi@digital.justice.gov.uk', null),
       ('e5c188f9-0734-4af6-be79-4c3a37e1e3bd', 'daf4be78-794b-4b83-bdd1-9185adf2560b', 'WSI', 'nobody-wsi@digital.justice.gov.uk', null),
       ('10c343ce-113f-4bbe-b95b-d6dd4de22532', 'daf4be78-794b-4b83-bdd1-9185adf2560b', 'FYI', 'nobody-fyi@digital.justice.gov.uk', null),
       ('b3924755-74fa-4840-b714-86cd3f0acd2a', 'daf4be78-794b-4b83-bdd1-9185adf2560b', 'BRI', 'nobody-bri@digital.justice.gov.uk', null),
       ('3b2c4f40-bc55-4747-bd65-26867556a1a6', 'daf4be78-794b-4b83-bdd1-9185adf2560b', 'NWI', 'nobody-nwi@digital.justice.gov.uk', null),
       ('1d08a7f9-3b4d-4426-b785-f7ed70c45b75', 'daf4be78-794b-4b83-bdd1-9185adf2560b', 'GNI', 'nobody-gni@digital.justice.gov.uk', null),
       ('0b3a8e54-a21b-4abf-9e89-92a738be2b99', 'daf4be78-794b-4b83-bdd1-9185adf2560b', 'TCI', 'nobody-tci@digital.justice.gov.uk', null),
       ('aef73c49-47ab-4f6c-8fed-27678828ab47', 'daf4be78-794b-4b83-bdd1-9185adf2560b', 'EHI', 'nobody-ehi@digital.justice.gov.uk', null),
       ('457f0bf6-6173-4c18-99ba-17f1a97d7b01', 'daf4be78-794b-4b83-bdd1-9185adf2560b', 'HLI', 'nobody-hli@digital.justice.gov.uk', null),
       ('30ab0a9c-8819-4e99-a735-619499b1e367', 'daf4be78-794b-4b83-bdd1-9185adf2560b', 'PBI', 'nobody-pbi@digital.justice.gov.uk', null),
       ('56556a70-fd90-4f94-99a3-c4dc99d18e59', 'daf4be78-794b-4b83-bdd1-9185adf2560b', 'VEI', 'nobody-vei@digital.justice.gov.uk', null),
       ('b355802a-ac52-4621-b267-4f26d7ffd137', 'daf4be78-794b-4b83-bdd1-9185adf2560b', 'UKI', 'nobody-uki@digital.justice.gov.uk', null),
       ('b63b69c6-c1b6-404b-80fa-640cf4634a2e', 'daf4be78-794b-4b83-bdd1-9185adf2560b', 'STI', 'nobody-sti@digital.justice.gov.uk', null),
       ('dd7c9a59-bf8f-4e3e-9910-067355cc8e5a', 'daf4be78-794b-4b83-bdd1-9185adf2560b', 'AYI', 'nobody-ayi@digital.justice.gov.uk', null),
       ('92c4f38d-11f0-4670-a085-0697bf87dce8', 'daf4be78-794b-4b83-bdd1-9185adf2560b', 'ACI', 'nobody-aci@digital.justice.gov.uk', null),
       ('3c408133-0618-4c17-abbf-3043d4ed7cc9', 'daf4be78-794b-4b83-bdd1-9185adf2560b', 'WCI', 'nobody-wci@digital.justice.gov.uk', null),
       ('f0c8d63f-d652-4cb5-9df3-72b4368a8853', 'daf4be78-794b-4b83-bdd1-9185adf2560b', 'DHI', 'nobody-dhi@digital.justice.gov.uk', null),
       ('04c0937a-2ac9-471b-b67d-0c08faff5eaa', 'daf4be78-794b-4b83-bdd1-9185adf2560b', 'LLI', 'nobody-lli@digital.justice.gov.uk', null),
       ('1f5bb426-e783-4617-a0a1-149c106aa910', 'daf4be78-794b-4b83-bdd1-9185adf2560b', 'DTI', 'nobody-dti@digital.justice.gov.uk', null),
       ('bb7fc0b9-33a4-4ef1-8bf5-57fc7ceb2dee', 'daf4be78-794b-4b83-bdd1-9185adf2560b', 'SLI', 'nobody-sli@digital.justice.gov.uk', null),
       ('73d4d52c-3337-4ba0-b6f8-463562bfeccc', 'daf4be78-794b-4b83-bdd1-9185adf2560b', 'WTI', 'nobody-wti@digital.justice.gov.uk', null),
       ('0296a7c5-3903-4149-9db1-ce897b559fa1', 'daf4be78-794b-4b83-bdd1-9185adf2560b', 'FKI', 'nobody-fki@digital.justice.gov.uk', null),
       ('0681a0f6-4acb-4d8b-ba21-b3fffea6bb63', 'daf4be78-794b-4b83-bdd1-9185adf2560b', 'LHI', 'nobody-lhi@digital.justice.gov.uk', null),
       ('c8dbf5cb-0754-4428-8315-61d29a7dc83b', 'daf4be78-794b-4b83-bdd1-9185adf2560b', 'GMI', 'nobody-gmi@digital.justice.gov.uk', null),
       ('75c3be0c-b899-46b9-8112-03b33ba7b496', 'daf4be78-794b-4b83-bdd1-9185adf2560b', 'WYI', 'nobody-wyi@digital.justice.gov.uk', null),
       ('ad2ea72f-7c12-46aa-b961-b1202c4c4484', 'daf4be78-794b-4b83-bdd1-9185adf2560b', 'WWI', 'nobody-wwi@digital.justice.gov.uk', null),
       ('52ec5a08-16ec-428d-9b10-c45385807f04', 'daf4be78-794b-4b83-bdd1-9185adf2560b', 'WRI', 'nobody-wri@digital.justice.gov.uk', null),
       ('9e71e8d4-eae4-4e67-bab8-f075c7f4671a', '91c6d4bc-135f-40ed-9507-37f7c68a923d', 'SDI', 'nobody-sdi@digital.justice.gov.uk', null),
       ('46cfcd19-adbd-4cd8-a2b6-488cde131023', '91c6d4bc-135f-40ed-9507-37f7c68a923d', 'PFI', 'nobody-pfi@digital.justice.gov.uk', null),
       ('b1953331-c4b6-41ff-bb35-e159244c7d83', '91c6d4bc-135f-40ed-9507-37f7c68a923d', 'NSI', 'nobody-nsi@digital.justice.gov.uk', null),
       ('1acf577f-9145-4695-9cd4-ee59e2922cfc', '2f22366e-8a51-46fb-ab8f-ff0ce47fe7dc', 'HHI', 'nobody-hhi@digital.justice.gov.uk', null),
       ('6ebaa320-1d66-47f8-a55d-50b147229ec6', '2f22366e-8a51-46fb-ab8f-ff0ce47fe7dc', 'WYI', 'nobody-wyi@digital.justice.gov.uk', null),
       ('8dde7d30-2b30-4dab-a4b0-f679705015f8', '2f22366e-8a51-46fb-ab8f-ff0ce47fe7dc', 'LII', 'nobody-lii@digital.justice.gov.uk', null),
       ('32735346-166a-43a2-9fbb-d272963c6b1f', '2f22366e-8a51-46fb-ab8f-ff0ce47fe7dc', 'SNI', 'nobody-sni@digital.justice.gov.uk', null),
       ('cc5a5d1a-1d93-4eb6-8e7f-33bce68a6b9d', '2f22366e-8a51-46fb-ab8f-ff0ce47fe7dc', 'BXI', 'nobody-bxi@digital.justice.gov.uk', null),
       ('a1d2756b-d34f-45a7-8fd4-f15a42e99e8b', '2f22366e-8a51-46fb-ab8f-ff0ce47fe7dc', 'SLI', 'nobody-sli@digital.justice.gov.uk', null),
       ('04b9c6ea-14ae-4f21-a9fe-068d137af3f2', '2f22366e-8a51-46fb-ab8f-ff0ce47fe7dc', 'FYI', 'nobody-fyi@digital.justice.gov.uk', null),
       ('70a6e1e2-9b68-4faf-8c53-9a5a2d777b11', '2f22366e-8a51-46fb-ab8f-ff0ce47fe7dc', 'CDI', 'nobody-cdi@digital.justice.gov.uk', null),
       ('4ecda5cb-1717-4d48-b94c-29852ddfe862', '2f22366e-8a51-46fb-ab8f-ff0ce47fe7dc', 'LTI', 'nobody-lti@digital.justice.gov.uk', null),
       ('63d69dcc-92d1-4443-9d48-aa2ce360c32d', '2f22366e-8a51-46fb-ab8f-ff0ce47fe7dc', 'LYI', 'nobody-lyi@digital.justice.gov.uk', null),
       ('b4ec8a8c-c1a5-4871-a03d-1fd37d20d0ff', '2f22366e-8a51-46fb-ab8f-ff0ce47fe7dc', 'MDI', 'nobody-mdi@digital.justice.gov.uk', null),
       ('5ce4999d-8bf6-4eb7-a0f5-a18cd46bdc4f', '2f22366e-8a51-46fb-ab8f-ff0ce47fe7dc', 'TCI', 'nobody-tci@digital.justice.gov.uk', null),
       ('5ac7f51e-4944-4b1c-8853-06cd97a6e9b2', '2f22366e-8a51-46fb-ab8f-ff0ce47fe7dc', 'SKI', 'nobody-ski@digital.justice.gov.uk', null),
       ('921297b0-42e4-428d-912d-42d58544699b', '2f22366e-8a51-46fb-ab8f-ff0ce47fe7dc', 'HCI', 'nobody-hci@digital.justice.gov.uk', null),
       ('917efb96-d954-4ed8-92b5-55209e86d07e', '2f22366e-8a51-46fb-ab8f-ff0ce47fe7dc', 'FKI', 'nobody-fki@digital.justice.gov.uk', null),
       ('40ee4aec-9166-412a-bca0-efdebc20b49a', '2f22366e-8a51-46fb-ab8f-ff0ce47fe7dc', 'SDI', 'nobody-sdi@digital.justice.gov.uk', null),
       ('ecd4c9b6-7ee7-4463-a856-128ff48f0933', '2f22366e-8a51-46fb-ab8f-ff0ce47fe7dc', 'DWI', 'nobody-dwi@digital.justice.gov.uk', null),
       ('31563044-677a-40d7-8129-38ebcb74cfb0', '2f22366e-8a51-46fb-ab8f-ff0ce47fe7dc', 'LEI', 'nobody-lei@digital.justice.gov.uk', null),
       ('9472fc98-edce-4953-bce3-653837d623ec', '2f22366e-8a51-46fb-ab8f-ff0ce47fe7dc', 'RNI', 'nobody-rni@digital.justice.gov.uk', null),
       ('6ef0251c-de8c-44d6-856a-16ff877cc5ad', '2f22366e-8a51-46fb-ab8f-ff0ce47fe7dc', 'MRI', 'nobody-mri@digital.justice.gov.uk', null),
       ('d89ed789-8b0d-46ad-8177-e259b3c63281', '2f22366e-8a51-46fb-ab8f-ff0ce47fe7dc', 'LWI', 'nobody-lwi@digital.justice.gov.uk', null),
       ('952a97b5-4f5a-4152-b6c0-915848bed96f', '2f22366e-8a51-46fb-ab8f-ff0ce47fe7dc', 'VEI', 'nobody-vei@digital.justice.gov.uk', null),
       ('501711f3-af6d-4b0b-b457-8e662f5aa652', '2f22366e-8a51-46fb-ab8f-ff0ce47fe7dc', 'UPI', 'nobody-upi@digital.justice.gov.uk', null),
       ('f8ae9e97-616f-4c80-ba57-6c6405abb4c7', '2f22366e-8a51-46fb-ab8f-ff0ce47fe7dc', 'BZI', 'nobody-bzi@digital.justice.gov.uk', null),
       ('c3f46822-c7d2-47f5-944b-d1e32600c72b', '2f22366e-8a51-46fb-ab8f-ff0ce47fe7dc', 'HDI', 'nobody-hdi@digital.justice.gov.uk', null),
       ('d6144fc1-e247-4493-bb46-0bff5f5b9460', '2f22366e-8a51-46fb-ab8f-ff0ce47fe7dc', 'HEI', 'nobody-hei@digital.justice.gov.uk', null),
       ('d6991c3e-b899-414b-afda-bf130f4d4bf6', '2f22366e-8a51-46fb-ab8f-ff0ce47fe7dc', 'BWI', 'nobody-bwi@digital.justice.gov.uk', null),
       ('d092d405-998b-41ea-82a6-b40781b9cfad', '2f22366e-8a51-46fb-ab8f-ff0ce47fe7dc', 'EYI', 'nobody-eyi@digital.justice.gov.uk', null),
       ('dea2ebdd-c89d-45ef-a607-0e7e7a51ce5a', '2f22366e-8a51-46fb-ab8f-ff0ce47fe7dc', 'PBI', 'nobody-pbi@digital.justice.gov.uk', null),
       ('09e821ef-b920-4b64-97cd-1eeb48c3a62a', '2f22366e-8a51-46fb-ab8f-ff0ce47fe7dc', 'KMI', 'nobody-kmi@digital.justice.gov.uk', null),
       ('1f138707-5c84-45db-a7e8-b65eba9b7fa4', '2f22366e-8a51-46fb-ab8f-ff0ce47fe7dc', 'WII', 'nobody-wii@digital.justice.gov.uk', null),
       ('b86bbb7f-a828-46d8-b2d0-f23a83ed6f9c', '2f22366e-8a51-46fb-ab8f-ff0ce47fe7dc', 'OWI', 'nobody-owi@digital.justice.gov.uk', null),
       ('ef1b87bb-7d9d-44f7-8c39-6e9d8c74dc0b', '2f22366e-8a51-46fb-ab8f-ff0ce47fe7dc', 'SWI', 'nobody-swi@digital.justice.gov.uk', null),
       ('211df873-3fc4-4568-8628-d6b655354a7f', '2f22366e-8a51-46fb-ab8f-ff0ce47fe7dc', 'ASI', 'nobody-asi@digital.justice.gov.uk', null),
       ('3837a77c-5dbc-4344-b941-72a540f77427', '2f22366e-8a51-46fb-ab8f-ff0ce47fe7dc', 'ESI', 'nobody-esi@digital.justice.gov.uk', null),
       ('9106e58a-3a3e-4c60-9a31-c70d5293521d', '2f22366e-8a51-46fb-ab8f-ff0ce47fe7dc', 'AYI', 'nobody-ayi@digital.justice.gov.uk', null),
       ('e7184417-5db0-4a41-bcbd-1e2e6adb7307', '2f22366e-8a51-46fb-ab8f-ff0ce47fe7dc', 'FNI', 'nobody-fni@digital.justice.gov.uk', null),
       ('857f7d07-7615-4273-91ef-8616973c899a', '2f22366e-8a51-46fb-ab8f-ff0ce47fe7dc', 'KVI', 'nobody-kvi@digital.justice.gov.uk', null),
       ('c3b316f5-20f2-43f3-a0f6-d79527451cae', '2f22366e-8a51-46fb-ab8f-ff0ce47fe7dc', 'BRI', 'nobody-bri@digital.justice.gov.uk', null),
       ('dcf94933-b6b1-4b23-a73c-97bf29bb1a84', '2f22366e-8a51-46fb-ab8f-ff0ce47fe7dc', 'PYI', 'nobody-pyi@digital.justice.gov.uk', null),
       ('e61d77e1-44c4-4cbd-92e7-19a62cd775e0', '2f22366e-8a51-46fb-ab8f-ff0ce47fe7dc', 'LLI', 'nobody-lli@digital.justice.gov.uk', null),
       ('d753eec3-66d5-4752-a335-5664c4b6178a', '2f22366e-8a51-46fb-ab8f-ff0ce47fe7dc', 'HLI', 'nobody-hli@digital.justice.gov.uk', null),
       ('51b480cc-8718-4914-a490-67692543ffe5', '2f22366e-8a51-46fb-ab8f-ff0ce47fe7dc', 'EWI', 'nobody-ewi@digital.justice.gov.uk', null),
       ('e7f7c5bb-7768-4911-9bd7-0370af61e476', '2f22366e-8a51-46fb-ab8f-ff0ce47fe7dc', 'FWI', 'nobody-fwi@digital.justice.gov.uk', null),
       ('2397ae03-a9eb-4c09-bdf5-bec203f3b5b0', '2f22366e-8a51-46fb-ab8f-ff0ce47fe7dc', 'RCI', 'nobody-rci@digital.justice.gov.uk', null),
       ('24d6c296-8984-4e16-a716-603971eda973', '2f22366e-8a51-46fb-ab8f-ff0ce47fe7dc', 'LPI', 'nobody-lpi@digital.justice.gov.uk', null),
       ('baedd1f8-bfdc-47c0-97d5-477f8f9f44a1', '2f22366e-8a51-46fb-ab8f-ff0ce47fe7dc', 'GHI', 'nobody-ghi@digital.justice.gov.uk', null),
       ('824f6f51-fa67-46d7-a568-8e64bd8dee95', '2f22366e-8a51-46fb-ab8f-ff0ce47fe7dc', 'HBI', 'nobody-hbi@digital.justice.gov.uk', null),
       ('d5a06456-fe5d-4730-87cf-01b2ee440135', '2f22366e-8a51-46fb-ab8f-ff0ce47fe7dc', 'MHI', 'nobody-mhi@digital.justice.gov.uk', null),
       ('c7f2a0c4-ca10-4940-830f-5a54d3a3f8a9', '2f22366e-8a51-46fb-ab8f-ff0ce47fe7dc', 'PRI', 'nobody-pri@digital.justice.gov.uk', null),
       ('7b005bc8-7dde-4b2e-8563-12e78e4a04a2', '2f22366e-8a51-46fb-ab8f-ff0ce47fe7dc', 'CKI', 'nobody-cki@digital.justice.gov.uk', null),
       ('a5fb235b-3c6c-4f63-abb6-ba9edbbc620f', '2f22366e-8a51-46fb-ab8f-ff0ce47fe7dc', 'CLI', 'nobody-cli@digital.justice.gov.uk', null),
       ('ca77727d-ab45-41df-a958-0236f9786846', '2f22366e-8a51-46fb-ab8f-ff0ce47fe7dc', 'FDI', 'nobody-fdi@digital.justice.gov.uk', null),
       ('9e51ee39-ca29-41e6-8a3c-f86e59ae8386', '2f22366e-8a51-46fb-ab8f-ff0ce47fe7dc', 'WMI', 'nobody-wmi@digital.justice.gov.uk', null),
       ('68b7d81c-8348-4c77-abcd-590520278c8f', '2f22366e-8a51-46fb-ab8f-ff0ce47fe7dc', 'DTI', 'nobody-dti@digital.justice.gov.uk', null),
       ('63691916-4cf3-4844-b8c1-1cf004058f47', '2f22366e-8a51-46fb-ab8f-ff0ce47fe7dc', 'WYI', 'nobody-wyi@digital.justice.gov.uk', null),
       ('b7437e28-5fdc-408e-9519-b777968e500a', '2f22366e-8a51-46fb-ab8f-ff0ce47fe7dc', 'WSI', 'nobody-wsi@digital.justice.gov.uk', null),
       ('db3bdbdb-ec43-42cf-b753-a7292c277bc3', '2f22366e-8a51-46fb-ab8f-ff0ce47fe7dc', 'WTI', 'nobody-wti@digital.justice.gov.uk', null),
       ('470f0bcf-0243-4700-a86a-d5b54dd3c10b', '2f22366e-8a51-46fb-ab8f-ff0ce47fe7dc', 'SHI', 'nobody-shi@digital.justice.gov.uk', null),
       ('183c9ec6-442d-46d2-81e6-1ac4db417ae6', '2f22366e-8a51-46fb-ab8f-ff0ce47fe7dc', 'PFI', 'nobody-pfi@digital.justice.gov.uk', null),
       ('240ccdd9-b61d-403c-ba60-bd4e6ef6d65a', '2f22366e-8a51-46fb-ab8f-ff0ce47fe7dc', 'GMI', 'nobody-gmi@digital.justice.gov.uk', null),
       ('f9c8b4a4-b9f6-43a2-9485-666df445a072', '2f22366e-8a51-46fb-ab8f-ff0ce47fe7dc', 'DNI', 'nobody-dni@digital.justice.gov.uk', null),
       ('2e9ac22b-2bff-4aae-87af-66280269158f', '2f22366e-8a51-46fb-ab8f-ff0ce47fe7dc', 'SUI', 'nobody-sui@digital.justice.gov.uk', null),
       ('bf592b23-58b3-46bf-bb87-fb013fbfdeac', '2f22366e-8a51-46fb-ab8f-ff0ce47fe7dc', 'WLI', 'nobody-wli@digital.justice.gov.uk', null),
       ('3b74fd1f-ca3c-4fe5-af79-aa2430dcb29c', '2f22366e-8a51-46fb-ab8f-ff0ce47fe7dc', 'FMI', 'nobody-fmi@digital.justice.gov.uk', null),
       ('271f2073-6168-4882-8b69-2b71bb086833', '2f22366e-8a51-46fb-ab8f-ff0ce47fe7dc', 'WHI', 'nobody-whi@digital.justice.gov.uk', null),
       ('e4bccc5b-d9aa-438a-88b4-c6a5f3865a9f', '2f22366e-8a51-46fb-ab8f-ff0ce47fe7dc', 'NHI', 'nobody-nhi@digital.justice.gov.uk', null),
       ('9e184467-bd8a-4f01-b3be-9c2f1a6defec', '2f22366e-8a51-46fb-ab8f-ff0ce47fe7dc', 'DMI', 'nobody-dmi@digital.justice.gov.uk', null),
       ('38e3b4a7-7f69-47ec-be8d-6d722f8844a7', '2f22366e-8a51-46fb-ab8f-ff0ce47fe7dc', 'FSI', 'nobody-fsi@digital.justice.gov.uk', null),
       ('3dbf96a8-e499-497b-a581-7873aa0d8e4e', '2f22366e-8a51-46fb-ab8f-ff0ce47fe7dc', 'AGI', 'nobody-agi@digital.justice.gov.uk', null),
       ('30a78fd3-9176-49bb-95ea-1cbc74620cbf', '2f22366e-8a51-46fb-ab8f-ff0ce47fe7dc', 'SFI', 'nobody-sfi@digital.justice.gov.uk', null),
       ('18377efe-fce1-461a-963f-3b4f28e2e372', '2f22366e-8a51-46fb-ab8f-ff0ce47fe7dc', 'FHI', 'nobody-fhi@digital.justice.gov.uk', null),
       ('a5fa6fb3-d1d0-43ca-8a43-51ca6a6b2820', '2f22366e-8a51-46fb-ab8f-ff0ce47fe7dc', 'LNI', 'nobody-lni@digital.justice.gov.uk', null),
       ('a673d17d-053d-4892-a1fa-c2d2181bd3b1', '2f22366e-8a51-46fb-ab8f-ff0ce47fe7dc', 'PDI', 'nobody-pdi@digital.justice.gov.uk', null),
       ('e707832a-b316-4735-9f66-9f67422e3b9b', '2f22366e-8a51-46fb-ab8f-ff0ce47fe7dc', 'PNI', 'nobody-pni@digital.justice.gov.uk', null),
       ('0681cd84-4266-44d9-8ea8-df8e2314ee8f', '2f22366e-8a51-46fb-ab8f-ff0ce47fe7dc', 'LGI', 'nobody-lgi@digital.justice.gov.uk', null),
       ('6b260b0a-120a-4bda-96dd-8cd6cf5e25e7', '2f22366e-8a51-46fb-ab8f-ff0ce47fe7dc', 'DGI', 'nobody-dgi@digital.justice.gov.uk', null),
       ('7f0453d5-d244-4271-bde5-f1249e072b20', '2f22366e-8a51-46fb-ab8f-ff0ce47fe7dc', 'HDI', 'nobody-hdi@digital.justice.gov.uk', null),
       ('ef13f0bf-2b5b-4960-9695-729d998a59e8', '2f22366e-8a51-46fb-ab8f-ff0ce47fe7dc', 'DHI', 'nobody-dhi@digital.justice.gov.uk', null),
       ('c16d2a92-ae51-4e67-9868-593e104f926f', '2f22366e-8a51-46fb-ab8f-ff0ce47fe7dc', 'RSI', 'nobody-rsi@digital.justice.gov.uk', null),
       ('3c48eb56-a348-4b5e-b7d4-b7ea4954d66b', '2f22366e-8a51-46fb-ab8f-ff0ce47fe7dc', 'EXI', 'nobody-exi@digital.justice.gov.uk', null),
       ('79e4c38e-c1e5-4ec1-93ac-27e590fb8607', '2f22366e-8a51-46fb-ab8f-ff0ce47fe7dc', 'MSI', 'nobody-msi@digital.justice.gov.uk', null),
       ('b7d2ab90-c3cc-4279-abe5-6fdca0ec9b72', '2f22366e-8a51-46fb-ab8f-ff0ce47fe7dc', 'CWI', 'nobody-cwi@digital.justice.gov.uk', null),
       ('225af2c0-c0e3-4233-9301-e2cb3ebb94e8', '2f22366e-8a51-46fb-ab8f-ff0ce47fe7dc', 'RHI', 'nobody-rhi@digital.justice.gov.uk', null),
       ('7d1fb466-aa33-4720-8cff-2aa0c1bdf436', '2f22366e-8a51-46fb-ab8f-ff0ce47fe7dc', 'FBI', 'nobody-fbi@digital.justice.gov.uk', null),
       ('416bd928-8ec8-4482-b50a-7dba97a482f7', '2f22366e-8a51-46fb-ab8f-ff0ce47fe7dc', 'BFI', 'nobody-bfi@digital.justice.gov.uk', null),
       ('f59282da-5e0a-4042-8e1e-0391449ba57c', '2f22366e-8a51-46fb-ab8f-ff0ce47fe7dc', 'BSI', 'nobody-bsi@digital.justice.gov.uk', null),
       ('1c8e4609-a302-4fa6-9979-25060de1ccb5', '2f22366e-8a51-46fb-ab8f-ff0ce47fe7dc', 'ONI', 'nobody-oni@digital.justice.gov.uk', null),
       ('394280c5-878a-4569-9ba2-fc0ca0c56672', '2f22366e-8a51-46fb-ab8f-ff0ce47fe7dc', 'WDI', 'nobody-wdi@digital.justice.gov.uk', null),
       ('5a64873a-a074-4c10-a07c-d41a57198c93', '2f22366e-8a51-46fb-ab8f-ff0ce47fe7dc', 'EEI', 'nobody-eei@digital.justice.gov.uk', null),
       ('3a453929-603f-4258-bbf8-a1494047fb7e', '2f22366e-8a51-46fb-ab8f-ff0ce47fe7dc', 'FMI', 'nobody-fmi@digital.justice.gov.uk', null),
       ('ee8ec8ed-25f4-4746-bbe2-9411a7e634f1', '2f22366e-8a51-46fb-ab8f-ff0ce47fe7dc', 'UKI', 'nobody-uki@digital.justice.gov.uk', null),
       ('1ca26193-8b98-49ea-9075-3fff6edacfbf', '2f22366e-8a51-46fb-ab8f-ff0ce47fe7dc', 'SPI', 'nobody-spi@digital.justice.gov.uk', null),
       ('700b4550-71cd-42ed-a02f-32cc164d8686', '2f22366e-8a51-46fb-ab8f-ff0ce47fe7dc', 'WNI', 'nobody-wni@digital.justice.gov.uk', null),
       ('0c812a6d-79df-4849-8f47-ae24df0f9765', '2f22366e-8a51-46fb-ab8f-ff0ce47fe7dc', 'GTI', 'nobody-gti@digital.justice.gov.uk', null),
       ('cfb6bb50-3d79-4ea7-8c7d-ad1d21fcfbbe', '2f22366e-8a51-46fb-ab8f-ff0ce47fe7dc', 'WWI', 'nobody-wwi@digital.justice.gov.uk', null),
       ('d0781187-6ff5-4e36-bd82-838045e6b01b', '2f22366e-8a51-46fb-ab8f-ff0ce47fe7dc', 'NLI', 'nobody-nli@digital.justice.gov.uk', null),
       ('e5d05f0b-dec6-4707-a513-be7902a2ea34', '2f22366e-8a51-46fb-ab8f-ff0ce47fe7dc', 'EHI', 'nobody-ehi@digital.justice.gov.uk', null),
       ('6f9c0285-31b3-4195-901b-160846beb779', '2f22366e-8a51-46fb-ab8f-ff0ce47fe7dc', 'GNI', 'nobody-gni@digital.justice.gov.uk', null);

INSERT INTO referral(referral_id, offering_id, prison_number, referrer_id, additional_information, oasys_confirmed, has_reviewed_programme_history, status, submitted_on)
VALUES ('58519a7a-dcac-45d6-8c66-dd8db3527e10', 'f0be5a9a-98d5-4830-90ea-55e697d85e7b', 'ZHL6G3M', '3F2504E0-4F89-41D3-9A0C-0305E82C3301', 'Considero recusandae deporto abduco defero curiositas facere.', true, false, 'ASSESSMENT_STARTED', '2022-12-24T13:00:46.240Z'),
       ('7ca519cf-53e3-4322-8bc2-e6e047642228', 'b6415699-68c1-4452-aa55-50531202b83d', 'WMRXAKU', '3F2504E0-4F89-41D3-9A0C-0305E82C3302', 'Uter pecto aperte acervus spectaculum via appello. Adamo testimonium maxime unde debeo adipisci stultus.', true, false, 'ASSESSMENT_STARTED', '2022-12-24T07:00:32.031Z'),
       ('18583d72-3f94-4ecb-bf0b-732eeec5eea8', 'abd277cb-0f68-4d28-a300-4468e600b1f5', 'JVWN4Y8', '3F2504E0-4F89-41D3-9A0C-0305E82C3302', 'Comprehendo aperiam terreo. Corporis solvo talus tonsor aduro in ullus. Celer venia adicio ipsum. Admoveo quae audeo pel adsuesco arbustum arguo. Capio totam thorax accommodo assentator audax tandem neque.', true, false, 'AWAITING_ASSESSMENT', '2023-07-08T03:19:15.378Z'),
       ('aaef92c6-d025-401f-a1ed-bfb6e443329a', 'b3c900fd-3af8-41fd-99da-e1e0254232cc', '7GZYCT7', '3F2504E0-4F89-41D3-9A0C-0305E82C3301', 'Corrigo audentia adduco vindico.', true, false, 'REFERRAL_SUBMITTED', '2023-08-17T14:05:34.390Z'),
       ('946370b1-bb6f-4910-aa73-ee214ad5eda3', '15c2745e-1619-459e-91f6-ad716fe92d5a', '64CR2JR', '3F2504E0-4F89-41D3-9A0C-0305E82C3301', 'Veniam provident cinis accendo. Vergo explicabo velit ventito umquam deprimo magnam.', true, false, 'ASSESSMENT_STARTED', '2023-05-29T04:01:47.635Z'),
       ('b9f85951-5820-4e96-a522-2246f2b87f4e', 'ee5eda42-f1f8-48ca-97ca-cf9f491f0237', '175AQ4D', '3F2504E0-4F89-41D3-9A0C-0305E82C3301', 'Depulso ago amor suffoco denuo.', false, false, 'AWAITING_ASSESSMENT', '2023-03-19T10:00:01.571Z'),
       ('cf61575d-8f3d-4bfb-a8dd-d51ef8923f90', 'dd7c9a59-bf8f-4e3e-9910-067355cc8e5a', 'HR1EQI2', '3F2504E0-4F89-41D3-9A0C-0305E82C3301', 'Astrum necessitatibus stabilis suggero.', true, false, 'ASSESSMENT_STARTED', '2022-12-26T07:40:12.366Z'),
       ('16ce5fd6-c46e-4b58-9573-6809627f53a2', '7ff9e6bc-e6a6-482d-b94a-18f06033c179', '7GZYCT7', '3F2504E0-4F89-41D3-9A0C-0305E82C3301', 'Peccatus tondeo urbs cultura similique aegrus defero decens vox. Cura cetera coma via. Vergo amissio a cruentus tubineus. Abundans provident amitto vita patrocinor varietas asper speculum curvo bonus.', true, true, 'ASSESSMENT_STARTED', '2023-10-16T12:53:59.517Z'),
       ('f852d433-93a1-4fe4-bc82-8204303220a6', '9c4758c4-dfe7-4f2b-8961-4c278158872c', '4CUT1G4', '3F2504E0-4F89-41D3-9A0C-0305E82C3301', 'Torqueo vilis subnecto molestias. Tersus creo cursus conitor tonsor eligendi astrum adulatio ars totus. Timidus cetera confugo subnecto amoveo terra suffoco admoneo.', false, true, 'REFERRAL_SUBMITTED', '2023-09-21T09:51:16.629Z'),
       ('98c2449b-81c5-4a52-af8f-4b2ddb468e4e', 'fa4a7761-2fb4-4cd1-a40b-7d65bab604b0', '0T50F12', '3F2504E0-4F89-41D3-9A0C-0305E82C3302', 'Somniculosus brevis caelestis calamitas cruciamentum barba absque video. Adulescens careo solitudo vallum vesica calamitas decimus baiulus. Debitis antepono harum amiculum infit auditor sustineo adsuesco tamdiu voro. Urbanus virgo defetiscor adhuc deprimo derelinquo unde conor sortitus bis. Tremo certe appello antea repellendus.', true, false, 'ASSESSMENT_STARTED', '2023-10-01T20:15:03.319Z'),
       ('0edd4944-5434-4617-9d77-7d8fdff42a09', '135b90fb-7593-4460-b588-b9c52b4a9002', 'VXKGG1D', '3F2504E0-4F89-41D3-9A0C-0305E82C3301', 'Laboriosam cunae enim apud. Quod victoria subvenio corrigo. Amaritudo sufficio basium cicuta socius surgo cunae tenetur summisse. Centum maiores pariatur contabesco acerbitas debitis tabesco bonus ipsa tempora. Attonbitus vado adhaero agnosco deprecator verumtamen validus exercitationem vero.', true, false, 'REFERRAL_STARTED', null),
       ('fc2335bb-18eb-4d3c-ad53-0dc90f0ccb21', 'b8b0fe68-1112-4672-a798-c8979b14147f', '27LD9LP', '3F2504E0-4F89-41D3-9A0C-0305E82C3302', '', false, false, 'ASSESSMENT_STARTED', '2023-10-05T05:28:59.511Z'),
       ('9023db08-1348-4a76-9eda-fdc63a3d6931', 'e8641d8b-2a22-4215-b6d2-3809068594e8', 'UJWXNSR', '3F2504E0-4F89-41D3-9A0C-0305E82C3302', 'Absorbeo suggero laborum tunc ait suasoria.', false, true, 'REFERRAL_STARTED', null),
       ('210478b5-686a-409b-b414-2e59ddaee766', 'db3bdbdb-ec43-42cf-b753-a7292c277bc3', 'Y7RLN5A', '3F2504E0-4F89-41D3-9A0C-0305E82C3302', 'Tabernus voluptas umerus tardus. Aperte abscido cuppedia. Vix caelestis sapiente coaegresco aggredior quisquam sperno caelum.', true, false, 'AWAITING_ASSESSMENT', '2023-09-21T20:03:23.682Z'),
       ('f95d17a6-3809-4e0e-bd9e-849c930543ee', '3b5398c9-2832-4320-9a69-31e3bdcd7783', 'VXKGG1D', '3F2504E0-4F89-41D3-9A0C-0305E82C3302', 'Arguo anser acidus vis appello comedo. Vobis aut demergo paulatim concedo comminor cibus truculenter solus. Correptius pax conscendo illo. Sit suus cruciamentum carbo apostolus arceo comptus cuius.', true, false, 'AWAITING_ASSESSMENT', '2023-11-05T22:47:17.557Z'),
       ('2f145640-1aae-451d-88c9-ed9e21f613e9', '597b9872-e4b2-4149-b406-32354f2df631', 'UY1N011', '3F2504E0-4F89-41D3-9A0C-0305E82C3302', 'Comptus theatrum uterque. Laboriosam agnosco ait video. Ad quibusdam voro cruentus vado astrum tutis. Sonitus annus autem. Charisma aro virga autus astrum spiritus odit accendo desolo error.', true, true, 'REFERRAL_STARTED', null),
       ('03681894-34a6-4ee0-9e5b-0d4cc939ce22', 'dcb71728-ba52-4a2a-8008-a64da3f9ae25', 'GJNYGD6', '3F2504E0-4F89-41D3-9A0C-0305E82C3301', 'Tracto thermae vulgus deficio sumptus. Curtus aeternus tripudio vinco voro commodi stipes balbus ex tondeo. Solitudo ullam tam ubi urbanus assentator capillus. Velociter amissio amissio.', false, false, 'AWAITING_ASSESSMENT', '2023-01-20T00:01:20.052Z'),
       ('99c6d758-175e-4c59-8441-84440865a577', '3dbf96a8-e499-497b-a581-7873aa0d8e4e', 'Y7RLN5A', '3F2504E0-4F89-41D3-9A0C-0305E82C3301', 'Curia usus defero villa temperantia. Audax traho distinctio vacuus capto. Voluptatibus vester omnis audentia decretum.', true, true, 'AWAITING_ASSESSMENT', '2023-09-29T14:52:37.214Z'),
       ('a8f2388d-5261-4589-aff9-c13ac8ae1476', 'b00ab153-8ba2-4844-9c7d-8d89c2c6eac7', 'ENMP9SL', '3F2504E0-4F89-41D3-9A0C-0305E82C3302', 'Conitor cupio carpo cauda conicio trucido saepe sponte. Pariatur adflicto ater absorbeo depraedor. Admoveo creta debilito spiritus explicabo clam alienus carus truculenter vita. Aufero appello statim attero cado cometes. Corrupti tracto solutio victoria adfectus verumtamen aureus molestiae cultellus.', true, false, 'AWAITING_ASSESSMENT', '2023-02-04T19:08:27.619Z'),
       ('5206847a-1008-4fff-a91f-e5aa3d86b7a6', '58c2bbb8-adba-4e4d-a0c5-c84297c2a6c5', 'HR1EQI2', '3F2504E0-4F89-41D3-9A0C-0305E82C3301', '', true, true, 'AWAITING_ASSESSMENT', '2023-07-16T00:36:34.582Z'),
       ('67f9f0af-6c31-41e3-a488-546a5c4910ce', '1ae3fafc-aa2d-4462-a1fe-0a10f9724ca6', 'ZRRCHJO', '3F2504E0-4F89-41D3-9A0C-0305E82C3301', 'Ascisco deprecator illum ultio undique absconditus admitto asper. Viridis apud statim conventus.', true, false, 'REFERRAL_SUBMITTED', '2023-03-11T12:49:21.120Z'),
       ('1b174ca2-b708-48d9-b9cd-b12b92127eff', '07d14e83-5a88-43b9-9b9a-2f9bf91a6b6f', '439P14J', '3F2504E0-4F89-41D3-9A0C-0305E82C3302', '', false, true, 'ASSESSMENT_STARTED', '2023-10-06T13:44:52.715Z'),
       ('a6c9d798-3a97-4cea-b73f-c9578127c039', '1cf98496-8410-4c8c-a333-36746e386976', 'ENMP9SL', '3F2504E0-4F89-41D3-9A0C-0305E82C3301', 'Dicta tenetur quidem ademptio adhuc victus voluptatem veniam stultus. Ubi id ago. Cena aro vicinus reprehenderit audeo umbra voluntarius tum carus tam. Magnam reiciendis in solitudo tonsor aestas pel ustilo cognatus. Deprimo creta adaugeo maiores comptus bene cunae aliquid ab acervus.', false, true, 'ASSESSMENT_STARTED', '2023-11-22T13:24:20.960Z'),
       ('f40a2874-7c0e-4abd-a858-f223d7311db6', '657ecdbc-9585-4bbf-91f6-78dd503568c9', '04P9F9E', '3F2504E0-4F89-41D3-9A0C-0305E82C3302', 'Degenero tutis viduo. Beneficium crudelis culpa bestia provident. Apto audeo non.', true, true, 'REFERRAL_STARTED', null),
       ('58e9e279-dd13-4635-95bd-990926896756', '2416da1f-55ff-41c5-9b15-77fc49f00c08', 'W8CHFHM', '3F2504E0-4F89-41D3-9A0C-0305E82C3302', 'Thesis blanditiis tempore aufero angelus. Supplanto confido mollitia vulgivagus cometes. Apparatus tabula contego angustus crustulum angustus eaque.', false, true, 'REFERRAL_SUBMITTED', '2023-11-13T14:07:34.807Z'),
       ('1233dccb-06f7-4d1d-a324-56691ef26c6a', '39cd3af4-11b3-44e2-b646-31efe4088b46', '64CR2JR', '3F2504E0-4F89-41D3-9A0C-0305E82C3302', 'Perspiciatis ancilla vehemens autus coadunatio. Certus vestigium armarium coerceo depopulo vito causa confido. Suffoco corrigo admitto calco uberrime asper cur tot.', true, false, 'REFERRAL_STARTED', null),
       ('6026c3f9-133d-4674-a707-a04c7d22d82f', '6a409f82-2e40-4b34-b6ef-057a10329cef', '175AQ4D', '3F2504E0-4F89-41D3-9A0C-0305E82C3301', 'Suscipit stella neque exercitationem cuppedia vulnero voro asperiores. Viridis corporis talis sono combibo vinco subvenio candidus. Saepe atqui tamquam advoco. Beatus absorbeo auxilium adflicto virtus ullus ver. Unus utrum perspiciatis cupiditas tergum curriculum conqueror.', false, true, 'AWAITING_ASSESSMENT', '2023-03-22T22:41:00.179Z'),
       ('ce0676d2-fe2c-48ef-af05-6f7d5462ad7b', '349e464b-7bd6-47b8-88e7-2dbec0967bcd', 'T5BR1XV', '3F2504E0-4F89-41D3-9A0C-0305E82C3301', '', false, false, 'REFERRAL_SUBMITTED', '2023-02-06T04:34:23.587Z'),
       ('bbfd51e7-67bb-4bc5-9b30-cf549a5f6d8a', 'cba70def-5769-4eba-ac66-1aedec4f3f7a', '64CR2JR', '3F2504E0-4F89-41D3-9A0C-0305E82C3301', 'Administratio teneo teres votum. Coma cura eius cura usitas antepono arcus cena hic at. Demo dolor asperiores supplanto.', true, true, 'AWAITING_ASSESSMENT', '2023-04-12T18:20:19.003Z'),
       ('5b5de99a-984b-4c92-9961-5582ce54caa1', '32cd2a5d-d51a-4114-b8d7-b06e8ca63317', 'ZM5KTFH', '3F2504E0-4F89-41D3-9A0C-0305E82C3302', 'Creator abduco amaritudo anser dedico ab aetas autus comminor. Cornu vociferor pax peccatus tero timidus. Sursum terga synagoga videlicet sponte molestias autem.', false, true, 'AWAITING_ASSESSMENT', '2023-11-28T06:04:37.674Z'),
       ('323a5e8e-e1cc-417d-95f1-76bca3052087', 'faa2a601-971e-494b-950d-c2925a3e1bc9', '04P9F9E', '3F2504E0-4F89-41D3-9A0C-0305E82C3302', 'Perspiciatis strenuus corroboro stillicidium suspendo altus sursum admoveo vilitas conicio. Peior tutis trado tubineus quos desino umbra. Suggero acidus ulciscor conservo. Distinctio vulnero ventosus thymum explicabo textilis carbo infit expedita. Tum patruus officiis derideo.', true, false, 'REFERRAL_STARTED', null),
       ('27b6bce1-16fb-42a1-873a-ef0fe960513b', '5be52d05-7ae6-4ac3-b766-61375ab150ff', 'F0SRSJ8', '3F2504E0-4F89-41D3-9A0C-0305E82C3301', 'Quaerat volva paulatim demonstro valens curis creta armarium. Colligo comes defero. Tergo tactus valetudo caelum terga perferendis turba. Laboriosam attollo cauda deserunt conscendo tendo cunabula quo. Amplexus nobis adsum caste vitae beneficium tabgo teneo decerno anser.', false, true, 'AWAITING_ASSESSMENT', '2023-07-21T18:19:04.652Z'),
       ('1f681729-6cca-48bf-a0b2-2a131082b73c', '354c11a3-4bd2-4cb8-9a0a-47a2d1ff9259', 'ZHL6G3M', '3F2504E0-4F89-41D3-9A0C-0305E82C3301', 'Cras nam absum. Aestus conatus celer placeat uxor totam balbus defluo cupressus ultra. Laboriosam valeo correptius decor vigilo stabilis usque debitis.', true, true, 'REFERRAL_SUBMITTED', '2023-04-07T15:53:49.521Z'),
       ('e752db04-b6b4-461a-a3ec-eec7f2e3cf80', '657ecdbc-9585-4bbf-91f6-78dd503568c9', 'XC1JMGC', '3F2504E0-4F89-41D3-9A0C-0305E82C3302', '', true, false, 'REFERRAL_STARTED', null),
       ('adba4a0c-885c-4d81-aee1-03c6a2d0c4bb', '1f5bb426-e783-4617-a0a1-149c106aa910', 'YG0X5TO', '3F2504E0-4F89-41D3-9A0C-0305E82C3301', 'Vobis ambitus eveniet ater amplitudo quis verus bestia colligo. Cresco verbum fugiat debitis crepusculum ustilo. Certus attollo tamquam curtus suffragium compello. Vomer abbas pectus articulus spectaculum.', false, false, 'REFERRAL_STARTED', null),
       ('a57adc5c-8847-441a-a08f-ad8f81dba65a', 'a21999b0-035c-4312-9333-08080ee3f362', 'AQ6V7KH', '3F2504E0-4F89-41D3-9A0C-0305E82C3302', 'Verus deorsum arguo.', true, false, 'REFERRAL_STARTED', null),
       ('03022775-36c6-4458-919a-0f609f61ea6f', 'b86bbb7f-a828-46d8-b2d0-f23a83ed6f9c', 'D7C2BPQ', '3F2504E0-4F89-41D3-9A0C-0305E82C3301', 'Solum cunae baiulus terminatio color. Appono cupressus blanditiis nemo vox cresco adimpleo arma error aegre. Subseco titulus trucido vinculum. Aspernatur solus aperio cultellus dedico vita hic considero. Adhuc adopto benigne aqua textilis.', false, false, 'ASSESSMENT_STARTED', '2023-01-23T05:55:06.444Z'),
       ('51e9f81b-4b16-4aab-b81a-fe96eacfd4a7', '4aec9169-3d38-4f02-8895-6249318ba7c0', '3CL85UT', '3F2504E0-4F89-41D3-9A0C-0305E82C3302', 'Degero turba civis officiis credo cibo taedium. Tredecim vallum cibus dapifer catena. Totus delinquo tum voluptates subseco debitis.', true, false, 'REFERRAL_STARTED', null),
       ('c0578908-29ca-48d8-ad71-9015a5d78315', 'a83f3ba1-6596-41e2-af8d-3a2905394823', '175AQ4D', '3F2504E0-4F89-41D3-9A0C-0305E82C3301', 'Delicate theologus sum thema. Vero patior accusantium vicinus temperantia. Aestas celo bonus sono. Contabesco comes aequus defungo aperte usus. Cui tener auxilium amplitudo.', false, false, 'AWAITING_ASSESSMENT', '2023-08-13T16:01:13.255Z'),
       ('8c9bc3db-9ed4-4707-bf09-d251eda7207c', 'bfe370d1-2661-4ca0-93ea-e5f26b63d6fd', '135A22I', '3F2504E0-4F89-41D3-9A0C-0305E82C3301', 'Ad admiratio campana abstergo claustrum ulciscor urbs surculus caries ipsum.', false, true, 'AWAITING_ASSESSMENT', '2023-02-28T03:17:35.359Z'),
       ('65672c5c-d97a-4921-9260-efd513257d7c', 'faa2a601-971e-494b-950d-c2925a3e1bc9', 'GJNYGD6', '3F2504E0-4F89-41D3-9A0C-0305E82C3302', 'Desolo adeptio desparatus decet iusto deporto cupressus taceo coma. Vinum sophismata tenus contabesco viscus comedo. Studio vespillo territo valeo cavus valens cinis torqueo asporto. Officia torqueo comitatus coniuratio tabula tantillus. Titulus comedo aeger.', false, false, 'ASSESSMENT_STARTED', '2023-04-12T16:49:32.786Z'),
       ('dea2d28a-ce6d-47ef-9a5a-8436f02ca588', '74e2a254-b726-4521-8c80-a40b12589bae', '1DULMVV', '3F2504E0-4F89-41D3-9A0C-0305E82C3302', 'Tamisium omnis spoliatio vinculum arbor voluptas tunc volo. Ducimus quia pauci depono supellex desidero deporto antiquus. Thema arx ait adeo desino. Sol cultura pel sulum caelestis uterque.', false, true, 'REFERRAL_STARTED', null),
       ('7eb7d9d1-c318-4163-84e6-7681a419675c', 'fa4a7761-2fb4-4cd1-a40b-7d65bab604b0', '64CR2JR', '3F2504E0-4F89-41D3-9A0C-0305E82C3302', 'Abundans consequatur suggero textus cinis curvo conforto capto tabgo acervus. Carpo depulso magni. Ipsa caterva agnosco testimonium adfero eius canonicus.', false, true, 'ASSESSMENT_STARTED', '2023-06-28T16:43:46.991Z'),
       ('afd3acf1-4f3c-4489-b991-d4be82326389', 'fbe00908-50c7-4e47-9b05-86347d105147', '1DULMVV', '3F2504E0-4F89-41D3-9A0C-0305E82C3302', 'Adopto conturbo arca. Sustineo cubicularis spes libero ab cognatus sustineo sint conqueror demonstro. Odit quam timor decretum cerno incidunt corrupti eligendi admiratio solio.', false, true, 'REFERRAL_STARTED', null),
       ('461e3a2d-3c5b-4459-81f2-e9f0888217da', 'e1ae7f51-d517-4a5a-885e-9aae96efdceb', 'ENMP9SL', '3F2504E0-4F89-41D3-9A0C-0305E82C3302', '', true, true, 'REFERRAL_SUBMITTED', '2023-05-17T12:27:14.535Z'),
       ('3f7ccfae-eaa2-4af9-ad18-76839ac0b6a0', '324daf65-fb08-4163-b545-e151f9c57a51', 'B9C83GE', '3F2504E0-4F89-41D3-9A0C-0305E82C3302', '', true, true, 'REFERRAL_SUBMITTED', '2023-12-01T13:28:56.420Z'),
       ('de5ffff1-e2e0-401e-8c6e-d08b3c6258c9', '87e11b45-f6ae-4984-bdac-52ff7c12f519', '4CUT1G4', '3F2504E0-4F89-41D3-9A0C-0305E82C3301', 'Celo voluptates caveo.', false, true, 'REFERRAL_STARTED', null),
       ('d01d5997-7c31-4fd4-91e1-5ca6a7351dff', 'bfe370d1-2661-4ca0-93ea-e5f26b63d6fd', '27LD9LP', '3F2504E0-4F89-41D3-9A0C-0305E82C3301', 'Surculus a thalassinus decens calco confugo apto quos varietas. Terebro sustineo nostrum communis fugit.', false, false, 'ASSESSMENT_STARTED', '2023-08-15T03:21:52.927Z'),
       ('27727507-ed75-4e3f-bb5e-4abafdc577e4', '62117db1-fb73-4f9f-9d07-f85c2b736600', '27LD9LP', '3F2504E0-4F89-41D3-9A0C-0305E82C3302', 'Acquiro defendo adficio comburo audeo. Nesciunt demum dedecor substantia pariatur. Tenus deduco vado adinventitias calamitas tendo acervus admoneo.', false, true, 'AWAITING_ASSESSMENT', '2023-11-18T12:23:07.127Z'),
       ('dd0a1883-d830-4439-8408-5b6acc7092dc', 'cfb6bb50-3d79-4ea7-8c7d-ad1d21fcfbbe', 'USULN51', '3F2504E0-4F89-41D3-9A0C-0305E82C3302', 'Delibero aetas cibus ademptio sono delectatio celebrer vito tricesimus cornu. Tantillus vacuus deprimo vicinus vado arma. Depopulo cupiditate contigo adsum vulgo vorax veritas.', true, true, 'REFERRAL_STARTED', null),
       ('b38f20eb-bbb8-4ba8-8bf1-ef6fa364b9c3', 'fba839ad-6d31-4e97-b87f-953d24e78d7d', 'ZRRCHJO', '3F2504E0-4F89-41D3-9A0C-0305E82C3301', 'Cervus amoveo demitto rem virgo ut beneficium. Verumtamen consectetur cetera iusto civis corporis urbanus pecus comminor audio. Virtus caste bestia.', false, true, 'AWAITING_ASSESSMENT', '2023-11-17T01:04:26.200Z'),
       ('54ed79e2-0ba6-4274-bea6-98cca1ea201c', '9f519e62-66ef-41c4-a638-794d955a64c4', 'T5BR1XV', '3F2504E0-4F89-41D3-9A0C-0305E82C3301', 'Stipes amissio capitulus. Vero sophismata conculco suppellex desidero aptus venustas copia triduana.', true, false, 'ASSESSMENT_STARTED', '2023-01-04T00:25:05.366Z'),
       ('a8737a99-1317-4b35-871c-150ebae7af4b', '84a9255f-dbeb-4bce-b874-532774080afd', 'UY1N011', '3F2504E0-4F89-41D3-9A0C-0305E82C3302', 'Eos delinquo vociferor vitium correptius attonbitus combibo reiciendis aranea tametsi. Fugiat quidem agnosco soleo asporto veniam. Urbanus non quae sponte dicta absorbeo verumtamen. Tabgo ducimus cervus quis. Creptio apud synagoga ventito.', false, true, 'REFERRAL_SUBMITTED', '2023-09-06T19:06:27.321Z'),
       ('930ed2bb-849c-488f-83fe-1f4cc203d017', 'b3c900fd-3af8-41fd-99da-e1e0254232cc', 'YG0X5TO', '3F2504E0-4F89-41D3-9A0C-0305E82C3301', 'Vulgo patrocinor coerceo centum baiulus voluptatem. Harum taceo veniam. Basium abutor coadunatio audacia defessus combibo.', false, false, 'AWAITING_ASSESSMENT', '2023-09-17T23:48:16.255Z'),
       ('46ecb719-8240-4c4f-a2a6-d6d384d21d89', '9e71e8d4-eae4-4e67-bab8-f075c7f4671a', 'ZRRCHJO', '3F2504E0-4F89-41D3-9A0C-0305E82C3302', 'Vulgo undique acidus tredecim cogito ipsum cuppedia delicate studio cimentarius. Aufero asporto pecco quas abundans auctor abeo confero praesentium creator. Defaeco auxilium umquam adeptio. Suscipio succedo testimonium crustulum alienus crapula. Placeat tantum tersus minima.', false, true, 'REFERRAL_SUBMITTED', '2023-02-12T19:39:57.479Z'),
       ('e6cee2b9-b723-4a56-9a04-b6cc172b47c9', '95d8e522-13c0-4392-9e4d-b491c36e75be', '439P14J', '3F2504E0-4F89-41D3-9A0C-0305E82C3301', 'Agnosco utpote tollo earum sophismata totidem cursim aegrus. Trucido temeritas error. Convoco vox varius aliquam stella astrum concido cognatus.', true, true, 'AWAITING_ASSESSMENT', '2023-07-08T05:03:58.295Z'),
       ('c76bc8ff-7d98-43ec-b590-80c4cb5ee401', '75c3be0c-b899-46b9-8112-03b33ba7b496', 'UY1N011', '3F2504E0-4F89-41D3-9A0C-0305E82C3302', 'Aduro caste decimus. Ullam ambulo et comedo vorax subvenio. Utor copiose arx deporto cerno contigo illo audacia ducimus.', true, true, 'REFERRAL_STARTED', null),
       ('c1f3b14c-ce26-4182-b2ec-b9c2ddee448c', 'db3bdbdb-ec43-42cf-b753-a7292c277bc3', '4CUT1G4', '3F2504E0-4F89-41D3-9A0C-0305E82C3302', 'Usitas earum temporibus subiungo amissio aut comparo tergo aegrus cupiditate. Tertius cohibeo iure angelus terminatio appello. Ars curtus tenetur contigo. Cornu apparatus rerum villa voluptatibus. Cogito tergo molestiae vita patruus tenax sophismata.', false, false, 'REFERRAL_SUBMITTED', '2022-12-17T06:15:57.037Z'),
       ('95ef7624-ca09-466f-b968-8b56405edfa8', 'bb7fc0b9-33a4-4ef1-8bf5-57fc7ceb2dee', 'D7C2BPQ', '3F2504E0-4F89-41D3-9A0C-0305E82C3302', 'Vespillo demoror tantum. Commemoro voluptas ambulo carbo tamquam.', true, true, 'ASSESSMENT_STARTED', '2023-02-03T08:05:29.865Z'),
       ('ecda3da8-03d4-40de-9de4-fab92ac5acb2', '3924e0db-5a8e-4510-b7de-32806105eed0', 'XMHCORV', '3F2504E0-4F89-41D3-9A0C-0305E82C3302', '', false, false, 'AWAITING_ASSESSMENT', '2022-12-19T06:32:36.643Z'),
       ('a5371c03-e27f-418c-86a7-1f33436bf0f8', '79e4c38e-c1e5-4ec1-93ac-27e590fb8607', '64CR2JR', '3F2504E0-4F89-41D3-9A0C-0305E82C3302', 'Strenuus vereor sub. Inflammatio cetera defero.', false, true, 'REFERRAL_STARTED', null),
       ('44ee2cc6-57fe-487d-b8a6-5b9a126e6753', 'e32ce61d-61f5-43ea-a975-bf8ce72dad1a', '27LD9LP', '3F2504E0-4F89-41D3-9A0C-0305E82C3301', 'Tolero aranea voluptates volaticus torrens vespillo truculenter somniculosus aduro.', true, true, 'REFERRAL_STARTED', null),
       ('f2087102-91fb-467d-8043-94f929c56ffc', '4fc86ccb-02a4-4c5b-a2f6-5e8e41578bb3', 'VXKGG1D', '3F2504E0-4F89-41D3-9A0C-0305E82C3302', 'Triumphus thymum sonitus carpo patior. Sint civitas tempore sed eos crapula delinquo sub thesis suus. Vulnero tener curo pauper. Adfero abstergo amplus.', true, true, 'AWAITING_ASSESSMENT', '2023-09-10T09:25:59.681Z'),
       ('381b8054-2c0e-49b1-a830-b4477498495d', 'd2a2872e-1ef2-411e-a4fc-3515d451a1a3', 'C5OR3SQ', '3F2504E0-4F89-41D3-9A0C-0305E82C3302', 'Adduco villa abundans rem arca velit infit beneficium arbustum. Causa desolo pauper vitium. Ustulo suffragium voco cumque optio. Aperte arcesso calamitas solus.', false, false, 'REFERRAL_SUBMITTED', '2023-06-21T22:50:13.819Z'),
       ('dbb9d92b-1c1a-45d8-8335-345314303fca', 'b8b0fe68-1112-4672-a798-c8979b14147f', 'WMRXAKU', '3F2504E0-4F89-41D3-9A0C-0305E82C3302', '', false, false, 'REFERRAL_SUBMITTED', '2023-04-13T20:46:19.205Z'),
       ('e433f5be-132a-4f26-9c59-364b52becb32', '5cb6c84a-5bc9-4114-b3f6-fd94b8e1d44c', 'USULN51', '3F2504E0-4F89-41D3-9A0C-0305E82C3302', 'Cohors contigo amplus aut denuncio aeternus avaritia fugiat vitae. Amet laboriosam centum suppellex adopto. Corona corporis talio vilicus ipsum.', true, true, 'AWAITING_ASSESSMENT', '2023-11-30T05:04:05.111Z'),
       ('b144caf1-c6bf-4078-bd42-6629c1231da8', 'e4bccc5b-d9aa-438a-88b4-c6a5f3865a9f', 'YZ6RBNN', '3F2504E0-4F89-41D3-9A0C-0305E82C3302', 'Perspiciatis cruentus vilitas auctus angulus adulatio claustrum. Reprehenderit tribuo defluo. Caterva vitae vulgo volubilis perspiciatis suscipio tui.', false, false, 'ASSESSMENT_STARTED', '2023-07-04T12:11:17.274Z'),
       ('2701d735-2049-4ce7-9dd6-85bdb115955a', '3d84d77e-bbad-42b7-9f7d-43e8a1366f11', 'D7C2BPQ', '3F2504E0-4F89-41D3-9A0C-0305E82C3302', 'Id atqui calamitas despecto terra spes clam consectetur. Cito defero vetus venio iusto. Deserunt vesco debeo vere.', false, true, 'AWAITING_ASSESSMENT', '2023-02-16T07:59:50.024Z'),
       ('ccad0c90-6a61-4892-b2ca-cd18bdada825', '7734e7bb-4248-44bc-8022-d2ce9b2babd4', '64CR2JR', '3F2504E0-4F89-41D3-9A0C-0305E82C3302', 'Caritas deinde deripio cena vulnus beneficium ultio abutor voluptas ubi. Magnam adflicto uredo substantia amplitudo doloribus verbera cruentus. Claustrum sophismata triumphus alo ipsum a votum voluptas suus.', false, true, 'REFERRAL_STARTED', null),
       ('d718b6e2-ccaa-4940-a231-71f9adfccf53', '90bd0160-80ae-4f78-be2b-a8f96dc36670', 'A0O6ENK', '3F2504E0-4F89-41D3-9A0C-0305E82C3302', 'Vulnero summopere fugiat deorsum incidunt demens sursum tendo cubitum cohaero. Summisse caelum consequuntur vita temeritas totus adduco. Solum eveniet tamquam tenus confido. Degero tres odit.', true, false, 'ASSESSMENT_STARTED', '2023-09-28T06:54:09.393Z'),
       ('3b867a3c-77b4-421c-8cd3-d573783bae82', '5c317f25-b21c-4307-9cbd-8da2ea6555f4', '439P14J', '3F2504E0-4F89-41D3-9A0C-0305E82C3301', 'Blandior confero possimus. Amicitia crastinus doloribus vere ratione aranea vulticulus testimonium tredecim. Advoco sperno textus cupiditate cernuus aequitas voluptates. Delectus vero caute mollitia tondeo abstergo.', false, true, 'REFERRAL_STARTED', null),
       ('2f66cdb9-45fe-4aa0-8cd2-4716fef18ffd', 'e4bccc5b-d9aa-438a-88b4-c6a5f3865a9f', 'PELXHKC', '3F2504E0-4F89-41D3-9A0C-0305E82C3301', '', true, true, 'ASSESSMENT_STARTED', '2023-08-25T23:12:36.397Z'),
       ('f114c5db-57d0-443c-be1a-94984a9424a7', '2afd4b78-9908-4ea5-a2d9-2206d46e953a', 'TXWAMYX', '3F2504E0-4F89-41D3-9A0C-0305E82C3301', 'Alius quia fuga ipsam texo creber adduco vivo tabernus adficio.', false, true, 'AWAITING_ASSESSMENT', '2023-06-07T22:21:57.939Z'),
       ('3966a69e-e870-4e70-9224-3842b5430d6f', 'd13061b4-f4db-4adb-9c00-7f6292d16b5e', 'ZM5KTFH', '3F2504E0-4F89-41D3-9A0C-0305E82C3301', 'Alioqui illum aro suppono ea cupressus temperantia. Arbitro corona bis neque tenetur uredo carmen vulnero tergo ait.', true, false, 'REFERRAL_STARTED', null),
       ('7b0ea5a0-7e4f-4264-bb11-baeb6dd36ad8', '2c898761-5826-4072-aa1e-f895a4ba888e', 'D124Z3L', '3F2504E0-4F89-41D3-9A0C-0305E82C3301', 'Demum certus arx at neque.', false, true, 'REFERRAL_STARTED', null),
       ('c1eb3f86-7fe0-4894-b6ad-d9104fd67397', 'b795e5b4-2b66-4acb-997d-55f0500980f4', '175AQ4D', '3F2504E0-4F89-41D3-9A0C-0305E82C3302', 'Barba temptatio ratione copia vehemens pecus illum thesaurus odio.', false, false, 'REFERRAL_SUBMITTED', '2023-07-09T19:04:18.229Z'),
       ('8ae301a2-8cb5-4325-a54e-95639320e0f7', '04d09020-ae28-4b6f-a48c-d2ce9e47dd83', 'N24RBH2', '3F2504E0-4F89-41D3-9A0C-0305E82C3301', '', false, true, 'AWAITING_ASSESSMENT', '2023-05-21T10:27:45.198Z'),
       ('dcbb91c0-072f-4534-a493-7f255ad9f973', '8ebeb281-88f8-47f8-af1f-30a764da4c40', '04P9F9E', '3F2504E0-4F89-41D3-9A0C-0305E82C3302', 'Centum velut calamitas calculus aer aestus uredo angustus agnitio carpo. Crepusculum tendo tenetur terminatio. Sursum suppono thymum desolo texo. Contego sum contra turpis. Deprecator solitudo civis titulus numquam tenus sol bellicus cotidie.', false, true, 'REFERRAL_SUBMITTED', '2023-02-26T04:46:16.321Z'),
       ('fe6dea43-c544-49de-b02d-edf855b46da6', '20c77e80-ec2f-46a0-966f-7fe22e647ee2', 'D7C2BPQ', '3F2504E0-4F89-41D3-9A0C-0305E82C3302', 'Teres vel cogito utique. Adstringo aeternus tergeo corpus. Tamdiu vehemens cervus assentator aer apto. Corroboro annus vesco sponte vindico coniecto. Venio sonitus utor qui.', true, false, 'REFERRAL_STARTED', null),
       ('aa56e0fe-7937-4a92-b062-e21e1fd506b7', '78d8c23b-c5bc-4ce0-a518-ee4fc5911216', 'Y7RLN5A', '3F2504E0-4F89-41D3-9A0C-0305E82C3302', 'Subvenio arbitro comparo aedificium adeo acidus facilis curatio canonicus. Capillus demum tribuo vicinus abstergo. Compello arto uterque aetas benigne tracto volo.', true, true, 'REFERRAL_SUBMITTED', '2023-08-07T08:20:24.062Z'),
       ('d9b233e3-77a8-4ea6-af80-ee0001d82f2a', '05e297cd-a206-40d3-89e0-64790f3b5551', 'JTWZW2E', '3F2504E0-4F89-41D3-9A0C-0305E82C3301', 'Acer sollicito conatus reprehenderit ciminatio vita clarus. Curvo caritas xiphias. Vulticulus volutabrum acerbitas casso vitae somnus.', false, true, 'ASSESSMENT_STARTED', '2023-09-26T10:08:36.761Z'),
       ('719d7a9d-02b9-4dea-a513-2c1126ab694e', '8e6e80e1-bf55-410c-bf89-a75e85191d0f', '135A22I', '3F2504E0-4F89-41D3-9A0C-0305E82C3302', 'Voluptates ago claustrum capto eaque denuncio ante. Vicissitudo eaque taceo conduco.', true, true, 'ASSESSMENT_STARTED', '2023-11-15T15:05:18.964Z'),
       ('ce943f52-f08c-48c4-8c1e-bc91aad3b656', '6571ae27-3f1f-4720-8449-3ae0acdae377', 'P0N4050', '3F2504E0-4F89-41D3-9A0C-0305E82C3301', 'Vitium aiunt reprehenderit vox terreo coepi bonus cuppedia aeneus.', true, false, 'AWAITING_ASSESSMENT', '2023-09-01T17:21:01.544Z'),
       ('3c6f933b-96df-4bf7-842b-6e57cb47af3f', '73d4d52c-3337-4ba0-b6f8-463562bfeccc', 'UZB7W3A', '3F2504E0-4F89-41D3-9A0C-0305E82C3301', 'Pariatur degero clam adipiscor dedecor tardus conor adimpleo. Teres claustrum soleo turba crur caries beneficium nesciunt dapifer.', true, true, 'ASSESSMENT_STARTED', '2023-06-11T00:38:30.283Z'),
       ('502709c2-4403-4308-b68e-d2218718abff', '080ba5c4-6492-4326-bf28-2c9638df23d4', 'F0SRSJ8', '3F2504E0-4F89-41D3-9A0C-0305E82C3301', 'Universe acerbitas summisse denuncio error sto tepidus. Demitto dedico vis.', false, false, 'REFERRAL_STARTED', null),
       ('3210f5a7-0fda-4774-9d8e-03901851dc3d', '0b3a8e54-a21b-4abf-9e89-92a738be2b99', 'F0SRSJ8', '3F2504E0-4F89-41D3-9A0C-0305E82C3302', 'Adsum temeritas circumvenio decor cunabula ascisco vilicus patior. Cotidie delego copiose vilis dolorem capto sordeo. Animadverto libero volubilis decipio tenus. Crapula claudeo pax vis conatus.', true, false, 'REFERRAL_SUBMITTED', '2023-01-06T23:15:53.024Z'),
       ('9177783b-f6c0-46df-94c1-a2a005e6859e', 'e6b37d9b-e83b-47a6-a3d0-15a5ac72765e', 'VXKGG1D', '3F2504E0-4F89-41D3-9A0C-0305E82C3302', 'Compono vorax nostrum taceo sum.', true, true, 'REFERRAL_STARTED', null),
       ('fec04a64-b249-4f05-955f-02fd081de67d', '2af4669f-caff-4353-a6aa-14d49aca93e2', '135A22I', '3F2504E0-4F89-41D3-9A0C-0305E82C3302', '', false, true, 'REFERRAL_STARTED', null),
       ('107b003f-b836-4689-a982-8e22f2eced18', '4b2dd45a-7f2b-4714-9603-d47cd1c64b07', 'ZHL6G3M', '3F2504E0-4F89-41D3-9A0C-0305E82C3302', '', true, true, 'REFERRAL_STARTED', null),
       ('626d6a6f-e849-4831-b77e-1b31762c7711', '7f9263df-de12-40fe-bc52-b7c62bcd364e', 'WMRXAKU', '3F2504E0-4F89-41D3-9A0C-0305E82C3302', 'Denuo adnuo inflammatio usus textilis vinculum sopor tertius suspendo bene. Sordeo appello caries creo adeo arcesso civis vulgus. Demitto necessitatibus tibi in veritas demo laudantium alveus laborum vado. Utilis delectatio decimus complectus tergeo.', false, true, 'REFERRAL_STARTED', null),
       ('ce8e8bb7-7227-4396-9e56-6b30700e922d', 'dba1e30d-45db-46cc-8066-05f7b0827f5a', 'YG0X5TO', '3F2504E0-4F89-41D3-9A0C-0305E82C3301', 'Ventosus qui tendo. Varietas texo socius uredo. Alias est apto decumbo umerus terra.', true, true, 'AWAITING_ASSESSMENT', '2023-09-09T03:11:22.986Z'),
       ('35660998-d441-4245-a405-fc8ba20df69a', 'c3b13c3a-be4a-4fb5-8f41-dcd6afc31178', 'C5OR3SQ', '3F2504E0-4F89-41D3-9A0C-0305E82C3301', '', false, true, 'REFERRAL_SUBMITTED', '2023-06-11T06:22:57.621Z'),
       ('2a88aee5-f706-4708-b486-c41964811459', 'b7437e28-5fdc-408e-9519-b777968e500a', 'PELXHKC', '3F2504E0-4F89-41D3-9A0C-0305E82C3301', 'Carmen tener spoliatio varius quas dolore totidem cupressus hic suffoco. Demo vulpes varietas deficio approbo umerus soluta stultus debilito. Cotidie unus socius sui suffoco debilito congregatio minus commemoro.', true, true, 'ASSESSMENT_STARTED', '2023-10-28T08:06:36.682Z'),
       ('d9828dd3-d8d5-40c2-8697-2a9a84a74ccc', '921297b0-42e4-428d-912d-42d58544699b', '1DULMVV', '3F2504E0-4F89-41D3-9A0C-0305E82C3302', '', true, true, 'ASSESSMENT_STARTED', '2023-11-17T00:30:47.228Z'),
       ('ac63036c-7d8a-44fc-9f06-4bbfed21c3f2', 'dcf94933-b6b1-4b23-a73c-97bf29bb1a84', '3CL85UT', '3F2504E0-4F89-41D3-9A0C-0305E82C3301', 'Timor approbo apto. Degusto verus curo vesica allatus adeptio nesciunt degero voluntarius crapula. Administratio aperiam deorsum arcesso catena numquam clementia subiungo culpa. Sustineo consectetur doloribus adversus.', false, true, 'ASSESSMENT_STARTED', '2023-11-01T14:44:44.717Z'),
       ('03d96fd2-1ad9-4df9-9dbd-f22d5ee9fcdc', 'f8f4cb91-e3f5-4fb3-a281-2ae29f280999', 'YG0X5TO', '3F2504E0-4F89-41D3-9A0C-0305E82C3302', 'Curriculum alveus auditor vulnero cultellus.', true, true, 'ASSESSMENT_STARTED', '2023-02-15T21:51:18.028Z'),
       ('40513f26-1861-40cb-9628-bcd0f47ea6a3', 'd516388b-295f-48b4-a239-5f9dd7e6924a', 'ZRRCHJO', '3F2504E0-4F89-41D3-9A0C-0305E82C3301', '', true, false, 'REFERRAL_SUBMITTED', '2023-05-24T02:28:07.377Z'),
       ('664e8319-0912-4203-be89-48e8e94d6212', 'aef73c49-47ab-4f6c-8fed-27678828ab47', 'ENMP9SL', '3F2504E0-4F89-41D3-9A0C-0305E82C3301', 'Atqui possimus timidus iste advenio minus aptus. Trucido adsidue sono thorax canto solitudo video thermae tubineus. Una vulnero sublime textilis coadunatio.', false, true, 'REFERRAL_SUBMITTED', '2023-01-28T07:31:00.724Z'),
       ('fb45ef24-2a89-4e64-bc87-03e15c8c18be', 'f91c500e-55a1-4138-9b9f-c9413a9f8320', 'JTWZW2E', '3F2504E0-4F89-41D3-9A0C-0305E82C3301', '', true, false, 'ASSESSMENT_STARTED', '2023-04-25T04:21:25.414Z'),
       ('7cca99c8-52f5-4a70-998b-df965158f78e', '41680b09-7bb3-4bc0-bb05-79c8a15f6a29', '04P9F9E', '3F2504E0-4F89-41D3-9A0C-0305E82C3302', 'Vetus vigilo validus a. Conservo caterva tres subito laudantium defungo vorago vitae utilis nemo. Dedico tergeo adsidue stips.', true, false, 'REFERRAL_STARTED', null);
