-- Changes to this script should ideally be made by updating and rerunning the UI script documented at
-- https://github.com/ministryofjustice/hmpps-accredited-programmes-ui/blob/main/README.md#seeded-resources

DELETE from referral;
DELETE from referrer_user;
DELETE from offering;
DELETE from course_audience;
DELETE from audience;
DELETE from prerequisite;
DELETE from course;

INSERT INTO course(course_id, name, identifier, description, alternate_name, referable)
VALUES ('3feba9e7-a716-4a3d-9d7b-258171ba1166', 'Indigo Course', 'IC0', 'Alo vereor abduco cur caveo vulgo. Vulgo somniculosus balbus tergum conqueror vado antea. Usus tricesimus officiis viriliter abstergo amoveo carbo aurum cicuta.', 'IC', true),
       ('e710bbe3-c26e-494a-83ae-11c94664fe7a', 'Olive Course', 'OC1', 'Pectus creptio assentator statim aequitas tergo cometes desparatus somnus. Audax defessus dapifer.', 'OC', true),
       ('77dbf5d0-4c86-434d-9d26-aff276447698', 'White Course', 'WC2', 'Ipsum audax pecco aiunt decretum. Distinctio spectaculum adstringo vespillo sulum tantum corrumpo cibus. Stipes addo aestas villa aperio. Vos animi tardus quo defleo vulticulus despecto patior. Aeger coniuratio quisquam tametsi quisquam cuius argumentum spes.', 'WC', true),
       ('310a57b9-c541-4a44-829b-43a037649d9e', 'Plum Course', 'PC3', 'Doloribus desolo aiunt vapulus ut vester cursus. Addo crebro sum volup ventus. Votum sono ubi paulatim uberrime ipsum arca. Viduo tenuis ascisco audax accusator approbo. Tersus ulterius aduro. Ut strenuus turbo degenero cursim solium.', 'PC', true),
       ('5d8e6ab8-69b3-4464-a3fb-7768acc733c8', 'Ivory Course', 'IC4', 'Peccatus benevolentia stultus. Urbs autem defaeco cohibeo cubo circumvenio. Non tepesco quo. Termes umerus veritas capto confido arca arbor commodo. Deripio depraedor teres civitas sopor.', 'IC', true),
       ('de6c6c44-3194-4605-a383-f66fe512c5f3', 'Lavender Course', 'LC5', 'Ea vestrum angustus alter reprehenderit valde colligo. Appello administratio totidem incidunt a talis ventito. Caute undique demonstro deinde blandior tutis uxor. Cornu depulso pecco aureus.', 'LC', true),
       ('5148cfcd-0daf-45e4-a560-4d899409944a', 'Green Course', 'GC6', 'Comis subnecto avaritia audacia suggero culpo turbo sufficio. Decipio verto delibero ulterius comitatus ex terga. Quis xiphias comprehendo tabella supellex denego vaco. Facere denego corpus canonicus. Assentator laborum adimpleo cerno sursum terebro defendo concido dolorem uterque. Peccatus patrocinor esse suffoco tenuis turpis venia autus vitium.', 'GC', true),
       ('72e4d75f-32a3-4de4-b354-561f98fbf161', 'Blue Course', 'BC7', 'Perspiciatis sperno aequitas contigo vicinus suscipit adimpleo vulnero. Vulgo summopere hic aqua amplus umquam tres. Eligendi certe minus ater desidero. Tamquam caelum decipio asper creptio attonbitus videlicet suadeo. Adstringo ullus tergo asperiores. Alveus antea ascisco vulgaris error beatae corporis deprecator.', 'BC', true),
       ('a4cebc23-9298-47cd-b91f-242f2b7cfce4', 'Yellow Course', 'YC8', 'Admiratio ea aetas confugo. Succedo sui quam pecco acquiro. Studio anser minima commemoro apto damno consectetur quibusdam ater tego. Sol numquam barba attero adopto tabernus. Cunae iure corpus bibo tempore celer combibo.', 'YC', false),
       ('a9b9572f-2e90-47e8-ab09-9d112bfa6db3', 'Teal Course', 'TC9', 'Ipsam annus tot aiunt casus labore argentum abstergo. Vacuus accusator calamitas hic. Adsum sordeo voluptates cruentus talis amita damnatio labore brevis voluptatum.', 'TC', false);
       ('a9b9572f-2e90-47e8-ab09-9d112bfa6db4', 'Teal Course', 'TC9', 'Ipsam annus tot aiunt casus labore argentum abstergo. Vacuus accusator calamitas hic. Adsum sordeo voluptates cruentus talis amita damnatio labore brevis voluptatum.', 'TC', false);

INSERT INTO prerequisite(course_id, name, description)
VALUES ('3feba9e7-a716-4a3d-9d7b-258171ba1166', 'Setting', 'Custody'),
       ('3feba9e7-a716-4a3d-9d7b-258171ba1166', 'Gender', 'Male only'),
       ('3feba9e7-a716-4a3d-9d7b-258171ba1166', 'Risk criteria', 'High ESARA/SARA/OVP, High OGRS'),
       ('e710bbe3-c26e-494a-83ae-11c94664fe7a', 'Setting', 'Custody'),
       ('e710bbe3-c26e-494a-83ae-11c94664fe7a', 'Gender', 'Male only'),
       ('e710bbe3-c26e-494a-83ae-11c94664fe7a', 'Risk criteria', 'High ESARA/SARA/OVP, High OGRS'),
       ('77dbf5d0-4c86-434d-9d26-aff276447698', 'Setting', 'Custody'),
       ('77dbf5d0-4c86-434d-9d26-aff276447698', 'Gender', 'Male only'),
       ('77dbf5d0-4c86-434d-9d26-aff276447698', 'Risk criteria', 'High ESARA/SARA/OVP, High OGRS'),
       ('310a57b9-c541-4a44-829b-43a037649d9e', 'Setting', 'Custody'),
       ('310a57b9-c541-4a44-829b-43a037649d9e', 'Gender', 'Male only'),
       ('310a57b9-c541-4a44-829b-43a037649d9e', 'Risk criteria', 'High ESARA/SARA/OVP, High OGRS'),
       ('5d8e6ab8-69b3-4464-a3fb-7768acc733c8', 'Setting', 'Custody'),
       ('5d8e6ab8-69b3-4464-a3fb-7768acc733c8', 'Gender', 'Male only'),
       ('5d8e6ab8-69b3-4464-a3fb-7768acc733c8', 'Risk criteria', 'High ESARA/SARA/OVP, High OGRS'),
       ('de6c6c44-3194-4605-a383-f66fe512c5f3', 'Setting', 'Custody'),
       ('de6c6c44-3194-4605-a383-f66fe512c5f3', 'Gender', 'Male only'),
       ('de6c6c44-3194-4605-a383-f66fe512c5f3', 'Risk criteria', 'High ESARA/SARA/OVP, High OGRS'),
       ('5148cfcd-0daf-45e4-a560-4d899409944a', 'Setting', 'Custody'),
       ('5148cfcd-0daf-45e4-a560-4d899409944a', 'Gender', 'Male only'),
       ('5148cfcd-0daf-45e4-a560-4d899409944a', 'Risk criteria', 'High ESARA/SARA/OVP, High OGRS'),
       ('72e4d75f-32a3-4de4-b354-561f98fbf161', 'Setting', 'Custody'),
       ('72e4d75f-32a3-4de4-b354-561f98fbf161', 'Gender', 'Male only'),
       ('72e4d75f-32a3-4de4-b354-561f98fbf161', 'Risk criteria', 'High ESARA/SARA/OVP, High OGRS'),
       ('a4cebc23-9298-47cd-b91f-242f2b7cfce4', 'Setting', 'Custody'),
       ('a4cebc23-9298-47cd-b91f-242f2b7cfce4', 'Gender', 'Male only'),
       ('a4cebc23-9298-47cd-b91f-242f2b7cfce4', 'Risk criteria', 'High ESARA/SARA/OVP, High OGRS'),
       ('a9b9572f-2e90-47e8-ab09-9d112bfa6db3', 'Setting', 'Custody'),
       ('a9b9572f-2e90-47e8-ab09-9d112bfa6db3', 'Gender', 'Male only'),
       ('a9b9572f-2e90-47e8-ab09-9d112bfa6db3', 'Risk criteria', 'High ESARA/SARA/OVP, High OGRS');

INSERT INTO audience(audience_id, audience_value)
VALUES ('2154b65a-8b03-495c-b6d6-f2f1ea6b3cc3', 'Sexual offence'),
       ('e0884c8a-5639-4b1e-8263-010a4a492eed', 'Extremism offence'),
       ('4344a2ec-3cff-44c6-9cbf-cd703871965c', 'Gang offence'),
       ('1c2ea59d-26e8-45ec-9408-fa5a68c8277e', 'General violence offence'),
       ('7da9bab6-a981-4ec7-8fd8-8f315b690622', 'Intimate partner violence offence'),
       ('83c404c7-4dbc-4193-aa1f-75d393e0675c', 'General offence');

INSERT INTO course_audience(course_id, audience_id)
VALUES ('3feba9e7-a716-4a3d-9d7b-258171ba1166', '83c404c7-4dbc-4193-aa1f-75d393e0675c'),
       ('e710bbe3-c26e-494a-83ae-11c94664fe7a', '83c404c7-4dbc-4193-aa1f-75d393e0675c'),
       ('77dbf5d0-4c86-434d-9d26-aff276447698', '1c2ea59d-26e8-45ec-9408-fa5a68c8277e'),
       ('310a57b9-c541-4a44-829b-43a037649d9e', 'e0884c8a-5639-4b1e-8263-010a4a492eed'),
       ('5d8e6ab8-69b3-4464-a3fb-7768acc733c8', '2154b65a-8b03-495c-b6d6-f2f1ea6b3cc3'),
       ('de6c6c44-3194-4605-a383-f66fe512c5f3', '4344a2ec-3cff-44c6-9cbf-cd703871965c'),
       ('5148cfcd-0daf-45e4-a560-4d899409944a', '4344a2ec-3cff-44c6-9cbf-cd703871965c'),
       ('72e4d75f-32a3-4de4-b354-561f98fbf161', '2154b65a-8b03-495c-b6d6-f2f1ea6b3cc3'),
       ('a4cebc23-9298-47cd-b91f-242f2b7cfce4', '1c2ea59d-26e8-45ec-9408-fa5a68c8277e'),
       ('a9b9572f-2e90-47e8-ab09-9d112bfa6db3', '7da9bab6-a981-4ec7-8fd8-8f315b690622'),
       ('a9b9572f-2e90-47e8-ab09-9d112bfa6db4', '7da9bab6-a981-4ec7-8fd8-8f315b690622');

INSERT INTO offering(offering_id, course_id, organisation_id, contact_email, secondary_contact_email)
VALUES ('d5b71397-50e4-471b-a25c-a92dcad20472', '77dbf5d0-4c86-434d-9d26-aff276447698', 'MRI', 'nobody-mri@digital.justice.gov.uk', null),
       ('66341e19-0739-4196-ade1-7c8986c1f83d', '5d8e6ab8-69b3-4464-a3fb-7768acc733c8', 'MRI', 'nobody-mri@digital.justice.gov.uk', null),
       ('a7feeb96-925e-4dee-9c33-525bfcd1bfa0', '310a57b9-c541-4a44-829b-43a037649d9e', 'MRI', 'nobody-mri@digital.justice.gov.uk', null),
       ('e5d9a232-7e86-41b3-8bf0-f6375320a2dc', 'e710bbe3-c26e-494a-83ae-11c94664fe7a', 'MRI', 'nobody-mri@digital.justice.gov.uk', null),
       ('145e0eb6-7c7f-4241-958e-c8a0f9f6a7ba', '5148cfcd-0daf-45e4-a560-4d899409944a', 'MRI', 'nobody-mri@digital.justice.gov.uk', null),
       ('e91d0442-22bf-45ad-b1c2-bdd6a6e8309d', '3feba9e7-a716-4a3d-9d7b-258171ba1166', 'MRI', 'nobody-mri@digital.justice.gov.uk', null),
       ('4a39e034-6300-4b5f-89af-d96a0d75c7a3', 'de6c6c44-3194-4605-a383-f66fe512c5f3', 'MRI', 'nobody-mri@digital.justice.gov.uk', null),
       ('e7e6aabf-6773-401f-b2a8-e1c183beed66', '3feba9e7-a716-4a3d-9d7b-258171ba1166', 'KMI', 'nobody-kmi@digital.justice.gov.uk', null),
       ('29cd89bc-cb7a-4579-bc5d-8397e6f70d0a', '3feba9e7-a716-4a3d-9d7b-258171ba1166', 'AGI', 'nobody-agi@digital.justice.gov.uk', null),
       ('d3195d40-66f9-44fc-b5d7-2a08807f234d', '3feba9e7-a716-4a3d-9d7b-258171ba1166', 'MTI', 'nobody-mti@digital.justice.gov.uk', null),
       ('04b694ba-84e7-4892-b9e8-5c2a3bb038f0', '3feba9e7-a716-4a3d-9d7b-258171ba1166', 'DNI', 'nobody-dni@digital.justice.gov.uk', null),
       ('3c6b3d32-f523-451c-9636-65fcd0cdd937', '3feba9e7-a716-4a3d-9d7b-258171ba1166', 'FYI', 'nobody-fyi@digital.justice.gov.uk', null),
       ('5f888b93-66f1-4018-89d3-2a4fc053e882', '3feba9e7-a716-4a3d-9d7b-258171ba1166', 'SPI', 'nobody-spi@digital.justice.gov.uk', null),
       ('7342e0c0-666a-4821-b025-a267e873cb9e', '3feba9e7-a716-4a3d-9d7b-258171ba1166', 'WRI', 'nobody-wri@digital.justice.gov.uk', null),
       ('27fc551d-7c0e-4d6f-b651-253a9d5afff2', '3feba9e7-a716-4a3d-9d7b-258171ba1166', 'BLI', 'nobody-bli@digital.justice.gov.uk', null),
       ('0447cefc-21c0-488f-a619-fefcdcb9e881', '3feba9e7-a716-4a3d-9d7b-258171ba1166', 'DWI', 'nobody-dwi@digital.justice.gov.uk', null),
       ('cdedf52f-2bd9-448d-a7cf-f07a0d17e80a', '3feba9e7-a716-4a3d-9d7b-258171ba1166', 'LTI', 'nobody-lti@digital.justice.gov.uk', null),
       ('3562b467-0ced-46f2-bdf3-54a1bb082c11', '3feba9e7-a716-4a3d-9d7b-258171ba1166', 'TCI', 'nobody-tci@digital.justice.gov.uk', null),
       ('2f10d7b9-50ab-466d-ae1e-d59447f41e7e', '3feba9e7-a716-4a3d-9d7b-258171ba1166', 'ISI', 'nobody-isi@digital.justice.gov.uk', null),
       ('4fee34ea-25c5-4738-b3a9-83ae0208e858', '3feba9e7-a716-4a3d-9d7b-258171ba1166', 'ACI', 'nobody-aci@digital.justice.gov.uk', null),
       ('9d4b9720-7ca1-4886-a15f-eef0a46d9146', '3feba9e7-a716-4a3d-9d7b-258171ba1166', 'DGI', 'nobody-dgi@digital.justice.gov.uk', null),
       ('cc86ba2e-4977-4fdd-b886-2194b51a71b1', '3feba9e7-a716-4a3d-9d7b-258171ba1166', 'LPI', 'nobody-lpi@digital.justice.gov.uk', null),
       ('1281496c-2f37-4a95-983b-f593f7236925', '3feba9e7-a716-4a3d-9d7b-258171ba1166', 'CFI', 'nobody-cfi@digital.justice.gov.uk', null),
       ('efff62b7-9772-4056-88b4-df39c8880fe0', '3feba9e7-a716-4a3d-9d7b-258171ba1166', 'CDI', 'nobody-cdi@digital.justice.gov.uk', null),
       ('69f4c583-1c82-40a0-a73d-88d41e12cb93', '3feba9e7-a716-4a3d-9d7b-258171ba1166', 'MDI', 'nobody-mdi@digital.justice.gov.uk', null),
       ('53a25578-73da-4108-ab42-5e2542b4e3d6', '3feba9e7-a716-4a3d-9d7b-258171ba1166', 'BNI', 'nobody-bni@digital.justice.gov.uk', null),
       ('f1cef585-77ce-4086-9c1a-efae887a7df2', '3feba9e7-a716-4a3d-9d7b-258171ba1166', 'ESI', 'nobody-esi@digital.justice.gov.uk', null),
       ('b34819cf-80ff-43aa-ab1f-1b70e304bb9e', '3feba9e7-a716-4a3d-9d7b-258171ba1166', 'CKI', 'nobody-cki@digital.justice.gov.uk', null),
       ('6f9c9c20-402a-4d35-a68c-95330955e9b5', '3feba9e7-a716-4a3d-9d7b-258171ba1166', 'FBI', 'nobody-fbi@digital.justice.gov.uk', null),
       ('b1e8badb-c89f-4ae6-b522-f0ebcf5d13c0', '3feba9e7-a716-4a3d-9d7b-258171ba1166', 'IWI', 'nobody-iwi@digital.justice.gov.uk', null),
       ('3ee4e6c3-6a83-49e6-afe4-8ba1451088dd', '3feba9e7-a716-4a3d-9d7b-258171ba1166', 'BFI', 'nobody-bfi@digital.justice.gov.uk', null),
       ('7463be26-45d4-4cf3-a94e-7a2cb3cb119d', '3feba9e7-a716-4a3d-9d7b-258171ba1166', 'CWI', 'nobody-cwi@digital.justice.gov.uk', null),
       ('7afcfc9d-3c9c-4a69-92b4-323082913a65', '3feba9e7-a716-4a3d-9d7b-258171ba1166', 'FDI', 'nobody-fdi@digital.justice.gov.uk', null),
       ('8862d2b2-902b-4d2c-88fd-35b68bed912c', '3feba9e7-a716-4a3d-9d7b-258171ba1166', 'DAI', 'nobody-dai@digital.justice.gov.uk', null),
       ('ef073bde-aafd-4ffe-a7b0-bdf50facbc4e', '3feba9e7-a716-4a3d-9d7b-258171ba1166', 'TSI', 'nobody-tsi@digital.justice.gov.uk', null),
       ('fdea678f-0a51-43a8-bd44-c1376e2c1c77', '3feba9e7-a716-4a3d-9d7b-258171ba1166', 'PVI', 'nobody-pvi@digital.justice.gov.uk', null),
       ('976406ab-847f-40cb-b0b5-0c15ae8ed44b', '3feba9e7-a716-4a3d-9d7b-258171ba1166', 'HDI', 'nobody-hdi@digital.justice.gov.uk', null),
       ('9352bdef-5bfe-4418-812d-944ac81df929', '3feba9e7-a716-4a3d-9d7b-258171ba1166', 'DTI', 'nobody-dti@digital.justice.gov.uk', null),
       ('d824cf88-6687-4f71-af26-4a76a77b45e4', '3feba9e7-a716-4a3d-9d7b-258171ba1166', 'LEI', 'nobody-lei@digital.justice.gov.uk', null),
       ('a32b69d5-59d4-41c6-a6a0-f49eafde22c0', '3feba9e7-a716-4a3d-9d7b-258171ba1166', 'WYI', 'nobody-wyi@digital.justice.gov.uk', null),
       ('9bc1777a-576a-432a-8c51-4b1481fc528f', '3feba9e7-a716-4a3d-9d7b-258171ba1166', 'SDI', 'nobody-sdi@digital.justice.gov.uk', null),
       ('6143b4b2-9539-4d7f-a748-5752ee7784be', '3feba9e7-a716-4a3d-9d7b-258171ba1166', 'BCI', 'nobody-bci@digital.justice.gov.uk', null),
       ('28f43da0-e044-44b0-bd9a-5d390f11f91e', '3feba9e7-a716-4a3d-9d7b-258171ba1166', 'LNI', 'nobody-lni@digital.justice.gov.uk', null),
       ('6851caf9-49e1-46c3-a52c-75503ba6bbcc', '3feba9e7-a716-4a3d-9d7b-258171ba1166', 'HII', 'nobody-hii@digital.justice.gov.uk', null),
       ('b7cd3ac3-c774-4e4d-9692-b203d7ef2eeb', '3feba9e7-a716-4a3d-9d7b-258171ba1166', 'NHI', 'nobody-nhi@digital.justice.gov.uk', null),
       ('86129ec5-27db-4f86-9e68-7f9031522716', '3feba9e7-a716-4a3d-9d7b-258171ba1166', 'EEI', 'nobody-eei@digital.justice.gov.uk', null),
       ('f2e7301d-00de-457e-96b0-729b944bfdca', '3feba9e7-a716-4a3d-9d7b-258171ba1166', 'BXI', 'nobody-bxi@digital.justice.gov.uk', null),
       ('379767dd-db48-467a-9dd1-663931ab03de', '3feba9e7-a716-4a3d-9d7b-258171ba1166', 'SFI', 'nobody-sfi@digital.justice.gov.uk', null),
       ('26cdbe9c-3752-467a-a929-1fd2e78dd061', '3feba9e7-a716-4a3d-9d7b-258171ba1166', 'SWI', 'nobody-swi@digital.justice.gov.uk', null),
       ('86179956-d16b-4416-a623-f79fa0404b00', '3feba9e7-a716-4a3d-9d7b-258171ba1166', 'BSI', 'nobody-bsi@digital.justice.gov.uk', null),
       ('7d108f47-eb1e-44ef-af9d-b21695ca35cb', '3feba9e7-a716-4a3d-9d7b-258171ba1166', 'FSI', 'nobody-fsi@digital.justice.gov.uk', null),
       ('2996f191-3aec-4d95-a8a8-22a9fddc0396', '3feba9e7-a716-4a3d-9d7b-258171ba1166', 'BWI', 'nobody-bwi@digital.justice.gov.uk', null),
       ('b6b7a051-8ab5-45dd-b389-3674b0037ffa', '3feba9e7-a716-4a3d-9d7b-258171ba1166', 'OWI', 'nobody-owi@digital.justice.gov.uk', null),
       ('070bd350-af20-455a-93a2-cb19cf827dd2', '3feba9e7-a716-4a3d-9d7b-258171ba1166', 'HBI', 'nobody-hbi@digital.justice.gov.uk', null),
       ('d4b997b6-1bdf-4b84-9e12-44f0da5da5b9', '3feba9e7-a716-4a3d-9d7b-258171ba1166', 'EYI', 'nobody-eyi@digital.justice.gov.uk', null),
       ('d615efc1-1466-4cda-ac43-7bc6de467d8c', '3feba9e7-a716-4a3d-9d7b-258171ba1166', 'WII', 'nobody-wii@digital.justice.gov.uk', null),
       ('7db3a436-f9b9-47c0-b1b3-257517633c82', '3feba9e7-a716-4a3d-9d7b-258171ba1166', 'WTI', 'nobody-wti@digital.justice.gov.uk', null),
       ('ddc379cc-2488-459d-986c-a1f7472b3dfa', '3feba9e7-a716-4a3d-9d7b-258171ba1166', 'CLI', 'nobody-cli@digital.justice.gov.uk', null),
       ('550399df-8f3d-4747-ba10-437ad31059d3', '3feba9e7-a716-4a3d-9d7b-258171ba1166', 'HOI', 'nobody-hoi@digital.justice.gov.uk', null),
       ('63f0b6d6-682e-4824-966b-bc2160df1a62', '3feba9e7-a716-4a3d-9d7b-258171ba1166', 'WNI', 'nobody-wni@digital.justice.gov.uk', null),
       ('bb5f3c1f-3055-409c-a4d2-344ab14a0b83', '3feba9e7-a716-4a3d-9d7b-258171ba1166', 'SLI', 'nobody-sli@digital.justice.gov.uk', null),
       ('b4607f03-fdfe-4f71-9755-bff979c84bf3', '3feba9e7-a716-4a3d-9d7b-258171ba1166', 'PDI', 'nobody-pdi@digital.justice.gov.uk', null),
       ('072b896d-79d7-426c-97e6-e138975cb7e5', '3feba9e7-a716-4a3d-9d7b-258171ba1166', 'NSI', 'nobody-nsi@digital.justice.gov.uk', null),
       ('78923fc7-4909-495a-a347-557249532c58', '3feba9e7-a716-4a3d-9d7b-258171ba1166', 'EHI', 'nobody-ehi@digital.justice.gov.uk', null),
       ('e8687f0f-8e51-41fe-8fd3-bd2308ecb2d7', '3feba9e7-a716-4a3d-9d7b-258171ba1166', 'EXI', 'nobody-exi@digital.justice.gov.uk', null),
       ('d737f809-aea5-4d5d-a1e3-86e9595474be', '3feba9e7-a716-4a3d-9d7b-258171ba1166', 'ONI', 'nobody-oni@digital.justice.gov.uk', null),
       ('2073b6f7-b053-4d26-80fd-5b339c731de1', '3feba9e7-a716-4a3d-9d7b-258171ba1166', 'LWI', 'nobody-lwi@digital.justice.gov.uk', null),
       ('97c48b12-b9a0-4181-85a4-315b0df537d1', '3feba9e7-a716-4a3d-9d7b-258171ba1166', 'FMI', 'nobody-fmi@digital.justice.gov.uk', null),
       ('e74e08c1-b13d-4cdb-91ed-2fc5f7a9f23b', '3feba9e7-a716-4a3d-9d7b-258171ba1166', 'AYI', 'nobody-ayi@digital.justice.gov.uk', null),
       ('1d2d0e8b-1755-47be-b1cb-79f662c90555', '3feba9e7-a716-4a3d-9d7b-258171ba1166', 'HEI', 'nobody-hei@digital.justice.gov.uk', null),
       ('22090012-1ac3-420d-890d-1651b6077c0d', '3feba9e7-a716-4a3d-9d7b-258171ba1166', 'DMI', 'nobody-dmi@digital.justice.gov.uk', null),
       ('dd577d37-d21a-4b79-b0a8-753e603c9f2b', 'e710bbe3-c26e-494a-83ae-11c94664fe7a', 'BMI', 'nobody-bmi@digital.justice.gov.uk', null),
       ('445eb865-892b-4012-a6be-861b7e9b5cd1', 'e710bbe3-c26e-494a-83ae-11c94664fe7a', 'NLI', 'nobody-nli@digital.justice.gov.uk', null),
       ('abd595fe-6686-48eb-885d-5a96b30b1770', 'e710bbe3-c26e-494a-83ae-11c94664fe7a', 'DNI', 'nobody-dni@digital.justice.gov.uk', null),
       ('48234e9e-e74d-4462-badb-a2ffcf56e900', 'e710bbe3-c26e-494a-83ae-11c94664fe7a', 'BSI', 'nobody-bsi@digital.justice.gov.uk', null),
       ('f6ede178-61fa-48a7-aac7-f54799e95409', 'e710bbe3-c26e-494a-83ae-11c94664fe7a', 'CLI', 'nobody-cli@digital.justice.gov.uk', null),
       ('f821b33e-2795-45b5-a9e5-908780fe5247', 'e710bbe3-c26e-494a-83ae-11c94664fe7a', 'GHI', 'nobody-ghi@digital.justice.gov.uk', null),
       ('24d7636d-ef14-4258-b102-4ce3ecbf5823', 'e710bbe3-c26e-494a-83ae-11c94664fe7a', 'WMI', 'nobody-wmi@digital.justice.gov.uk', null),
       ('7d57dba4-3d8b-425a-953a-3d1d08f90898', 'e710bbe3-c26e-494a-83ae-11c94664fe7a', 'WNI', 'nobody-wni@digital.justice.gov.uk', null),
       ('07ac06e5-46de-46ca-aa7c-d863f4a634db', 'e710bbe3-c26e-494a-83ae-11c94664fe7a', 'PRI', 'nobody-pri@digital.justice.gov.uk', null),
       ('d2fb68d9-09d2-41f6-b9a3-131fcae48b18', 'e710bbe3-c26e-494a-83ae-11c94664fe7a', 'RHI', 'nobody-rhi@digital.justice.gov.uk', null),
       ('9c37f316-6bdc-4cd1-bff6-9a0a72e9427e', 'e710bbe3-c26e-494a-83ae-11c94664fe7a', 'HCI', 'nobody-hci@digital.justice.gov.uk', null),
       ('7aaf091c-5d4e-4e7e-b0b0-108568a52bf8', 'e710bbe3-c26e-494a-83ae-11c94664fe7a', 'DMI', 'nobody-dmi@digital.justice.gov.uk', null),
       ('d1ac88e5-3104-43ff-8805-b88063036133', 'e710bbe3-c26e-494a-83ae-11c94664fe7a', 'SFI', 'nobody-sfi@digital.justice.gov.uk', null),
       ('6be5c2ea-aee5-428c-b626-7a15fbf487de', 'e710bbe3-c26e-494a-83ae-11c94664fe7a', 'FKI', 'nobody-fki@digital.justice.gov.uk', null),
       ('6551f48a-d9ac-476e-9550-1acaf4fd3ae3', 'e710bbe3-c26e-494a-83ae-11c94664fe7a', 'VEI', 'nobody-vei@digital.justice.gov.uk', null),
       ('a4359149-2e22-454a-9719-3628e0069923', 'e710bbe3-c26e-494a-83ae-11c94664fe7a', 'ASI', 'nobody-asi@digital.justice.gov.uk', null),
       ('88ed7fe9-e019-448a-99e4-d6120aa50d08', 'e710bbe3-c26e-494a-83ae-11c94664fe7a', 'FWI', 'nobody-fwi@digital.justice.gov.uk', null),
       ('72dcdd75-0105-4554-bfb0-475dbcf6f183', 'e710bbe3-c26e-494a-83ae-11c94664fe7a', 'EWI', 'nobody-ewi@digital.justice.gov.uk', null),
       ('d6a60681-295a-46a5-af38-0661a60d9f5c', 'e710bbe3-c26e-494a-83ae-11c94664fe7a', 'AYI', 'nobody-ayi@digital.justice.gov.uk', null),
       ('17e38cc6-7028-4906-98aa-ee7375aa07aa', 'e710bbe3-c26e-494a-83ae-11c94664fe7a', 'LTI', 'nobody-lti@digital.justice.gov.uk', null),
       ('a15bf136-de16-4916-8dca-ac78869885e1', 'e710bbe3-c26e-494a-83ae-11c94664fe7a', 'WRI', 'nobody-wri@digital.justice.gov.uk', null),
       ('9074f309-9c6d-4c2f-ade1-f0f74a134a1c', 'e710bbe3-c26e-494a-83ae-11c94664fe7a', 'WCI', 'nobody-wci@digital.justice.gov.uk', null),
       ('4ec0ab45-5925-42d4-8fad-01dfd1202c59', 'e710bbe3-c26e-494a-83ae-11c94664fe7a', 'FSI', 'nobody-fsi@digital.justice.gov.uk', null),
       ('6de9711a-36f3-4915-8df4-cb3e6cdcfc7b', 'e710bbe3-c26e-494a-83ae-11c94664fe7a', 'LWI', 'nobody-lwi@digital.justice.gov.uk', null),
       ('74026f8b-f6d7-4c23-8a9a-f6462900b8d7', 'e710bbe3-c26e-494a-83ae-11c94664fe7a', 'HEI', 'nobody-hei@digital.justice.gov.uk', null),
       ('0c95112b-bb23-4563-a908-640bcfc3c9ab', 'e710bbe3-c26e-494a-83ae-11c94664fe7a', 'HOI', 'nobody-hoi@digital.justice.gov.uk', null),
       ('eb2bbe93-17e4-4d46-9b61-beeef9bf4b67', 'e710bbe3-c26e-494a-83ae-11c94664fe7a', 'HBI', 'nobody-hbi@digital.justice.gov.uk', null),
       ('df9551a0-b103-40d6-8677-6b39ac2c2de8', 'e710bbe3-c26e-494a-83ae-11c94664fe7a', 'BLI', 'nobody-bli@digital.justice.gov.uk', null),
       ('6240c35e-96e0-470a-9411-ab59f7037212', 'e710bbe3-c26e-494a-83ae-11c94664fe7a', 'LGI', 'nobody-lgi@digital.justice.gov.uk', null),
       ('5f62fa2a-dddb-4656-8e46-6c8dfac50940', 'e710bbe3-c26e-494a-83ae-11c94664fe7a', 'LLI', 'nobody-lli@digital.justice.gov.uk', null),
       ('f9018a6d-98b1-40a7-b07c-62eeb418a304', 'e710bbe3-c26e-494a-83ae-11c94664fe7a', 'KMI', 'nobody-kmi@digital.justice.gov.uk', null),
       ('f2fb5e09-10ff-4d1d-8c0b-0fc1df791384', 'e710bbe3-c26e-494a-83ae-11c94664fe7a', 'CFI', 'nobody-cfi@digital.justice.gov.uk', null),
       ('e1a2aae8-5832-4b40-8d81-ec0304f346d7', 'e710bbe3-c26e-494a-83ae-11c94664fe7a', 'CDI', 'nobody-cdi@digital.justice.gov.uk', null),
       ('42429763-3734-4db3-af99-676e11745369', 'e710bbe3-c26e-494a-83ae-11c94664fe7a', 'BFI', 'nobody-bfi@digital.justice.gov.uk', null),
       ('b78fee51-9c0c-499a-b88e-9b146ca3dee3', 'e710bbe3-c26e-494a-83ae-11c94664fe7a', 'ACI', 'nobody-aci@digital.justice.gov.uk', null),
       ('90cdeca3-d12b-486a-89bb-7e50a21da196', 'e710bbe3-c26e-494a-83ae-11c94664fe7a', 'HLI', 'nobody-hli@digital.justice.gov.uk', null),
       ('dbf7d01b-11b0-4600-b91f-cad194c6b56f', 'e710bbe3-c26e-494a-83ae-11c94664fe7a', 'GTI', 'nobody-gti@digital.justice.gov.uk', null),
       ('74fba4e5-48b1-4f74-bff1-207fa7b08e57', 'e710bbe3-c26e-494a-83ae-11c94664fe7a', 'LCI', 'nobody-lci@digital.justice.gov.uk', null),
       ('5d1bf782-9338-44fe-b7f7-c2b5e0bc1cfb', 'e710bbe3-c26e-494a-83ae-11c94664fe7a', 'HII', 'nobody-hii@digital.justice.gov.uk', null),
       ('e38d971d-c7fa-4449-a0a1-e1f1bd7cb6bf', 'e710bbe3-c26e-494a-83ae-11c94664fe7a', 'PVI', 'nobody-pvi@digital.justice.gov.uk', null),
       ('62f2199a-f623-43d5-b8ac-1a34788be6fa', 'e710bbe3-c26e-494a-83ae-11c94664fe7a', 'PFI', 'nobody-pfi@digital.justice.gov.uk', null),
       ('9d4411a3-8032-436f-bca5-c2ca01cd329d', 'e710bbe3-c26e-494a-83ae-11c94664fe7a', 'RNI', 'nobody-rni@digital.justice.gov.uk', null),
       ('1cdd81e2-22c6-40b5-bd1d-2d8bbefff3c8', 'e710bbe3-c26e-494a-83ae-11c94664fe7a', 'NMI', 'nobody-nmi@digital.justice.gov.uk', null),
       ('6b13655b-2fb9-47b8-86e9-7a79f0e6afc2', 'e710bbe3-c26e-494a-83ae-11c94664fe7a', 'ONI', 'nobody-oni@digital.justice.gov.uk', null),
       ('868279f6-246c-4bdc-943d-b22bd5b7e758', 'e710bbe3-c26e-494a-83ae-11c94664fe7a', 'FYI', 'nobody-fyi@digital.justice.gov.uk', null),
       ('e7264694-293e-4abf-b51d-045beea1c51b', 'e710bbe3-c26e-494a-83ae-11c94664fe7a', 'OWI', 'nobody-owi@digital.justice.gov.uk', null),
       ('1b96949f-d293-4df9-a6e9-3d7939d49166', 'e710bbe3-c26e-494a-83ae-11c94664fe7a', 'GNI', 'nobody-gni@digital.justice.gov.uk', null),
       ('4ace99ea-2baf-488b-b8c0-d4ab37145dcd', 'e710bbe3-c26e-494a-83ae-11c94664fe7a', 'BNI', 'nobody-bni@digital.justice.gov.uk', null),
       ('d4a2ea62-6d86-4c83-9fe5-f8211c8e2ab5', 'e710bbe3-c26e-494a-83ae-11c94664fe7a', 'DTI', 'nobody-dti@digital.justice.gov.uk', null),
       ('5228f624-6540-4e55-9e07-24cd530628b9', 'e710bbe3-c26e-494a-83ae-11c94664fe7a', 'LNI', 'nobody-lni@digital.justice.gov.uk', null),
       ('fd780a73-0bc9-4c79-9d03-3c414f661416', '77dbf5d0-4c86-434d-9d26-aff276447698', 'VEI', 'nobody-vei@digital.justice.gov.uk', null),
       ('d4179c82-92a4-4e85-ac3c-895891699299', '77dbf5d0-4c86-434d-9d26-aff276447698', 'LCI', 'nobody-lci@digital.justice.gov.uk', null),
       ('7fe41e80-7704-4ab6-94a0-b613897d7fe3', '77dbf5d0-4c86-434d-9d26-aff276447698', 'BAI', 'nobody-bai@digital.justice.gov.uk', null),
       ('d86cc747-bd45-4d69-a7e5-7921c3bfc645', '77dbf5d0-4c86-434d-9d26-aff276447698', 'DGI', 'nobody-dgi@digital.justice.gov.uk', null),
       ('889f3d43-7da8-493b-8794-57ba5552e710', '77dbf5d0-4c86-434d-9d26-aff276447698', 'SHI', 'nobody-shi@digital.justice.gov.uk', null),
       ('472e4fd9-5585-446f-8c32-0a498f3df331', '77dbf5d0-4c86-434d-9d26-aff276447698', 'NHI', 'nobody-nhi@digital.justice.gov.uk', null),
       ('b197ff54-5c0d-4799-8121-027e9b2d587d', '77dbf5d0-4c86-434d-9d26-aff276447698', 'HCI', 'nobody-hci@digital.justice.gov.uk', null),
       ('ec91010d-9dfe-45db-a3c2-ced3bc79aa26', '77dbf5d0-4c86-434d-9d26-aff276447698', 'FMI', 'nobody-fmi@digital.justice.gov.uk', null),
       ('c8e277bd-79bf-4cd2-8484-32fe2e893377', '77dbf5d0-4c86-434d-9d26-aff276447698', 'FWI', 'nobody-fwi@digital.justice.gov.uk', null),
       ('744566e3-d05d-4958-ab76-43cebfb22371', '77dbf5d0-4c86-434d-9d26-aff276447698', 'LII', 'nobody-lii@digital.justice.gov.uk', null),
       ('4a2f7b64-bbce-4bf0-88ed-8a0be117951a', '77dbf5d0-4c86-434d-9d26-aff276447698', 'HHI', 'nobody-hhi@digital.justice.gov.uk', null),
       ('e2dc15d8-65ed-42f9-91e3-55b6cf3e7760', '77dbf5d0-4c86-434d-9d26-aff276447698', 'HII', 'nobody-hii@digital.justice.gov.uk', null),
       ('4ab2fa64-3938-41be-993c-e628f506c0bc', '77dbf5d0-4c86-434d-9d26-aff276447698', 'UKI', 'nobody-uki@digital.justice.gov.uk', null),
       ('2d410dd7-b15c-4041-9d3f-99108fc9eccd', '77dbf5d0-4c86-434d-9d26-aff276447698', 'LEI', 'nobody-lei@digital.justice.gov.uk', null),
       ('d2b96e29-3ce6-4164-91e6-cf856cbb3e4d', '77dbf5d0-4c86-434d-9d26-aff276447698', 'BSI', 'nobody-bsi@digital.justice.gov.uk', null),
       ('81b6b1ca-eb84-4180-ab49-16cb5da70e13', '77dbf5d0-4c86-434d-9d26-aff276447698', 'LTI', 'nobody-lti@digital.justice.gov.uk', null),
       ('460d53a1-45a0-4c3c-b761-2de2b49acbed', '77dbf5d0-4c86-434d-9d26-aff276447698', 'LWI', 'nobody-lwi@digital.justice.gov.uk', null),
       ('6e76048e-bee9-41d4-ab3d-659339bfccbc', '77dbf5d0-4c86-434d-9d26-aff276447698', 'PNI', 'nobody-pni@digital.justice.gov.uk', null),
       ('691f9d94-7f07-4645-8f7d-1c989b1cad6b', '77dbf5d0-4c86-434d-9d26-aff276447698', 'WDI', 'nobody-wdi@digital.justice.gov.uk', null),
       ('4d921193-6789-4c24-a4ba-a76e1c3b5470', '77dbf5d0-4c86-434d-9d26-aff276447698', 'BWI', 'nobody-bwi@digital.justice.gov.uk', null),
       ('8434bd09-b180-4f94-8182-c6f032b3d445', '77dbf5d0-4c86-434d-9d26-aff276447698', 'NLI', 'nobody-nli@digital.justice.gov.uk', null),
       ('08ba864b-3696-4266-8b6e-61483e966549', '77dbf5d0-4c86-434d-9d26-aff276447698', 'FBI', 'nobody-fbi@digital.justice.gov.uk', null),
       ('daf991be-7c70-4a91-b7e8-de00203f3192', '77dbf5d0-4c86-434d-9d26-aff276447698', 'KMI', 'nobody-kmi@digital.justice.gov.uk', null),
       ('8f0113cd-9cc9-46a1-bb72-12670079c759', '77dbf5d0-4c86-434d-9d26-aff276447698', 'BXI', 'nobody-bxi@digital.justice.gov.uk', null),
       ('6813f339-c136-44bb-8aa0-77d0009d4d19', '77dbf5d0-4c86-434d-9d26-aff276447698', 'PRI', 'nobody-pri@digital.justice.gov.uk', null),
       ('96c8bdc7-059d-4da5-ba30-e2ce15ddecec', '77dbf5d0-4c86-434d-9d26-aff276447698', 'EXI', 'nobody-exi@digital.justice.gov.uk', null),
       ('94a9efb9-968d-4e2b-be8e-1f6e109e6f7d', '77dbf5d0-4c86-434d-9d26-aff276447698', 'MDI', 'nobody-mdi@digital.justice.gov.uk', null),
       ('afb72204-6cff-4bb5-846e-e3468b25defa', '77dbf5d0-4c86-434d-9d26-aff276447698', 'WCI', 'nobody-wci@digital.justice.gov.uk', null),
       ('5949e209-e9ae-4b19-9077-44b4f0812646', '77dbf5d0-4c86-434d-9d26-aff276447698', 'BFI', 'nobody-bfi@digital.justice.gov.uk', null),
       ('1ffc71bc-887e-4876-85d8-3eee017b2527', '77dbf5d0-4c86-434d-9d26-aff276447698', 'SNI', 'nobody-sni@digital.justice.gov.uk', null),
       ('332de603-d06e-4a5c-a978-25504fa45a5f', '77dbf5d0-4c86-434d-9d26-aff276447698', 'MTI', 'nobody-mti@digital.justice.gov.uk', null),
       ('f727ab1e-8d48-4e25-9d67-c483c9128cf6', '77dbf5d0-4c86-434d-9d26-aff276447698', 'RNI', 'nobody-rni@digital.justice.gov.uk', null),
       ('3151fc94-c797-45c4-99ca-135e4d38fd92', '77dbf5d0-4c86-434d-9d26-aff276447698', 'WNI', 'nobody-wni@digital.justice.gov.uk', null),
       ('ed35d68c-2a2e-444f-aaa0-1a1bdbe0a12b', '77dbf5d0-4c86-434d-9d26-aff276447698', 'HPI', 'nobody-hpi@digital.justice.gov.uk', null),
       ('eb37ea75-9eb3-48d1-9175-065769bc38a5', '77dbf5d0-4c86-434d-9d26-aff276447698', 'WHI', 'nobody-whi@digital.justice.gov.uk', null),
       ('fb8eb03b-4335-4da1-b78a-7c93923fba4c', '77dbf5d0-4c86-434d-9d26-aff276447698', 'PDI', 'nobody-pdi@digital.justice.gov.uk', null),
       ('300ef64c-b4bb-4c14-92de-597da82f254c', '77dbf5d0-4c86-434d-9d26-aff276447698', 'WII', 'nobody-wii@digital.justice.gov.uk', null),
       ('209e88ef-64fd-4f91-a97d-e265f6ba68f0', '77dbf5d0-4c86-434d-9d26-aff276447698', 'BCI', 'nobody-bci@digital.justice.gov.uk', null),
       ('ad9be813-61e7-423e-a505-9e67120ea8d5', '77dbf5d0-4c86-434d-9d26-aff276447698', 'STI', 'nobody-sti@digital.justice.gov.uk', null),
       ('8ff9056c-6e84-4704-9d64-7f213e122020', '77dbf5d0-4c86-434d-9d26-aff276447698', 'WTI', 'nobody-wti@digital.justice.gov.uk', null),
       ('8ef7ebad-5f2b-4edf-bbf5-a52d52258378', '77dbf5d0-4c86-434d-9d26-aff276447698', 'UPI', 'nobody-upi@digital.justice.gov.uk', null),
       ('f06f36bd-00b9-4c2b-ac2f-d319a8a86141', '77dbf5d0-4c86-434d-9d26-aff276447698', 'RHI', 'nobody-rhi@digital.justice.gov.uk', null),
       ('ad9802e0-1f72-4251-9674-22343dc48ef7', '77dbf5d0-4c86-434d-9d26-aff276447698', 'HVI', 'nobody-hvi@digital.justice.gov.uk', null),
       ('592abd54-e91c-4e99-b5f4-d7e5b001422b', '77dbf5d0-4c86-434d-9d26-aff276447698', 'BNI', 'nobody-bni@digital.justice.gov.uk', null),
       ('4af4fb8f-b0ed-452b-89ab-dd668b24592f', '77dbf5d0-4c86-434d-9d26-aff276447698', 'WLI', 'nobody-wli@digital.justice.gov.uk', null),
       ('116893fe-1568-444c-9e66-d63a96bb2229', '77dbf5d0-4c86-434d-9d26-aff276447698', 'MSI', 'nobody-msi@digital.justice.gov.uk', null),
       ('7529e328-ee8b-4897-bad9-ed173db8431d', '77dbf5d0-4c86-434d-9d26-aff276447698', 'AGI', 'nobody-agi@digital.justice.gov.uk', null),
       ('57900990-52ea-46af-8a15-d0af851d1b9b', '77dbf5d0-4c86-434d-9d26-aff276447698', 'LHI', 'nobody-lhi@digital.justice.gov.uk', null),
       ('c000372c-7818-40b8-aa47-c9a4da9c7a96', '77dbf5d0-4c86-434d-9d26-aff276447698', 'CDI', 'nobody-cdi@digital.justice.gov.uk', null),
       ('51e84f35-1576-47cb-aa56-63020248c345', '77dbf5d0-4c86-434d-9d26-aff276447698', 'SKI', 'nobody-ski@digital.justice.gov.uk', null),
       ('5ea1ffd1-3825-48fe-9886-dacb1825d8d6', '77dbf5d0-4c86-434d-9d26-aff276447698', 'HDI', 'nobody-hdi@digital.justice.gov.uk', null),
       ('61720c0b-266f-4d2c-8304-5a7157a8ae1d', '77dbf5d0-4c86-434d-9d26-aff276447698', 'SDI', 'nobody-sdi@digital.justice.gov.uk', null),
       ('36eb4064-c162-4d08-995c-243d8599c833', '77dbf5d0-4c86-434d-9d26-aff276447698', 'DAI', 'nobody-dai@digital.justice.gov.uk', null),
       ('f7f79fb2-05cd-4d70-9cda-a6e08e92cd1c', '77dbf5d0-4c86-434d-9d26-aff276447698', 'HLI', 'nobody-hli@digital.justice.gov.uk', null),
       ('16cb8444-bb9c-41d1-bc84-525d11faaeb7', '77dbf5d0-4c86-434d-9d26-aff276447698', 'RSI', 'nobody-rsi@digital.justice.gov.uk', null),
       ('07f3d13f-8969-491a-b828-878ecc68f0e5', '77dbf5d0-4c86-434d-9d26-aff276447698', 'NMI', 'nobody-nmi@digital.justice.gov.uk', null),
       ('4e05e609-1ede-46a2-93be-77f1f7b6a834', '77dbf5d0-4c86-434d-9d26-aff276447698', 'WWI', 'nobody-wwi@digital.justice.gov.uk', null),
       ('839a190f-78d8-438a-9af2-9bfacdb9f01d', '77dbf5d0-4c86-434d-9d26-aff276447698', 'MHI', 'nobody-mhi@digital.justice.gov.uk', null),
       ('17caa049-6bb2-4a14-a254-ed856c175aed', '77dbf5d0-4c86-434d-9d26-aff276447698', 'BLI', 'nobody-bli@digital.justice.gov.uk', null),
       ('cae1153f-49d5-4914-ba7e-6949c6ce291a', '77dbf5d0-4c86-434d-9d26-aff276447698', 'SLI', 'nobody-sli@digital.justice.gov.uk', null),
       ('d36869dd-8512-431f-a0e1-f25812673c0c', '77dbf5d0-4c86-434d-9d26-aff276447698', 'TCI', 'nobody-tci@digital.justice.gov.uk', null),
       ('cf385738-ba0f-40ec-b497-3904938988f4', '77dbf5d0-4c86-434d-9d26-aff276447698', 'BZI', 'nobody-bzi@digital.justice.gov.uk', null),
       ('0b037b9d-735c-4cbe-b94b-c89f75750651', '77dbf5d0-4c86-434d-9d26-aff276447698', 'HMI', 'nobody-hmi@digital.justice.gov.uk', null),
       ('3f587852-bc6e-4751-8c65-cd72c71af9fd', '77dbf5d0-4c86-434d-9d26-aff276447698', 'AYI', 'nobody-ayi@digital.justice.gov.uk', null),
       ('9f1c6d1d-2d5a-4812-90eb-1d12ff483bc0', '77dbf5d0-4c86-434d-9d26-aff276447698', 'LFI', 'nobody-lfi@digital.justice.gov.uk', null),
       ('3fd1bdbf-5501-4cbb-87e5-2a48bf41cc46', '77dbf5d0-4c86-434d-9d26-aff276447698', 'LYI', 'nobody-lyi@digital.justice.gov.uk', null),
       ('86056f9b-33c2-4a57-ac62-054b8b7e6a63', '77dbf5d0-4c86-434d-9d26-aff276447698', 'NSI', 'nobody-nsi@digital.justice.gov.uk', null),
       ('51084d0d-7cb7-4231-ac1d-bc37f2f82d26', '77dbf5d0-4c86-434d-9d26-aff276447698', 'HEI', 'nobody-hei@digital.justice.gov.uk', null),
       ('7b7f66e8-2ea3-46f9-8add-5725c912821a', '77dbf5d0-4c86-434d-9d26-aff276447698', 'FNI', 'nobody-fni@digital.justice.gov.uk', null),
       ('13da9fea-d52d-4106-944c-403022524d18', '77dbf5d0-4c86-434d-9d26-aff276447698', 'ESI', 'nobody-esi@digital.justice.gov.uk', null),
       ('ed9102b0-6dde-44f1-9519-beb68f8e3d05', '77dbf5d0-4c86-434d-9d26-aff276447698', 'GTI', 'nobody-gti@digital.justice.gov.uk', null),
       ('3012f68d-ba31-48e1-8d2d-52564ab38667', '77dbf5d0-4c86-434d-9d26-aff276447698', 'GNI', 'nobody-gni@digital.justice.gov.uk', null),
       ('52978f3e-95fb-405d-ac80-2d9b03a296d2', '77dbf5d0-4c86-434d-9d26-aff276447698', 'GHI', 'nobody-ghi@digital.justice.gov.uk', null),
       ('1b5e1383-6ffa-40a3-8da4-a7d0e1a239b4', '77dbf5d0-4c86-434d-9d26-aff276447698', 'FKI', 'nobody-fki@digital.justice.gov.uk', null),
       ('c47b79da-50b1-46aa-8489-ebe3d736ca8c', '77dbf5d0-4c86-434d-9d26-aff276447698', 'NWI', 'nobody-nwi@digital.justice.gov.uk', null),
       ('d49ffe8b-277d-4d1b-8104-ebd60bb6deeb', '77dbf5d0-4c86-434d-9d26-aff276447698', 'WRI', 'nobody-wri@digital.justice.gov.uk', null),
       ('f31805d5-dac1-4ba6-b955-38737ca391e0', '77dbf5d0-4c86-434d-9d26-aff276447698', 'CFI', 'nobody-cfi@digital.justice.gov.uk', null),
       ('8f7f3c06-8e8f-4c0e-8f95-9a5f5b9c90a2', '77dbf5d0-4c86-434d-9d26-aff276447698', 'EYI', 'nobody-eyi@digital.justice.gov.uk', null),
       ('3c78f303-8e6f-4f0f-83a5-b5b90f97daf3', '77dbf5d0-4c86-434d-9d26-aff276447698', 'SWI', 'nobody-swi@digital.justice.gov.uk', null),
       ('87af605f-deda-4382-812e-40d011f31c8b', '77dbf5d0-4c86-434d-9d26-aff276447698', 'DMI', 'nobody-dmi@digital.justice.gov.uk', null),
       ('ca61a32a-3caa-4bb9-9682-7d230b7b5399', '77dbf5d0-4c86-434d-9d26-aff276447698', 'WEI', 'nobody-wei@digital.justice.gov.uk', null),
       ('fd8e038a-4050-43fe-b1b7-b9f7dfec7b55', '77dbf5d0-4c86-434d-9d26-aff276447698', 'IWI', 'nobody-iwi@digital.justice.gov.uk', null),
       ('70d11fbd-4fbc-41b6-a82b-7c3aaa5471a1', '77dbf5d0-4c86-434d-9d26-aff276447698', 'LGI', 'nobody-lgi@digital.justice.gov.uk', null),
       ('8f9af7c7-009e-4a39-87a5-94321685b8c3', '77dbf5d0-4c86-434d-9d26-aff276447698', 'FSI', 'nobody-fsi@digital.justice.gov.uk', null),
       ('9411cf5e-715a-402c-ba78-a5633c326c7e', '77dbf5d0-4c86-434d-9d26-aff276447698', 'EHI', 'nobody-ehi@digital.justice.gov.uk', null),
       ('fe6aeb9e-6976-46a5-9bb7-d60011fe39d9', '77dbf5d0-4c86-434d-9d26-aff276447698', 'WYI', 'nobody-wyi@digital.justice.gov.uk', null),
       ('7a300fb4-d783-4a39-870e-7ff615fa5792', '77dbf5d0-4c86-434d-9d26-aff276447698', 'WMI', 'nobody-wmi@digital.justice.gov.uk', null),
       ('b88e5c45-bbcf-412d-90a2-77fe146f1030', '77dbf5d0-4c86-434d-9d26-aff276447698', 'EWI', 'nobody-ewi@digital.justice.gov.uk', null),
       ('f95c900f-2e39-493a-b707-9c9e0b4991ad', '77dbf5d0-4c86-434d-9d26-aff276447698', 'HOI', 'nobody-hoi@digital.justice.gov.uk', null),
       ('ebcbbcca-e349-42f3-9d50-90d3fc96c128', '77dbf5d0-4c86-434d-9d26-aff276447698', 'ACI', 'nobody-aci@digital.justice.gov.uk', null),
       ('03cf9e21-9421-4f93-a721-2a288eb20105', '77dbf5d0-4c86-434d-9d26-aff276447698', 'RCI', 'nobody-rci@digital.justice.gov.uk', null),
       ('90750149-2d1d-4c07-a183-b90611ad7254', '77dbf5d0-4c86-434d-9d26-aff276447698', 'ASI', 'nobody-asi@digital.justice.gov.uk', null),
       ('6f898748-ab33-4baa-91ff-cd216c1d37f3', '77dbf5d0-4c86-434d-9d26-aff276447698', 'DWI', 'nobody-dwi@digital.justice.gov.uk', null),
       ('ee32d2c2-1c30-4b93-871a-efa5dea0d9ad', '77dbf5d0-4c86-434d-9d26-aff276447698', 'CLI', 'nobody-cli@digital.justice.gov.uk', null),
       ('29fb99b5-0b4f-4c5b-be27-b996545329d7', '77dbf5d0-4c86-434d-9d26-aff276447698', 'BRI', 'nobody-bri@digital.justice.gov.uk', null),
       ('3e961981-b3ab-4edc-8cc6-b5cb5fd8d560', '77dbf5d0-4c86-434d-9d26-aff276447698', 'KVI', 'nobody-kvi@digital.justice.gov.uk', null),
       ('ec714e59-2c33-477e-a52a-9d15290183d7', '77dbf5d0-4c86-434d-9d26-aff276447698', 'CWI', 'nobody-cwi@digital.justice.gov.uk', null),
       ('9dd1f75c-761c-4f92-9274-df86dae85ad3', '77dbf5d0-4c86-434d-9d26-aff276447698', 'DHI', 'nobody-dhi@digital.justice.gov.uk', null),
       ('84f06777-520b-4327-abae-a882c0bca8a2', '77dbf5d0-4c86-434d-9d26-aff276447698', 'FYI', 'nobody-fyi@digital.justice.gov.uk', null),
       ('0904a0db-8e53-4a90-8adc-44b8a75b4ea6', '77dbf5d0-4c86-434d-9d26-aff276447698', 'ONI', 'nobody-oni@digital.justice.gov.uk', null),
       ('f34285dc-db58-4431-817f-ecd2c3fef7ee', '77dbf5d0-4c86-434d-9d26-aff276447698', 'SPI', 'nobody-spi@digital.justice.gov.uk', null),
       ('db566bff-2319-4c5f-a0fe-84626368ccdf', '77dbf5d0-4c86-434d-9d26-aff276447698', 'LPI', 'nobody-lpi@digital.justice.gov.uk', null),
       ('70b318ee-aaf0-480c-a358-166dcb23616f', '77dbf5d0-4c86-434d-9d26-aff276447698', 'HBI', 'nobody-hbi@digital.justice.gov.uk', null),
       ('f8f12b01-6852-41f2-bfc8-c8debeb03b05', '77dbf5d0-4c86-434d-9d26-aff276447698', 'PBI', 'nobody-pbi@digital.justice.gov.uk', null),
       ('0325bfc3-c826-439d-9c88-cd400626cc2d', '77dbf5d0-4c86-434d-9d26-aff276447698', 'SUI', 'nobody-sui@digital.justice.gov.uk', null),
       ('db0e4305-1462-4444-814c-64becbbd5e73', '77dbf5d0-4c86-434d-9d26-aff276447698', 'GMI', 'nobody-gmi@digital.justice.gov.uk', null),
       ('ae2b0687-52a9-448e-8184-181ef2a0b1bf', '77dbf5d0-4c86-434d-9d26-aff276447698', 'OWI', 'nobody-owi@digital.justice.gov.uk', null),
       ('2140b3db-b12f-47e8-ae3f-427d0837c548', '77dbf5d0-4c86-434d-9d26-aff276447698', 'FDI', 'nobody-fdi@digital.justice.gov.uk', null),
       ('276d3d04-a900-4fcd-8b9d-22f052ac821f', '77dbf5d0-4c86-434d-9d26-aff276447698', 'EEI', 'nobody-eei@digital.justice.gov.uk', null),
       ('ddd23239-89e4-477d-964c-cf3a820a69e2', '77dbf5d0-4c86-434d-9d26-aff276447698', 'SFI', 'nobody-sfi@digital.justice.gov.uk', null),
       ('b8bb49b6-0258-4ec0-b5d7-f98617264843', '77dbf5d0-4c86-434d-9d26-aff276447698', 'ISI', 'nobody-isi@digital.justice.gov.uk', null),
       ('f8265763-fc19-4dbd-b6e4-19233a037f15', '77dbf5d0-4c86-434d-9d26-aff276447698', 'PFI', 'nobody-pfi@digital.justice.gov.uk', null),
       ('9cd0b3df-46d8-493e-a0cc-4be74fab4400', '77dbf5d0-4c86-434d-9d26-aff276447698', 'LNI', 'nobody-lni@digital.justice.gov.uk', null),
       ('7167fa75-4ef4-4bb6-bd2e-ced92292dbed', '77dbf5d0-4c86-434d-9d26-aff276447698', 'FHI', 'nobody-fhi@digital.justice.gov.uk', null),
       ('ee2fd5e9-49c2-4eee-9e15-8f79f665bcc5', '77dbf5d0-4c86-434d-9d26-aff276447698', 'WSI', 'nobody-wsi@digital.justice.gov.uk', null),
       ('04661ee3-7000-49dc-9f11-b33021081936', '310a57b9-c541-4a44-829b-43a037649d9e', 'PDI', 'nobody-pdi@digital.justice.gov.uk', null),
       ('8df67e0f-b89c-4788-92a1-4aaee9eff630', '310a57b9-c541-4a44-829b-43a037649d9e', 'HDI', 'nobody-hdi@digital.justice.gov.uk', null),
       ('92c25253-e71f-4e98-86a3-328cc631498e', '5d8e6ab8-69b3-4464-a3fb-7768acc733c8', 'HPI', 'nobody-hpi@digital.justice.gov.uk', null),
       ('484dcff6-09ac-4674-b042-3e2a72f83c57', '5d8e6ab8-69b3-4464-a3fb-7768acc733c8', 'GMI', 'nobody-gmi@digital.justice.gov.uk', null),
       ('92fe28f9-9df9-49b1-98ed-0914f27a8225', '5d8e6ab8-69b3-4464-a3fb-7768acc733c8', 'BSI', 'nobody-bsi@digital.justice.gov.uk', null),
       ('71ab6625-6850-4cf0-9bc0-601d80bd4568', '5d8e6ab8-69b3-4464-a3fb-7768acc733c8', 'VEI', 'nobody-vei@digital.justice.gov.uk', null),
       ('7245b09f-e982-497e-9375-93840ba2f894', '5d8e6ab8-69b3-4464-a3fb-7768acc733c8', 'LLI', 'nobody-lli@digital.justice.gov.uk', null),
       ('149fe221-59b7-4570-8cd8-c2ee9ffa9e28', '5d8e6ab8-69b3-4464-a3fb-7768acc733c8', 'EHI', 'nobody-ehi@digital.justice.gov.uk', null),
       ('40e4ba02-a14e-48f3-a6b5-3dd5fdd000bc', '5d8e6ab8-69b3-4464-a3fb-7768acc733c8', 'LNI', 'nobody-lni@digital.justice.gov.uk', null),
       ('4d0a9977-dfe6-4e2d-bbd3-cdaa9a78d38e', '5d8e6ab8-69b3-4464-a3fb-7768acc733c8', 'DAI', 'nobody-dai@digital.justice.gov.uk', null),
       ('a984678b-3e7f-473b-9969-02caba3174fd', '5d8e6ab8-69b3-4464-a3fb-7768acc733c8', 'HMI', 'nobody-hmi@digital.justice.gov.uk', null),
       ('f6490b47-1551-4994-96b4-6f70dd16236b', '5d8e6ab8-69b3-4464-a3fb-7768acc733c8', 'BAI', 'nobody-bai@digital.justice.gov.uk', null),
       ('52f41f33-e4fc-4530-bfaf-a02e79487d9c', '5d8e6ab8-69b3-4464-a3fb-7768acc733c8', 'SUI', 'nobody-sui@digital.justice.gov.uk', null),
       ('827990c9-7745-4336-ad5d-d32800cb2c6f', '5d8e6ab8-69b3-4464-a3fb-7768acc733c8', 'BLI', 'nobody-bli@digital.justice.gov.uk', null),
       ('749bf5e3-32ce-45f0-b206-2c1e8aee3bc5', '5d8e6ab8-69b3-4464-a3fb-7768acc733c8', 'WSI', 'nobody-wsi@digital.justice.gov.uk', null),
       ('61ea3235-50d9-4296-978e-d1b3c1485e50', '5d8e6ab8-69b3-4464-a3fb-7768acc733c8', 'MSI', 'nobody-msi@digital.justice.gov.uk', null),
       ('5f113c12-72f0-4b1a-9f32-09123e289023', '5d8e6ab8-69b3-4464-a3fb-7768acc733c8', 'LFI', 'nobody-lfi@digital.justice.gov.uk', null),
       ('8672c631-61bb-4c34-96ee-08bd5d96298d', '5d8e6ab8-69b3-4464-a3fb-7768acc733c8', 'HVI', 'nobody-hvi@digital.justice.gov.uk', null),
       ('503d63b8-8a94-4d34-b31e-3822ebbc6b3c', '5d8e6ab8-69b3-4464-a3fb-7768acc733c8', 'HBI', 'nobody-hbi@digital.justice.gov.uk', null),
       ('d93436c2-36ef-4eb8-853c-0959f85ae472', '5d8e6ab8-69b3-4464-a3fb-7768acc733c8', 'SKI', 'nobody-ski@digital.justice.gov.uk', null),
       ('0632a1d9-a027-4b35-9223-6b72511d7996', '5d8e6ab8-69b3-4464-a3fb-7768acc733c8', 'DGI', 'nobody-dgi@digital.justice.gov.uk', null),
       ('ed28daaa-8465-4f5f-817f-a5ed1bbb7b41', '5d8e6ab8-69b3-4464-a3fb-7768acc733c8', 'PFI', 'nobody-pfi@digital.justice.gov.uk', null),
       ('8e4e9ee9-3161-486f-8611-7f082568325d', '5d8e6ab8-69b3-4464-a3fb-7768acc733c8', 'NWI', 'nobody-nwi@digital.justice.gov.uk', null),
       ('761be368-f4cd-4243-8e37-d7ac7c71c7ba', '5d8e6ab8-69b3-4464-a3fb-7768acc733c8', 'LII', 'nobody-lii@digital.justice.gov.uk', null),
       ('7bba1ed4-8625-4d5f-8b7b-c741e683ae5c', '5d8e6ab8-69b3-4464-a3fb-7768acc733c8', 'FHI', 'nobody-fhi@digital.justice.gov.uk', null),
       ('d1cd9f07-ae73-4e67-81e0-9d64cb7de3de', '5d8e6ab8-69b3-4464-a3fb-7768acc733c8', 'HLI', 'nobody-hli@digital.justice.gov.uk', null),
       ('c09c5b43-6537-4d31-b8b5-e57763a5f5db', '5d8e6ab8-69b3-4464-a3fb-7768acc733c8', 'LYI', 'nobody-lyi@digital.justice.gov.uk', null),
       ('8235835d-21f4-4364-9aa5-f6ca61baa191', '5d8e6ab8-69b3-4464-a3fb-7768acc733c8', 'BZI', 'nobody-bzi@digital.justice.gov.uk', null),
       ('780bf7a7-6b25-4a5b-afad-ed8e314b53f4', '5d8e6ab8-69b3-4464-a3fb-7768acc733c8', 'TSI', 'nobody-tsi@digital.justice.gov.uk', null),
       ('97816cb8-67a3-4ddd-ae3f-4635eda6f412', '5d8e6ab8-69b3-4464-a3fb-7768acc733c8', 'HDI', 'nobody-hdi@digital.justice.gov.uk', null),
       ('aef39060-eda2-4cbe-9894-dba1f8e9fa4c', '5d8e6ab8-69b3-4464-a3fb-7768acc733c8', 'WNI', 'nobody-wni@digital.justice.gov.uk', null),
       ('79e6fd53-a46f-45f2-911a-492d1ea7f459', '5d8e6ab8-69b3-4464-a3fb-7768acc733c8', 'SHI', 'nobody-shi@digital.justice.gov.uk', null),
       ('91670c77-ae2e-483d-a1df-048b7dd81934', '5d8e6ab8-69b3-4464-a3fb-7768acc733c8', 'ESI', 'nobody-esi@digital.justice.gov.uk', null),
       ('09adbae6-6e93-4da1-a9ad-9300177af1d1', '5d8e6ab8-69b3-4464-a3fb-7768acc733c8', 'BWI', 'nobody-bwi@digital.justice.gov.uk', null),
       ('992bbf86-2c28-4bd1-9301-8f12eeae6da6', '5d8e6ab8-69b3-4464-a3fb-7768acc733c8', 'KVI', 'nobody-kvi@digital.justice.gov.uk', null),
       ('fd0d6e0a-ea6c-4b73-9220-7282ab462002', '5d8e6ab8-69b3-4464-a3fb-7768acc733c8', 'PVI', 'nobody-pvi@digital.justice.gov.uk', null),
       ('0e8baa11-ff82-44d3-91db-85373de41659', '5d8e6ab8-69b3-4464-a3fb-7768acc733c8', 'SPI', 'nobody-spi@digital.justice.gov.uk', null),
       ('3a984bef-127b-4bd6-8758-faad9620e7dd', '5d8e6ab8-69b3-4464-a3fb-7768acc733c8', 'SDI', 'nobody-sdi@digital.justice.gov.uk', null),
       ('0e059168-c28b-484f-8212-49701c507a28', '5d8e6ab8-69b3-4464-a3fb-7768acc733c8', 'HEI', 'nobody-hei@digital.justice.gov.uk', null),
       ('8f223df6-0096-4359-a22c-4c88cd0e6a26', '5d8e6ab8-69b3-4464-a3fb-7768acc733c8', 'GTI', 'nobody-gti@digital.justice.gov.uk', null),
       ('1f710e42-c8c1-4a9c-9d22-e435110e9555', '5d8e6ab8-69b3-4464-a3fb-7768acc733c8', 'RCI', 'nobody-rci@digital.justice.gov.uk', null),
       ('3e3ec9c1-26e3-46f0-8993-604b33653d3f', '5d8e6ab8-69b3-4464-a3fb-7768acc733c8', 'RNI', 'nobody-rni@digital.justice.gov.uk', null),
       ('cf9cc93d-4578-4246-8f7b-b5a98901726e', '5d8e6ab8-69b3-4464-a3fb-7768acc733c8', 'BXI', 'nobody-bxi@digital.justice.gov.uk', null),
       ('c01d2cab-5301-4d02-b319-75b2f38ba877', '5d8e6ab8-69b3-4464-a3fb-7768acc733c8', 'CKI', 'nobody-cki@digital.justice.gov.uk', null),
       ('7d915edd-efed-4d79-ac67-5712427c9132', '5d8e6ab8-69b3-4464-a3fb-7768acc733c8', 'HHI', 'nobody-hhi@digital.justice.gov.uk', null),
       ('6f3a6f6e-4a72-46bb-a185-d95218e5bff0', '5d8e6ab8-69b3-4464-a3fb-7768acc733c8', 'FYI', 'nobody-fyi@digital.justice.gov.uk', null),
       ('58371f84-8d29-40f5-bf6a-45306314a8f3', '5d8e6ab8-69b3-4464-a3fb-7768acc733c8', 'MHI', 'nobody-mhi@digital.justice.gov.uk', null),
       ('1eb7d9bb-36ca-49b8-8ab6-895d13137474', '5d8e6ab8-69b3-4464-a3fb-7768acc733c8', 'SLI', 'nobody-sli@digital.justice.gov.uk', null),
       ('91bf90a7-161b-46f2-b824-95938520b628', '5d8e6ab8-69b3-4464-a3fb-7768acc733c8', 'DNI', 'nobody-dni@digital.justice.gov.uk', null),
       ('84be8b52-20d6-4e64-9e7e-b21c63c8bdf4', '5d8e6ab8-69b3-4464-a3fb-7768acc733c8', 'UPI', 'nobody-upi@digital.justice.gov.uk', null),
       ('e9913e4c-6cca-4f8f-a7a6-5c87924079c8', '5d8e6ab8-69b3-4464-a3fb-7768acc733c8', 'FMI', 'nobody-fmi@digital.justice.gov.uk', null),
       ('7512f4a6-607b-4a3d-8524-87d8e924173f', '5d8e6ab8-69b3-4464-a3fb-7768acc733c8', 'BNI', 'nobody-bni@digital.justice.gov.uk', null),
       ('fd5e7f08-25ae-437d-ae53-196d73fb0437', '5d8e6ab8-69b3-4464-a3fb-7768acc733c8', 'LWI', 'nobody-lwi@digital.justice.gov.uk', null),
       ('935cfd1f-ece3-40e4-938c-cca8e50ce912', '5d8e6ab8-69b3-4464-a3fb-7768acc733c8', 'BRI', 'nobody-bri@digital.justice.gov.uk', null),
       ('3e9b14ff-4abe-4dc0-b360-087800548db8', '5d8e6ab8-69b3-4464-a3fb-7768acc733c8', 'AYI', 'nobody-ayi@digital.justice.gov.uk', null),
       ('3029420c-f0a4-462d-a235-94765a602787', '5d8e6ab8-69b3-4464-a3fb-7768acc733c8', 'BMI', 'nobody-bmi@digital.justice.gov.uk', null),
       ('8d1bd833-5af6-43a8-a5a2-2ab413406030', '5d8e6ab8-69b3-4464-a3fb-7768acc733c8', 'LTI', 'nobody-lti@digital.justice.gov.uk', null),
       ('bcd10a06-15c5-4f85-8808-ce5d426ad4b6', '5d8e6ab8-69b3-4464-a3fb-7768acc733c8', 'IWI', 'nobody-iwi@digital.justice.gov.uk', null),
       ('b46479b8-c9a0-43d1-a32d-efb9d076e4fc', '5d8e6ab8-69b3-4464-a3fb-7768acc733c8', 'GNI', 'nobody-gni@digital.justice.gov.uk', null),
       ('182d4f91-4a29-47cc-9ce3-e4de587ad138', '5d8e6ab8-69b3-4464-a3fb-7768acc733c8', 'ISI', 'nobody-isi@digital.justice.gov.uk', null),
       ('71e2360c-27fe-4ce9-86d3-9a7496ad9467', '5d8e6ab8-69b3-4464-a3fb-7768acc733c8', 'HCI', 'nobody-hci@digital.justice.gov.uk', null),
       ('ee5e28a1-38c1-4908-ab2c-1328a3bc07e3', '5d8e6ab8-69b3-4464-a3fb-7768acc733c8', 'PDI', 'nobody-pdi@digital.justice.gov.uk', null),
       ('df7b520e-b918-4da6-afe9-130ca415fadc', '5d8e6ab8-69b3-4464-a3fb-7768acc733c8', 'SWI', 'nobody-swi@digital.justice.gov.uk', null),
       ('61c88f10-203b-4260-9db2-2b7f5471ecdb', '5d8e6ab8-69b3-4464-a3fb-7768acc733c8', 'NHI', 'nobody-nhi@digital.justice.gov.uk', null),
       ('63bdeba3-78fd-4d1f-b171-131364e08ce5', '5d8e6ab8-69b3-4464-a3fb-7768acc733c8', 'RHI', 'nobody-rhi@digital.justice.gov.uk', null),
       ('ef0790c8-18f6-4f13-a798-e7e3ee3525d1', '5d8e6ab8-69b3-4464-a3fb-7768acc733c8', 'NSI', 'nobody-nsi@digital.justice.gov.uk', null),
       ('b8c8b5e1-d379-4ef8-b73a-7ace3cba44de', '5d8e6ab8-69b3-4464-a3fb-7768acc733c8', 'DWI', 'nobody-dwi@digital.justice.gov.uk', null),
       ('601ec83f-a42f-49a9-a263-4ddf2e7e5194', '5d8e6ab8-69b3-4464-a3fb-7768acc733c8', 'CFI', 'nobody-cfi@digital.justice.gov.uk', null),
       ('7ed8500f-2821-40f0-b6f0-bddc00d60e2d', '5d8e6ab8-69b3-4464-a3fb-7768acc733c8', 'PNI', 'nobody-pni@digital.justice.gov.uk', null),
       ('9337b0f6-ba6b-4d52-a499-abd8452bb4b9', '5d8e6ab8-69b3-4464-a3fb-7768acc733c8', 'ACI', 'nobody-aci@digital.justice.gov.uk', null),
       ('bbf71676-fb1e-4664-8a88-308313307e26', '5d8e6ab8-69b3-4464-a3fb-7768acc733c8', 'RSI', 'nobody-rsi@digital.justice.gov.uk', null),
       ('f62b214f-dae9-4b21-8227-d04c36b7f7b4', '5d8e6ab8-69b3-4464-a3fb-7768acc733c8', 'LEI', 'nobody-lei@digital.justice.gov.uk', null),
       ('fe9870b8-09be-4c54-9ea1-4d6848e26bdd', '5d8e6ab8-69b3-4464-a3fb-7768acc733c8', 'EXI', 'nobody-exi@digital.justice.gov.uk', null),
       ('2055b7cd-9c5b-4255-a721-b0abe0f367a0', '5d8e6ab8-69b3-4464-a3fb-7768acc733c8', 'SFI', 'nobody-sfi@digital.justice.gov.uk', null),
       ('0178aca3-eb3b-4e1d-b416-bcf1abd611f5', '5d8e6ab8-69b3-4464-a3fb-7768acc733c8', 'STI', 'nobody-sti@digital.justice.gov.uk', null),
       ('ac87b50b-fd92-46e6-b090-73a68536c227', '5d8e6ab8-69b3-4464-a3fb-7768acc733c8', 'MTI', 'nobody-mti@digital.justice.gov.uk', null),
       ('ac05b6eb-1e4f-4649-83a1-437b2f5bd7f3', '5d8e6ab8-69b3-4464-a3fb-7768acc733c8', 'DHI', 'nobody-dhi@digital.justice.gov.uk', null),
       ('86de7201-fb59-4fe7-83ac-0ff0259f8377', '5d8e6ab8-69b3-4464-a3fb-7768acc733c8', 'DMI', 'nobody-dmi@digital.justice.gov.uk', null),
       ('a8fae457-860b-4f02-ace5-75e41398cac0', '5d8e6ab8-69b3-4464-a3fb-7768acc733c8', 'LGI', 'nobody-lgi@digital.justice.gov.uk', null),
       ('4e138b97-4800-49bc-ac44-96461ddaf085', '5d8e6ab8-69b3-4464-a3fb-7768acc733c8', 'FDI', 'nobody-fdi@digital.justice.gov.uk', null),
       ('03250be2-2577-4d91-bec2-597dc4b2b961', '5d8e6ab8-69b3-4464-a3fb-7768acc733c8', 'FNI', 'nobody-fni@digital.justice.gov.uk', null),
       ('81e7cd2d-74b0-4c2f-9bfc-bccb8a51ceaa', '5d8e6ab8-69b3-4464-a3fb-7768acc733c8', 'WTI', 'nobody-wti@digital.justice.gov.uk', null),
       ('189a5179-93e7-44b9-b44b-f439312994f7', '5d8e6ab8-69b3-4464-a3fb-7768acc733c8', 'FBI', 'nobody-fbi@digital.justice.gov.uk', null),
       ('b3492c10-9c07-4e76-a648-0a9b777189b9', '5d8e6ab8-69b3-4464-a3fb-7768acc733c8', 'WII', 'nobody-wii@digital.justice.gov.uk', null),
       ('2ff62282-208f-400d-9f8a-b2275071a6bd', '5d8e6ab8-69b3-4464-a3fb-7768acc733c8', 'NLI', 'nobody-nli@digital.justice.gov.uk', null),
       ('a4d8550c-9c29-4659-a53b-93fc73bd3564', '5d8e6ab8-69b3-4464-a3fb-7768acc733c8', 'LPI', 'nobody-lpi@digital.justice.gov.uk', null),
       ('4b2995b8-61b8-4181-af6e-f43d0c5d385c', 'de6c6c44-3194-4605-a383-f66fe512c5f3', 'HLI', 'nobody-hli@digital.justice.gov.uk', null),
       ('3927ae8f-b1b7-437b-9d9a-ee5307fcf059', 'de6c6c44-3194-4605-a383-f66fe512c5f3', 'WII', 'nobody-wii@digital.justice.gov.uk', null),
       ('4325c92d-8e80-4471-9d1c-9886334241c4', 'de6c6c44-3194-4605-a383-f66fe512c5f3', 'PNI', 'nobody-pni@digital.justice.gov.uk', null),
       ('176a6a98-9164-4edb-9b43-9f9688eec1ff', 'de6c6c44-3194-4605-a383-f66fe512c5f3', 'MDI', 'nobody-mdi@digital.justice.gov.uk', null),
       ('e7544577-2692-45cc-9ea7-50633164023d', 'de6c6c44-3194-4605-a383-f66fe512c5f3', 'FKI', 'nobody-fki@digital.justice.gov.uk', null),
       ('71233c2d-f656-4af2-b96a-70572edf5471', 'de6c6c44-3194-4605-a383-f66fe512c5f3', 'ONI', 'nobody-oni@digital.justice.gov.uk', null),
       ('632d8929-393d-4d90-98cc-0df25e9d6f62', 'de6c6c44-3194-4605-a383-f66fe512c5f3', 'KVI', 'nobody-kvi@digital.justice.gov.uk', null),
       ('e0a2290e-7d10-4d1d-b5fb-9ad1c232a6e6', 'de6c6c44-3194-4605-a383-f66fe512c5f3', 'SFI', 'nobody-sfi@digital.justice.gov.uk', null),
       ('7490b59e-e533-43e3-ba5e-42d03c6706b7', 'de6c6c44-3194-4605-a383-f66fe512c5f3', 'TCI', 'nobody-tci@digital.justice.gov.uk', null),
       ('ab50f67c-bbd5-4360-85f5-48d24e6ce7b6', 'de6c6c44-3194-4605-a383-f66fe512c5f3', 'UPI', 'nobody-upi@digital.justice.gov.uk', null),
       ('2c672bbc-62d6-48ff-b3aa-cc76d55552ba', 'de6c6c44-3194-4605-a383-f66fe512c5f3', 'FHI', 'nobody-fhi@digital.justice.gov.uk', null),
       ('da41b3a0-b725-4356-ab6e-f1f747747ff1', 'de6c6c44-3194-4605-a383-f66fe512c5f3', 'LLI', 'nobody-lli@digital.justice.gov.uk', null),
       ('b93b5b5f-35d7-4e07-a446-c45aa47c8677', 'de6c6c44-3194-4605-a383-f66fe512c5f3', 'DWI', 'nobody-dwi@digital.justice.gov.uk', null),
       ('ac2c4eab-e843-49dd-871c-c7cea9f66bc5', 'de6c6c44-3194-4605-a383-f66fe512c5f3', 'IWI', 'nobody-iwi@digital.justice.gov.uk', null),
       ('c5952d80-11ff-431d-9140-ac3b1c2c0939', 'de6c6c44-3194-4605-a383-f66fe512c5f3', 'CDI', 'nobody-cdi@digital.justice.gov.uk', null),
       ('0d9332f1-4bf7-415f-ba4f-e78fdec6c8ef', 'de6c6c44-3194-4605-a383-f66fe512c5f3', 'HCI', 'nobody-hci@digital.justice.gov.uk', null),
       ('8368b3e2-baea-4ad7-9ba5-24f1765806a9', 'de6c6c44-3194-4605-a383-f66fe512c5f3', 'SDI', 'nobody-sdi@digital.justice.gov.uk', null),
       ('cc803f8c-8334-480a-a56a-c54a6ca53f6c', 'de6c6c44-3194-4605-a383-f66fe512c5f3', 'MSI', 'nobody-msi@digital.justice.gov.uk', null),
       ('47770ecf-acf0-4d31-8c53-1d44924b6c36', 'de6c6c44-3194-4605-a383-f66fe512c5f3', 'SPI', 'nobody-spi@digital.justice.gov.uk', null),
       ('eed31698-7fa1-4484-a8d9-6c2ddec4963c', 'de6c6c44-3194-4605-a383-f66fe512c5f3', 'FWI', 'nobody-fwi@digital.justice.gov.uk', null),
       ('83de5859-220a-4701-aebb-39c333be59ae', 'de6c6c44-3194-4605-a383-f66fe512c5f3', 'BZI', 'nobody-bzi@digital.justice.gov.uk', null),
       ('2ab5c29f-74d4-4662-80a5-4baeb2c6d26f', 'de6c6c44-3194-4605-a383-f66fe512c5f3', 'WDI', 'nobody-wdi@digital.justice.gov.uk', null),
       ('69a74f8b-9213-4a34-a7cd-122d1a772279', 'de6c6c44-3194-4605-a383-f66fe512c5f3', 'HHI', 'nobody-hhi@digital.justice.gov.uk', null),
       ('fb7ee572-a415-4da3-ad79-9f4cdea32b2c', 'de6c6c44-3194-4605-a383-f66fe512c5f3', 'TSI', 'nobody-tsi@digital.justice.gov.uk', null),
       ('de9bf378-0264-4c59-8962-ad7a17b6348f', 'de6c6c44-3194-4605-a383-f66fe512c5f3', 'SLI', 'nobody-sli@digital.justice.gov.uk', null),
       ('1de478e4-8c2d-41af-8ef1-81c5463a8375', 'de6c6c44-3194-4605-a383-f66fe512c5f3', 'BAI', 'nobody-bai@digital.justice.gov.uk', null),
       ('e1606721-192b-42c6-bbaf-8753045a70cd', 'de6c6c44-3194-4605-a383-f66fe512c5f3', 'EEI', 'nobody-eei@digital.justice.gov.uk', null),
       ('7097e00c-36ec-4bf4-8fbb-d60b62da83de', 'de6c6c44-3194-4605-a383-f66fe512c5f3', 'HVI', 'nobody-hvi@digital.justice.gov.uk', null),
       ('f9aa64d8-3093-4283-908b-ef1be3dbd35a', 'de6c6c44-3194-4605-a383-f66fe512c5f3', 'AGI', 'nobody-agi@digital.justice.gov.uk', null),
       ('006a0a17-d0ad-4bd4-ac5a-d4d6cb4ba2da', 'de6c6c44-3194-4605-a383-f66fe512c5f3', 'BXI', 'nobody-bxi@digital.justice.gov.uk', null),
       ('64d41b33-71f0-45e7-97e0-a017cac547fa', 'de6c6c44-3194-4605-a383-f66fe512c5f3', 'BWI', 'nobody-bwi@digital.justice.gov.uk', null),
       ('264e59cc-11a0-4bb4-b507-ba8c2b8474b6', 'de6c6c44-3194-4605-a383-f66fe512c5f3', 'LWI', 'nobody-lwi@digital.justice.gov.uk', null),
       ('0cdbd0c6-a87f-45a5-be89-effcb367c82b', 'de6c6c44-3194-4605-a383-f66fe512c5f3', 'BLI', 'nobody-bli@digital.justice.gov.uk', null),
       ('74b7bd91-b857-4fea-81ce-81c758cff579', 'de6c6c44-3194-4605-a383-f66fe512c5f3', 'UKI', 'nobody-uki@digital.justice.gov.uk', null),
       ('760180ab-9ddb-4d3d-bd08-1698923bce58', 'de6c6c44-3194-4605-a383-f66fe512c5f3', 'GHI', 'nobody-ghi@digital.justice.gov.uk', null),
       ('8c131531-251b-4dd9-97db-2b4ad2f23613', 'de6c6c44-3194-4605-a383-f66fe512c5f3', 'LGI', 'nobody-lgi@digital.justice.gov.uk', null),
       ('e6a40d12-5a08-49c1-987c-196e5fe47b4f', 'de6c6c44-3194-4605-a383-f66fe512c5f3', 'SWI', 'nobody-swi@digital.justice.gov.uk', null),
       ('30163352-2fe6-436f-977d-abb7a507b84c', 'de6c6c44-3194-4605-a383-f66fe512c5f3', 'FNI', 'nobody-fni@digital.justice.gov.uk', null),
       ('e2820e73-7180-4654-bc8c-850246e32b8b', 'de6c6c44-3194-4605-a383-f66fe512c5f3', 'DHI', 'nobody-dhi@digital.justice.gov.uk', null),
       ('5c76a9c7-75db-4963-8aa7-858ca60cb554', 'de6c6c44-3194-4605-a383-f66fe512c5f3', 'ACI', 'nobody-aci@digital.justice.gov.uk', null),
       ('2226df15-f659-4f80-9e17-cad78c0c4436', 'de6c6c44-3194-4605-a383-f66fe512c5f3', 'SKI', 'nobody-ski@digital.justice.gov.uk', null),
       ('1590e077-f65e-45aa-b26e-c8eebd3c80b9', 'de6c6c44-3194-4605-a383-f66fe512c5f3', 'FBI', 'nobody-fbi@digital.justice.gov.uk', null),
       ('9fc82070-ec55-4eaf-81a0-f8d730bf7208', 'de6c6c44-3194-4605-a383-f66fe512c5f3', 'HOI', 'nobody-hoi@digital.justice.gov.uk', null),
       ('db4a9373-e618-40ef-8f95-538973617ba3', 'de6c6c44-3194-4605-a383-f66fe512c5f3', 'WMI', 'nobody-wmi@digital.justice.gov.uk', null),
       ('2b3e52e5-d221-42c6-8643-d1d556393dc9', 'de6c6c44-3194-4605-a383-f66fe512c5f3', 'CWI', 'nobody-cwi@digital.justice.gov.uk', null),
       ('d1b954f7-4404-4342-93b1-2bfb97aaa069', 'de6c6c44-3194-4605-a383-f66fe512c5f3', 'DAI', 'nobody-dai@digital.justice.gov.uk', null),
       ('a81fa384-56d1-4912-8b10-94721fe86f7b', 'de6c6c44-3194-4605-a383-f66fe512c5f3', 'WHI', 'nobody-whi@digital.justice.gov.uk', null),
       ('0a25ae42-520f-41a7-94b5-4581aeddd4c9', 'de6c6c44-3194-4605-a383-f66fe512c5f3', 'SHI', 'nobody-shi@digital.justice.gov.uk', null),
       ('74680ac2-7d90-460b-b99f-6cc72f7c6c60', 'de6c6c44-3194-4605-a383-f66fe512c5f3', 'GNI', 'nobody-gni@digital.justice.gov.uk', null),
       ('b26eb5e2-355d-4914-aaef-5c37a00dfa28', 'de6c6c44-3194-4605-a383-f66fe512c5f3', 'BNI', 'nobody-bni@digital.justice.gov.uk', null),
       ('5c025137-fbfb-438d-820a-035c932df379', 'de6c6c44-3194-4605-a383-f66fe512c5f3', 'PFI', 'nobody-pfi@digital.justice.gov.uk', null),
       ('8da1514f-519f-41b6-8857-c5fff3143ad2', 'de6c6c44-3194-4605-a383-f66fe512c5f3', 'WYI', 'nobody-wyi@digital.justice.gov.uk', null),
       ('23920efa-def7-4c98-8cf3-8beebf67d034', 'de6c6c44-3194-4605-a383-f66fe512c5f3', 'NSI', 'nobody-nsi@digital.justice.gov.uk', null),
       ('795b37d3-5f20-4ab8-8e71-a88a8ce4860d', 'de6c6c44-3194-4605-a383-f66fe512c5f3', 'WLI', 'nobody-wli@digital.justice.gov.uk', null),
       ('02bc0da6-9cf9-413f-bb49-b193efb52979', 'de6c6c44-3194-4605-a383-f66fe512c5f3', 'WWI', 'nobody-wwi@digital.justice.gov.uk', null),
       ('4cf7bfa2-47f6-49ba-906d-0148d3f5f9bf', 'de6c6c44-3194-4605-a383-f66fe512c5f3', 'LTI', 'nobody-lti@digital.justice.gov.uk', null),
       ('25bfb127-bd6e-4d70-8d14-5bee1d1f13c8', 'de6c6c44-3194-4605-a383-f66fe512c5f3', 'NLI', 'nobody-nli@digital.justice.gov.uk', null),
       ('2aaacc89-725f-4835-aa19-c56e97c20885', 'de6c6c44-3194-4605-a383-f66fe512c5f3', 'LPI', 'nobody-lpi@digital.justice.gov.uk', null),
       ('6e83ba1a-cc09-4a20-b75f-fa41529050fd', 'de6c6c44-3194-4605-a383-f66fe512c5f3', 'BSI', 'nobody-bsi@digital.justice.gov.uk', null),
       ('a51dfcad-6dd7-4853-8b3f-7cfa7c847b30', 'de6c6c44-3194-4605-a383-f66fe512c5f3', 'PBI', 'nobody-pbi@digital.justice.gov.uk', null),
       ('dfb7c609-8cb5-44c1-aef3-aa2d72694eec', 'de6c6c44-3194-4605-a383-f66fe512c5f3', 'NWI', 'nobody-nwi@digital.justice.gov.uk', null),
       ('97e85339-0975-4041-b396-fc499e5493f5', 'de6c6c44-3194-4605-a383-f66fe512c5f3', 'EYI', 'nobody-eyi@digital.justice.gov.uk', null),
       ('fc033532-a095-4960-a09d-4b518283da14', 'de6c6c44-3194-4605-a383-f66fe512c5f3', 'HEI', 'nobody-hei@digital.justice.gov.uk', null),
       ('35154ee3-8d78-494b-85c5-3c876d39f24f', 'de6c6c44-3194-4605-a383-f66fe512c5f3', 'SNI', 'nobody-sni@digital.justice.gov.uk', null),
       ('6c1d6db4-30b6-4aee-9c8d-9621a59b54eb', 'de6c6c44-3194-4605-a383-f66fe512c5f3', 'NMI', 'nobody-nmi@digital.justice.gov.uk', null),
       ('075f1e20-e008-48a7-b56d-c73dffa12cfb', 'de6c6c44-3194-4605-a383-f66fe512c5f3', 'LFI', 'nobody-lfi@digital.justice.gov.uk', null),
       ('85706d7d-0223-4edc-8a7b-729cf071618e', 'de6c6c44-3194-4605-a383-f66fe512c5f3', 'FMI', 'nobody-fmi@digital.justice.gov.uk', null),
       ('6262e819-54c8-4180-a21a-3e005d5b60d7', 'de6c6c44-3194-4605-a383-f66fe512c5f3', 'HBI', 'nobody-hbi@digital.justice.gov.uk', null),
       ('85efaa6c-880c-4855-ba50-61eddfcc1834', 'de6c6c44-3194-4605-a383-f66fe512c5f3', 'BMI', 'nobody-bmi@digital.justice.gov.uk', null),
       ('f9fa5451-0900-4e68-b477-bb3af641833d', 'de6c6c44-3194-4605-a383-f66fe512c5f3', 'FDI', 'nobody-fdi@digital.justice.gov.uk', null),
       ('dcbeed6f-85e7-46c0-8026-23ab27538614', 'de6c6c44-3194-4605-a383-f66fe512c5f3', 'WRI', 'nobody-wri@digital.justice.gov.uk', null),
       ('ee63d6dd-04ab-478f-b497-0a010d42812d', 'de6c6c44-3194-4605-a383-f66fe512c5f3', 'WEI', 'nobody-wei@digital.justice.gov.uk', null),
       ('ced2213d-90fc-4c27-95f9-5d8dbecc4f28', 'de6c6c44-3194-4605-a383-f66fe512c5f3', 'EWI', 'nobody-ewi@digital.justice.gov.uk', null),
       ('6f3472ae-36db-46e2-81af-cf9f43f8b2a4', 'de6c6c44-3194-4605-a383-f66fe512c5f3', 'EHI', 'nobody-ehi@digital.justice.gov.uk', null),
       ('a598b303-95f3-4798-8f93-d31b8c2a99cb', 'de6c6c44-3194-4605-a383-f66fe512c5f3', 'DMI', 'nobody-dmi@digital.justice.gov.uk', null),
       ('7265655a-9ac2-4706-a9ca-bfb47116d7a6', 'de6c6c44-3194-4605-a383-f66fe512c5f3', 'BFI', 'nobody-bfi@digital.justice.gov.uk', null),
       ('21baf8fe-b6f3-458a-b709-6618963b0a9e', 'de6c6c44-3194-4605-a383-f66fe512c5f3', 'CLI', 'nobody-cli@digital.justice.gov.uk', null),
       ('7e859d70-c023-427c-81be-46f5987159ca', 'de6c6c44-3194-4605-a383-f66fe512c5f3', 'RCI', 'nobody-rci@digital.justice.gov.uk', null),
       ('b409c42f-9df3-4452-8b53-7c26a7c9d779', 'de6c6c44-3194-4605-a383-f66fe512c5f3', 'LHI', 'nobody-lhi@digital.justice.gov.uk', null),
       ('24975e72-d7f6-4c74-8eb0-037c6f99c4ca', '5148cfcd-0daf-45e4-a560-4d899409944a', 'UKI', 'nobody-uki@digital.justice.gov.uk', null),
       ('87120e01-6fb1-450a-888b-267a709cfd1d', '5148cfcd-0daf-45e4-a560-4d899409944a', 'AGI', 'nobody-agi@digital.justice.gov.uk', null),
       ('4b408228-153d-4dd7-8424-2b6e8748e94d', '5148cfcd-0daf-45e4-a560-4d899409944a', 'WEI', 'nobody-wei@digital.justice.gov.uk', null),
       ('30059099-ef1b-4aef-bbc6-83216a711f0c', '5148cfcd-0daf-45e4-a560-4d899409944a', 'EHI', 'nobody-ehi@digital.justice.gov.uk', null),
       ('a80b7a3c-7628-4e6f-9fa8-bfa452fcadb8', '5148cfcd-0daf-45e4-a560-4d899409944a', 'PYI', 'nobody-pyi@digital.justice.gov.uk', null),
       ('b5e9d1c0-f035-4d5d-93df-6ba050e1ce26', '5148cfcd-0daf-45e4-a560-4d899409944a', 'WRI', 'nobody-wri@digital.justice.gov.uk', null),
       ('e8df5bf6-547b-46f8-b77e-cae1fe57bab6', '5148cfcd-0daf-45e4-a560-4d899409944a', 'EWI', 'nobody-ewi@digital.justice.gov.uk', null),
       ('ea15acb7-eb0f-414c-86f2-efc0d01b5084', '5148cfcd-0daf-45e4-a560-4d899409944a', 'VEI', 'nobody-vei@digital.justice.gov.uk', null),
       ('78b4b4c4-7618-4aa0-af7c-5a3d9fa1e388', '5148cfcd-0daf-45e4-a560-4d899409944a', 'IWI', 'nobody-iwi@digital.justice.gov.uk', null),
       ('b836e266-4a5b-497a-8c18-97aab2c695a2', '5148cfcd-0daf-45e4-a560-4d899409944a', 'ASI', 'nobody-asi@digital.justice.gov.uk', null),
       ('e8abb169-3fdf-4f33-812f-f85b8b9570aa', '5148cfcd-0daf-45e4-a560-4d899409944a', 'CKI', 'nobody-cki@digital.justice.gov.uk', null),
       ('319785ae-0e77-4ba1-95d5-41c35eb76b6a', '5148cfcd-0daf-45e4-a560-4d899409944a', 'WWI', 'nobody-wwi@digital.justice.gov.uk', null),
       ('f93ea11c-c6ae-4364-b9d2-70bfecb8055a', '5148cfcd-0daf-45e4-a560-4d899409944a', 'CFI', 'nobody-cfi@digital.justice.gov.uk', null),
       ('183e081d-049d-429f-9517-47ef1388e415', '5148cfcd-0daf-45e4-a560-4d899409944a', 'WSI', 'nobody-wsi@digital.justice.gov.uk', null),
       ('5da33327-4b49-41f6-b1b6-ccd77a458eb5', '5148cfcd-0daf-45e4-a560-4d899409944a', 'FBI', 'nobody-fbi@digital.justice.gov.uk', null),
       ('8c872ec5-1763-4faa-a043-6bce61505830', '5148cfcd-0daf-45e4-a560-4d899409944a', 'FMI', 'nobody-fmi@digital.justice.gov.uk', null),
       ('ec273a05-805c-40c0-a129-0731cfe4dd5c', '5148cfcd-0daf-45e4-a560-4d899409944a', 'WYI', 'nobody-wyi@digital.justice.gov.uk', null),
       ('bc8be995-8294-4fa8-8e05-de5fbd7e0899', '5148cfcd-0daf-45e4-a560-4d899409944a', 'PBI', 'nobody-pbi@digital.justice.gov.uk', null),
       ('5ac23215-96a5-45d3-b3cd-94935e1c7b2e', '5148cfcd-0daf-45e4-a560-4d899409944a', 'LHI', 'nobody-lhi@digital.justice.gov.uk', null),
       ('bb147f9b-96d1-4f08-b46a-a83b75857bff', '5148cfcd-0daf-45e4-a560-4d899409944a', 'SWI', 'nobody-swi@digital.justice.gov.uk', null),
       ('4fbec12c-e504-4355-be95-441044d6b65d', '5148cfcd-0daf-45e4-a560-4d899409944a', 'SKI', 'nobody-ski@digital.justice.gov.uk', null),
       ('222647b5-1ca7-4248-b61f-dc15c209a0f7', '5148cfcd-0daf-45e4-a560-4d899409944a', 'LII', 'nobody-lii@digital.justice.gov.uk', null),
       ('bcf7c885-eb20-4e21-be6a-1b74e06798ce', '5148cfcd-0daf-45e4-a560-4d899409944a', 'BLI', 'nobody-bli@digital.justice.gov.uk', null),
       ('5b0b2eb2-ba86-49d6-ab65-d1aa034bb061', '5148cfcd-0daf-45e4-a560-4d899409944a', 'WLI', 'nobody-wli@digital.justice.gov.uk', null),
       ('f07c1ffd-6227-4010-93da-442633759aa5', '5148cfcd-0daf-45e4-a560-4d899409944a', 'HII', 'nobody-hii@digital.justice.gov.uk', null),
       ('f725942e-d945-4fcc-a9af-0bb04c7ca44d', '5148cfcd-0daf-45e4-a560-4d899409944a', 'GNI', 'nobody-gni@digital.justice.gov.uk', null),
       ('c11f3303-5f55-4876-bff3-474cc175f124', '5148cfcd-0daf-45e4-a560-4d899409944a', 'RSI', 'nobody-rsi@digital.justice.gov.uk', null),
       ('e095b3a7-e682-41de-aa8f-1d4e54561d81', '5148cfcd-0daf-45e4-a560-4d899409944a', 'CLI', 'nobody-cli@digital.justice.gov.uk', null),
       ('a6364f24-e252-4c4e-9a8e-0650e35833f7', '5148cfcd-0daf-45e4-a560-4d899409944a', 'MSI', 'nobody-msi@digital.justice.gov.uk', null),
       ('74945ad7-ef17-4a1b-bc5e-5747a3811411', '5148cfcd-0daf-45e4-a560-4d899409944a', 'PRI', 'nobody-pri@digital.justice.gov.uk', null),
       ('dbde8b10-8d30-4e59-a05d-7a6c79c8ec9b', '5148cfcd-0daf-45e4-a560-4d899409944a', 'BWI', 'nobody-bwi@digital.justice.gov.uk', null),
       ('99c78ffa-433c-4862-a170-074567fb9554', '5148cfcd-0daf-45e4-a560-4d899409944a', 'LCI', 'nobody-lci@digital.justice.gov.uk', null),
       ('b13962e3-e3bf-4cff-8311-5293af9481df', '5148cfcd-0daf-45e4-a560-4d899409944a', 'SNI', 'nobody-sni@digital.justice.gov.uk', null),
       ('ba1f89df-0787-44b0-9d34-1f229e93e948', '5148cfcd-0daf-45e4-a560-4d899409944a', 'DTI', 'nobody-dti@digital.justice.gov.uk', null),
       ('70135bc6-a3ba-4fe2-a2f6-5eb234f5b4ab', '5148cfcd-0daf-45e4-a560-4d899409944a', 'LNI', 'nobody-lni@digital.justice.gov.uk', null),
       ('91e733de-c566-41d8-8b39-30ae800ee7d1', '5148cfcd-0daf-45e4-a560-4d899409944a', 'NLI', 'nobody-nli@digital.justice.gov.uk', null),
       ('e5f83c45-b948-43c2-a6d9-8e976a6f845e', '5148cfcd-0daf-45e4-a560-4d899409944a', 'FSI', 'nobody-fsi@digital.justice.gov.uk', null),
       ('89d86c85-1081-42b6-a081-e2f58ca50241', '5148cfcd-0daf-45e4-a560-4d899409944a', 'GMI', 'nobody-gmi@digital.justice.gov.uk', null),
       ('9c6b0da4-3c8c-479d-b9e9-38934111871a', '5148cfcd-0daf-45e4-a560-4d899409944a', 'BXI', 'nobody-bxi@digital.justice.gov.uk', null),
       ('f097d423-554b-43ce-8daf-4c8ffcb573f2', '5148cfcd-0daf-45e4-a560-4d899409944a', 'WCI', 'nobody-wci@digital.justice.gov.uk', null),
       ('49e42c07-552d-4e81-bda4-67cd80139b17', '5148cfcd-0daf-45e4-a560-4d899409944a', 'CDI', 'nobody-cdi@digital.justice.gov.uk', null),
       ('eb3be6b5-67ca-496e-87bc-07b5a44ad5dc', '5148cfcd-0daf-45e4-a560-4d899409944a', 'SDI', 'nobody-sdi@digital.justice.gov.uk', null),
       ('b0f25966-b0c0-4a28-abca-a24ad497f7c8', '5148cfcd-0daf-45e4-a560-4d899409944a', 'BAI', 'nobody-bai@digital.justice.gov.uk', null),
       ('a64181d0-1a02-4c6e-b3b3-a061bd569326', '5148cfcd-0daf-45e4-a560-4d899409944a', 'CWI', 'nobody-cwi@digital.justice.gov.uk', null),
       ('a46053d4-362d-48ad-ab39-311a845ad29e', '5148cfcd-0daf-45e4-a560-4d899409944a', 'LGI', 'nobody-lgi@digital.justice.gov.uk', null),
       ('6ef2a7d9-8ff1-4675-b3e2-4089de78abd8', '5148cfcd-0daf-45e4-a560-4d899409944a', 'HOI', 'nobody-hoi@digital.justice.gov.uk', null),
       ('9e0a2b0d-2ba0-4d44-9ba5-2c960af5cf95', '5148cfcd-0daf-45e4-a560-4d899409944a', 'LFI', 'nobody-lfi@digital.justice.gov.uk', null),
       ('234660c7-a88a-49a1-bbfe-4110172cc541', '5148cfcd-0daf-45e4-a560-4d899409944a', 'PNI', 'nobody-pni@digital.justice.gov.uk', null),
       ('9454d24d-4faf-4d18-af19-6fd19b5ad258', '5148cfcd-0daf-45e4-a560-4d899409944a', 'ESI', 'nobody-esi@digital.justice.gov.uk', null),
       ('e9d69a69-999b-4126-af4f-b28708ab8c2a', '5148cfcd-0daf-45e4-a560-4d899409944a', 'BNI', 'nobody-bni@digital.justice.gov.uk', null),
       ('a8044b1e-ca73-4dde-86f6-240f79eec22b', '5148cfcd-0daf-45e4-a560-4d899409944a', 'LEI', 'nobody-lei@digital.justice.gov.uk', null),
       ('22b800e9-ac1c-4269-a683-2a1c05f49aa3', '5148cfcd-0daf-45e4-a560-4d899409944a', 'DHI', 'nobody-dhi@digital.justice.gov.uk', null),
       ('160dd8e3-10af-4eb5-8a1b-d4a8a5456ca8', '5148cfcd-0daf-45e4-a560-4d899409944a', 'WNI', 'nobody-wni@digital.justice.gov.uk', null),
       ('65c6975a-d861-40b8-9e36-f8ada3055737', '5148cfcd-0daf-45e4-a560-4d899409944a', 'HMI', 'nobody-hmi@digital.justice.gov.uk', null),
       ('5000fef4-1a6c-4561-9f63-702ed6b0047d', '5148cfcd-0daf-45e4-a560-4d899409944a', 'KVI', 'nobody-kvi@digital.justice.gov.uk', null),
       ('8e10b150-e87e-4dbc-a411-711e8a8c15a2', '5148cfcd-0daf-45e4-a560-4d899409944a', 'RHI', 'nobody-rhi@digital.justice.gov.uk', null),
       ('3f02dd85-f704-4cf2-a6fd-dc55f9909222', '5148cfcd-0daf-45e4-a560-4d899409944a', 'SFI', 'nobody-sfi@digital.justice.gov.uk', null),
       ('f6405fc7-c23b-402b-82e4-d83e3fa7bef1', '5148cfcd-0daf-45e4-a560-4d899409944a', 'TCI', 'nobody-tci@digital.justice.gov.uk', null),
       ('64d6fad2-c6ce-4795-9f02-ac7156540146', '5148cfcd-0daf-45e4-a560-4d899409944a', 'BFI', 'nobody-bfi@digital.justice.gov.uk', null),
       ('0f5da1b3-689e-49b4-a277-2f19663f4f39', '5148cfcd-0daf-45e4-a560-4d899409944a', 'FHI', 'nobody-fhi@digital.justice.gov.uk', null),
       ('f6e37573-3365-44b1-8aca-4287eec285f0', '5148cfcd-0daf-45e4-a560-4d899409944a', 'NHI', 'nobody-nhi@digital.justice.gov.uk', null),
       ('a0ca9a2e-02cc-45f7-b2f2-52f546290d01', '5148cfcd-0daf-45e4-a560-4d899409944a', 'HBI', 'nobody-hbi@digital.justice.gov.uk', null),
       ('683d1abe-17cd-41f9-9fa6-b8f89dfb2a83', '5148cfcd-0daf-45e4-a560-4d899409944a', 'ACI', 'nobody-aci@digital.justice.gov.uk', null),
       ('12317d4c-8719-443a-8418-364d9b1265da', '5148cfcd-0daf-45e4-a560-4d899409944a', 'FDI', 'nobody-fdi@digital.justice.gov.uk', null),
       ('c4736bee-5576-42ed-b674-ee4d348fcc08', '5148cfcd-0daf-45e4-a560-4d899409944a', 'WTI', 'nobody-wti@digital.justice.gov.uk', null),
       ('a3b80fa0-46ca-418d-a91d-1f5033ec1441', '5148cfcd-0daf-45e4-a560-4d899409944a', 'BRI', 'nobody-bri@digital.justice.gov.uk', null),
       ('ed51add3-2b8d-4d84-83f5-5275e8015a01', '5148cfcd-0daf-45e4-a560-4d899409944a', 'SHI', 'nobody-shi@digital.justice.gov.uk', null),
       ('f71ca021-467c-48b5-9cac-b5a2b915a1bb', '5148cfcd-0daf-45e4-a560-4d899409944a', 'MTI', 'nobody-mti@digital.justice.gov.uk', null),
       ('aaad1981-592b-4ecb-bd6b-52cc4d27e3cf', '5148cfcd-0daf-45e4-a560-4d899409944a', 'AYI', 'nobody-ayi@digital.justice.gov.uk', null),
       ('a7ac2ca4-a7be-4aa7-a45e-e6dabe30a864', '5148cfcd-0daf-45e4-a560-4d899409944a', 'WHI', 'nobody-whi@digital.justice.gov.uk', null),
       ('b6bac13f-ab43-47a8-b886-b8aca5d3b6f4', '5148cfcd-0daf-45e4-a560-4d899409944a', 'PVI', 'nobody-pvi@digital.justice.gov.uk', null),
       ('1743428a-696a-427c-91d1-0a40a6fb770f', '5148cfcd-0daf-45e4-a560-4d899409944a', 'WMI', 'nobody-wmi@digital.justice.gov.uk', null),
       ('8627746a-68ca-464f-827b-66781e197040', '5148cfcd-0daf-45e4-a560-4d899409944a', 'SPI', 'nobody-spi@digital.justice.gov.uk', null),
       ('4d042ca4-0761-4c6f-abe2-ed4e9767cfb6', '5148cfcd-0daf-45e4-a560-4d899409944a', 'MDI', 'nobody-mdi@digital.justice.gov.uk', null),
       ('188c7d1c-e0f6-4aae-acd9-b59c9332aa24', '72e4d75f-32a3-4de4-b354-561f98fbf161', 'LWI', 'nobody-lwi@digital.justice.gov.uk', null),
       ('81a0aec4-3ea4-48f5-805d-2f7a0a120815', '72e4d75f-32a3-4de4-b354-561f98fbf161', 'RNI', 'nobody-rni@digital.justice.gov.uk', null),
       ('f20bc8d3-051b-4ac6-8361-f25e572fff68', '72e4d75f-32a3-4de4-b354-561f98fbf161', 'AYI', 'nobody-ayi@digital.justice.gov.uk', null),
       ('a183713c-161e-4a66-b364-f30dd45fb1e4', '72e4d75f-32a3-4de4-b354-561f98fbf161', 'BAI', 'nobody-bai@digital.justice.gov.uk', null),
       ('32b70ffb-e55d-4a41-8b26-8a8a2bbf6c8b', '72e4d75f-32a3-4de4-b354-561f98fbf161', 'ASI', 'nobody-asi@digital.justice.gov.uk', null),
       ('d85744e1-d540-482c-a524-2bf2bfd3b56b', '72e4d75f-32a3-4de4-b354-561f98fbf161', 'GMI', 'nobody-gmi@digital.justice.gov.uk', null),
       ('a89da9f1-1f07-4f08-81a6-f89ef1213200', '72e4d75f-32a3-4de4-b354-561f98fbf161', 'WSI', 'nobody-wsi@digital.justice.gov.uk', null),
       ('6d4d9fda-fcea-4889-ad1d-0946f62efb97', '72e4d75f-32a3-4de4-b354-561f98fbf161', 'STI', 'nobody-sti@digital.justice.gov.uk', null),
       ('7077a0a9-2950-4627-9383-247e86105659', '72e4d75f-32a3-4de4-b354-561f98fbf161', 'PVI', 'nobody-pvi@digital.justice.gov.uk', null),
       ('7d8fb7ff-18fc-405b-8ee4-00265491c9a2', '72e4d75f-32a3-4de4-b354-561f98fbf161', 'EEI', 'nobody-eei@digital.justice.gov.uk', null),
       ('664b14be-3702-4919-8404-aa518f33b7fe', '72e4d75f-32a3-4de4-b354-561f98fbf161', 'HPI', 'nobody-hpi@digital.justice.gov.uk', null),
       ('57aa1149-507a-4922-b091-2b5448d750c3', '72e4d75f-32a3-4de4-b354-561f98fbf161', 'DAI', 'nobody-dai@digital.justice.gov.uk', null),
       ('3c3f2750-9ae4-4745-9d61-a3169f7b78d5', '72e4d75f-32a3-4de4-b354-561f98fbf161', 'FSI', 'nobody-fsi@digital.justice.gov.uk', null),
       ('5a3f00c5-8fd5-4e43-92e7-4db2bc61e0aa', '72e4d75f-32a3-4de4-b354-561f98fbf161', 'WEI', 'nobody-wei@digital.justice.gov.uk', null),
       ('509e474c-1ead-44a8-877f-1bc44624cb2e', '72e4d75f-32a3-4de4-b354-561f98fbf161', 'SWI', 'nobody-swi@digital.justice.gov.uk', null),
       ('aeaede57-436d-4cd3-ab03-6b00f8fb9665', '72e4d75f-32a3-4de4-b354-561f98fbf161', 'WRI', 'nobody-wri@digital.justice.gov.uk', null),
       ('39582bd0-8d35-490f-9277-38c65049119d', '72e4d75f-32a3-4de4-b354-561f98fbf161', 'ISI', 'nobody-isi@digital.justice.gov.uk', null),
       ('c225e478-5f46-40db-ac44-999316be4415', '72e4d75f-32a3-4de4-b354-561f98fbf161', 'RCI', 'nobody-rci@digital.justice.gov.uk', null),
       ('b9370e88-cde4-48df-beff-80468b9ef8aa', '72e4d75f-32a3-4de4-b354-561f98fbf161', 'MHI', 'nobody-mhi@digital.justice.gov.uk', null),
       ('332e4544-fc02-4dde-ad58-1da2b33504ad', '72e4d75f-32a3-4de4-b354-561f98fbf161', 'WMI', 'nobody-wmi@digital.justice.gov.uk', null),
       ('0238b380-8a37-4e1a-9565-d9d87468c6c6', '72e4d75f-32a3-4de4-b354-561f98fbf161', 'NMI', 'nobody-nmi@digital.justice.gov.uk', null),
       ('fb1f78e7-e102-485d-b91d-e3905232eb28', '72e4d75f-32a3-4de4-b354-561f98fbf161', 'UKI', 'nobody-uki@digital.justice.gov.uk', null),
       ('bfda02a0-6a1c-4d9e-9d5c-43f6a4e727bf', '72e4d75f-32a3-4de4-b354-561f98fbf161', 'HII', 'nobody-hii@digital.justice.gov.uk', null),
       ('0d483eef-7f2b-468f-b35c-c4bd05635607', '72e4d75f-32a3-4de4-b354-561f98fbf161', 'NLI', 'nobody-nli@digital.justice.gov.uk', null),
       ('8515cf85-191e-4926-905b-f4aa49308598', '72e4d75f-32a3-4de4-b354-561f98fbf161', 'KMI', 'nobody-kmi@digital.justice.gov.uk', null),
       ('42846012-79ab-4182-aaab-8ccd59695b25', '72e4d75f-32a3-4de4-b354-561f98fbf161', 'HEI', 'nobody-hei@digital.justice.gov.uk', null),
       ('f41a0c7c-8396-4214-9f6c-288da2e66fe2', '72e4d75f-32a3-4de4-b354-561f98fbf161', 'EHI', 'nobody-ehi@digital.justice.gov.uk', null),
       ('9ad511d8-bab7-4b56-a5b4-bb33c897139c', '72e4d75f-32a3-4de4-b354-561f98fbf161', 'LNI', 'nobody-lni@digital.justice.gov.uk', null),
       ('fe99158e-b2d4-4e8c-9934-ae9bef9bf1b8', '72e4d75f-32a3-4de4-b354-561f98fbf161', 'SUI', 'nobody-sui@digital.justice.gov.uk', null),
       ('56c9786c-6710-4385-8fda-626e19d8b953', '72e4d75f-32a3-4de4-b354-561f98fbf161', 'LTI', 'nobody-lti@digital.justice.gov.uk', null),
       ('b4f0fc5d-cfe4-4a30-8ac7-2dc7b860e3da', '72e4d75f-32a3-4de4-b354-561f98fbf161', 'MTI', 'nobody-mti@digital.justice.gov.uk', null),
       ('c9366dd5-4aab-4697-b618-2b66adc6fa0f', '72e4d75f-32a3-4de4-b354-561f98fbf161', 'BFI', 'nobody-bfi@digital.justice.gov.uk', null),
       ('4f649165-340a-463d-b59c-8b3ed028225d', '72e4d75f-32a3-4de4-b354-561f98fbf161', 'DNI', 'nobody-dni@digital.justice.gov.uk', null),
       ('ef387c7d-b1cd-484f-9029-4543443a3611', '72e4d75f-32a3-4de4-b354-561f98fbf161', 'SNI', 'nobody-sni@digital.justice.gov.uk', null),
       ('22fbd3d2-9aee-4fbf-ac64-f73f945f6f84', '72e4d75f-32a3-4de4-b354-561f98fbf161', 'BSI', 'nobody-bsi@digital.justice.gov.uk', null),
       ('dee6e0b0-49ef-4f21-9e15-e832db93219e', '72e4d75f-32a3-4de4-b354-561f98fbf161', 'NWI', 'nobody-nwi@digital.justice.gov.uk', null),
       ('1ef86057-4950-4872-a5d4-907d5c69ca33', '72e4d75f-32a3-4de4-b354-561f98fbf161', 'PFI', 'nobody-pfi@digital.justice.gov.uk', null),
       ('210657fd-50dd-4c37-ae27-7ef06491cd5e', '72e4d75f-32a3-4de4-b354-561f98fbf161', 'IWI', 'nobody-iwi@digital.justice.gov.uk', null),
       ('85e4fb96-ec40-4edb-b6ea-2406946ec61a', '72e4d75f-32a3-4de4-b354-561f98fbf161', 'BMI', 'nobody-bmi@digital.justice.gov.uk', null),
       ('b3fb3ec1-d9f1-43f5-be67-cc02dcf0eb98', '72e4d75f-32a3-4de4-b354-561f98fbf161', 'HDI', 'nobody-hdi@digital.justice.gov.uk', null),
       ('a394d4ba-adda-4d94-ae24-1a06509ed467', '72e4d75f-32a3-4de4-b354-561f98fbf161', 'LHI', 'nobody-lhi@digital.justice.gov.uk', null),
       ('935a5bd4-226b-4990-b15c-d809af442cba', '72e4d75f-32a3-4de4-b354-561f98fbf161', 'WWI', 'nobody-wwi@digital.justice.gov.uk', null),
       ('4509d04b-37cb-4851-95b6-aceab96ec9b9', '72e4d75f-32a3-4de4-b354-561f98fbf161', 'SLI', 'nobody-sli@digital.justice.gov.uk', null),
       ('0e4e6530-272e-435d-96a5-51b2ef050482', '72e4d75f-32a3-4de4-b354-561f98fbf161', 'WYI', 'nobody-wyi@digital.justice.gov.uk', null),
       ('0f0952ea-7699-4f26-8d7f-267c792f1393', '72e4d75f-32a3-4de4-b354-561f98fbf161', 'ACI', 'nobody-aci@digital.justice.gov.uk', null),
       ('2f5c8114-9ef4-4638-a0e0-6391b74510ea', '72e4d75f-32a3-4de4-b354-561f98fbf161', 'DHI', 'nobody-dhi@digital.justice.gov.uk', null),
       ('0ec7f7cc-6cbf-4b01-9cef-8f990a755857', '72e4d75f-32a3-4de4-b354-561f98fbf161', 'CKI', 'nobody-cki@digital.justice.gov.uk', null),
       ('f5c407c1-67cf-4b51-b3ad-595e5c77db12', '72e4d75f-32a3-4de4-b354-561f98fbf161', 'WNI', 'nobody-wni@digital.justice.gov.uk', null),
       ('a3739731-8baa-461a-bf82-369604d83513', '72e4d75f-32a3-4de4-b354-561f98fbf161', 'SKI', 'nobody-ski@digital.justice.gov.uk', null),
       ('0397ce68-3ec7-48ac-ab67-16be5d258f09', '72e4d75f-32a3-4de4-b354-561f98fbf161', 'CFI', 'nobody-cfi@digital.justice.gov.uk', null),
       ('7af3ac36-c8fa-4e46-9eb0-b74bdc6f497d', '72e4d75f-32a3-4de4-b354-561f98fbf161', 'FDI', 'nobody-fdi@digital.justice.gov.uk', null),
       ('9fad0cd9-de99-46e9-8ac0-2b96eda7e598', '72e4d75f-32a3-4de4-b354-561f98fbf161', 'LGI', 'nobody-lgi@digital.justice.gov.uk', null),
       ('6c1e7a43-fb53-4df6-b346-6eb00d34cf08', '72e4d75f-32a3-4de4-b354-561f98fbf161', 'FHI', 'nobody-fhi@digital.justice.gov.uk', null),
       ('cb23bc19-8ba5-4949-92c8-d3052e9eb1f3', '72e4d75f-32a3-4de4-b354-561f98fbf161', 'ONI', 'nobody-oni@digital.justice.gov.uk', null),
       ('c7a0cbc9-4651-4208-bb0e-934dc7b62508', '72e4d75f-32a3-4de4-b354-561f98fbf161', 'PYI', 'nobody-pyi@digital.justice.gov.uk', null),
       ('a1338b6c-36bc-47ec-bd45-611bccc78457', '72e4d75f-32a3-4de4-b354-561f98fbf161', 'DMI', 'nobody-dmi@digital.justice.gov.uk', null),
       ('33237874-f118-4468-8071-449baf8883de', '72e4d75f-32a3-4de4-b354-561f98fbf161', 'HMI', 'nobody-hmi@digital.justice.gov.uk', null),
       ('eb22e66f-9320-41bd-a078-042ecab3e616', '72e4d75f-32a3-4de4-b354-561f98fbf161', 'BLI', 'nobody-bli@digital.justice.gov.uk', null),
       ('3ce0a740-32c5-47ca-9236-d68e1cf33c63', '72e4d75f-32a3-4de4-b354-561f98fbf161', 'WDI', 'nobody-wdi@digital.justice.gov.uk', null),
       ('a0434baf-25c1-497a-b0c1-5206c8080398', '72e4d75f-32a3-4de4-b354-561f98fbf161', 'SDI', 'nobody-sdi@digital.justice.gov.uk', null),
       ('ca70309f-aceb-477d-8ffc-76edef57074e', '72e4d75f-32a3-4de4-b354-561f98fbf161', 'PRI', 'nobody-pri@digital.justice.gov.uk', null),
       ('bd0e9a5e-113d-4ceb-ad46-b2d2f85a399e', '72e4d75f-32a3-4de4-b354-561f98fbf161', 'SFI', 'nobody-sfi@digital.justice.gov.uk', null),
       ('564d1956-6c54-47a3-a0a3-ad1d0d82c540', '72e4d75f-32a3-4de4-b354-561f98fbf161', 'VEI', 'nobody-vei@digital.justice.gov.uk', null),
       ('9e3a17d5-b499-4db7-9ea0-0fa6c5e7e3e4', '72e4d75f-32a3-4de4-b354-561f98fbf161', 'HVI', 'nobody-hvi@digital.justice.gov.uk', null),
       ('3697fc56-4147-4012-89fe-47b8e4f635d8', '72e4d75f-32a3-4de4-b354-561f98fbf161', 'BNI', 'nobody-bni@digital.justice.gov.uk', null),
       ('7d0b285f-84fa-4aca-a8b5-ab64e2fdf348', '72e4d75f-32a3-4de4-b354-561f98fbf161', 'GTI', 'nobody-gti@digital.justice.gov.uk', null),
       ('df07f655-3a67-40cf-9d0a-37de3ec1aa5b', '72e4d75f-32a3-4de4-b354-561f98fbf161', 'LII', 'nobody-lii@digital.justice.gov.uk', null),
       ('7e8d067c-1a3c-466b-ba68-31cd7de99034', '72e4d75f-32a3-4de4-b354-561f98fbf161', 'FKI', 'nobody-fki@digital.justice.gov.uk', null),
       ('aba2a908-539d-445b-bf79-13fb9dd986ce', '72e4d75f-32a3-4de4-b354-561f98fbf161', 'EWI', 'nobody-ewi@digital.justice.gov.uk', null),
       ('a17e2ad6-c04d-4dd6-a3f8-090d98d9b297', '72e4d75f-32a3-4de4-b354-561f98fbf161', 'SPI', 'nobody-spi@digital.justice.gov.uk', null),
       ('473aec8d-66ec-4681-9045-1c11d8f836ce', '72e4d75f-32a3-4de4-b354-561f98fbf161', 'HCI', 'nobody-hci@digital.justice.gov.uk', null),
       ('88bfe88d-093d-4346-a160-a36b82cd9f02', '72e4d75f-32a3-4de4-b354-561f98fbf161', 'PNI', 'nobody-pni@digital.justice.gov.uk', null),
       ('f24048b6-8b41-457b-8803-43a7bbf8b70e', '72e4d75f-32a3-4de4-b354-561f98fbf161', 'PDI', 'nobody-pdi@digital.justice.gov.uk', null),
       ('b54a54de-b6e7-4c5c-aa35-cc6ff9fc62d7', '72e4d75f-32a3-4de4-b354-561f98fbf161', 'FBI', 'nobody-fbi@digital.justice.gov.uk', null),
       ('2b15027d-6dc2-477c-b55a-4bb3f2941e6e', '72e4d75f-32a3-4de4-b354-561f98fbf161', 'DTI', 'nobody-dti@digital.justice.gov.uk', null),
       ('b83b5aa2-717c-4bcc-9ebc-b780856bae4d', '72e4d75f-32a3-4de4-b354-561f98fbf161', 'CWI', 'nobody-cwi@digital.justice.gov.uk', null),
       ('0f536e26-027c-452c-ae0f-8d1926c77dc9', '72e4d75f-32a3-4de4-b354-561f98fbf161', 'GHI', 'nobody-ghi@digital.justice.gov.uk', null),
       ('91729936-ec74-48a3-806c-5c6203cc0a9e', '72e4d75f-32a3-4de4-b354-561f98fbf161', 'RHI', 'nobody-rhi@digital.justice.gov.uk', null),
       ('685a996c-834e-438c-8256-0e9e73c67047', '72e4d75f-32a3-4de4-b354-561f98fbf161', 'ESI', 'nobody-esi@digital.justice.gov.uk', null),
       ('b3b5b223-5de8-4bcf-b887-a07e414b984d', '72e4d75f-32a3-4de4-b354-561f98fbf161', 'KVI', 'nobody-kvi@digital.justice.gov.uk', null),
       ('8b57ce54-b983-467f-8fe4-b029ff38e581', '72e4d75f-32a3-4de4-b354-561f98fbf161', 'WII', 'nobody-wii@digital.justice.gov.uk', null),
       ('35a30c18-44a6-484c-b6b3-34f648c83735', '72e4d75f-32a3-4de4-b354-561f98fbf161', 'NHI', 'nobody-nhi@digital.justice.gov.uk', null),
       ('88182932-ea99-42b1-8ee1-9ef03226a61c', '72e4d75f-32a3-4de4-b354-561f98fbf161', 'RSI', 'nobody-rsi@digital.justice.gov.uk', null),
       ('e539e2f0-f7c1-4852-9c4f-3cf24dd75bee', '72e4d75f-32a3-4de4-b354-561f98fbf161', 'MDI', 'nobody-mdi@digital.justice.gov.uk', null),
       ('925c1c64-8a5e-46c2-b993-0fe86bca3136', '72e4d75f-32a3-4de4-b354-561f98fbf161', 'WCI', 'nobody-wci@digital.justice.gov.uk', null),
       ('8020b20b-272d-41d4-bac5-4ac8861c1d4a', '72e4d75f-32a3-4de4-b354-561f98fbf161', 'EYI', 'nobody-eyi@digital.justice.gov.uk', null),
       ('83527652-8096-446b-82f1-c63724d58ec0', '72e4d75f-32a3-4de4-b354-561f98fbf161', 'NSI', 'nobody-nsi@digital.justice.gov.uk', null),
       ('0ca9637d-6433-4ebd-86d2-4f64d491cc33', '72e4d75f-32a3-4de4-b354-561f98fbf161', 'WTI', 'nobody-wti@digital.justice.gov.uk', null),
       ('eea31f72-5d41-4746-86df-83d31962d13a', '72e4d75f-32a3-4de4-b354-561f98fbf161', 'HOI', 'nobody-hoi@digital.justice.gov.uk', null),
       ('ab43842c-1f76-45cc-ad7a-a0ae97f814f5', '72e4d75f-32a3-4de4-b354-561f98fbf161', 'HHI', 'nobody-hhi@digital.justice.gov.uk', null),
       ('49b0ac41-9e18-46ae-9eaa-d373b969ef84', '72e4d75f-32a3-4de4-b354-561f98fbf161', 'FWI', 'nobody-fwi@digital.justice.gov.uk', null),
       ('f702f2e5-4539-49fc-b46a-412a6b8d617d', '72e4d75f-32a3-4de4-b354-561f98fbf161', 'DGI', 'nobody-dgi@digital.justice.gov.uk', null),
       ('d573d319-b3f5-4941-b1b8-9159088d8cc1', '72e4d75f-32a3-4de4-b354-561f98fbf161', 'LFI', 'nobody-lfi@digital.justice.gov.uk', null);

INSERT INTO referrer_user(referrer_username)
VALUES ('ACP_POM_USER'),
       ('ACP_PT_REFERRER_USER');

INSERT INTO referral(referral_id, offering_id, prison_number, referrer_username, additional_information, oasys_confirmed, has_reviewed_programme_history, status, submitted_on)
VALUES ('88acbc75-af29-4048-8a5c-ef9d6e9c6531', 'd5b71397-50e4-471b-a25c-a92dcad20472', 'UY1N011', 'ACP_PT_REFERRER_USER', 'Votum demulceo ascit cohibeo textor sublime.', false, true, 'REFERRAL_STARTED', null),
       ('10a6a3a7-a609-46b4-b59f-eea27d022c6a', 'd5b71397-50e4-471b-a25c-a92dcad20472', 'C5OR3SQ', 'ACP_PT_REFERRER_USER', 'Sint tricesimus abundans accommodo antiquus degenero vomer.', false, true, 'REFERRAL_STARTED', null),
       ('a212c2a0-debf-49e1-9bd1-2a44b4d10d50', 'd5b71397-50e4-471b-a25c-a92dcad20472', '3CL85UT', 'ACP_PT_REFERRER_USER', '', true, false, 'AWAITING_ASSESSMENT', '2023-01-04T04:20:33.636Z'),
       ('2378b5ed-e349-4a04-81ca-ee677cd9cc7a', 'd5b71397-50e4-471b-a25c-a92dcad20472', 'UJWXNSR', 'ACP_POM_USER', 'Coniecto nobis derelinquo tabula depulso. Coepi contigo iste uredo sollers vero commodo.', false, true, 'REFERRAL_SUBMITTED', '2023-01-02T07:09:56.223Z'),
       ('926537e5-616a-4f04-a13e-d2fc17b5b1e8', 'd5b71397-50e4-471b-a25c-a92dcad20472', 'YG0X5TO', 'ACP_PT_REFERRER_USER', 'Cunctatio dolorum usitas agnosco adduco adicio commodi.', true, true, 'REFERRAL_STARTED', null),
       ('e18aac4b-054a-4f02-9654-699ad79fe9da', 'd5b71397-50e4-471b-a25c-a92dcad20472', 'ZM5KTFH', 'ACP_PT_REFERRER_USER', 'Ambitus baiulus qui. Tamisium careo quas vinitor tunc paulatim. Cupiditas artificiose praesentium harum censura victus sordeo defetiscor vel voluntarius.', true, false, 'REFERRAL_SUBMITTED', '2023-01-26T04:22:35.103Z'),
       ('37f65d77-1a3b-4561-af1d-696c8dd6cca7', 'd5b71397-50e4-471b-a25c-a92dcad20472', 'ZM5KTFH', 'ACP_POM_USER', 'Appello reprehenderit repellendus cumque doloribus suscipit. Trado fugit stella depereo inventore cui vergo. Tum desino vestigium voluptatum vox. Similique abstergo arca trado vilicus fugit sed defessus cena. Depulso tabernus aequus vespillo chirographum alias vergo cribro tam.', false, false, 'REFERRAL_STARTED', null),
       ('43999dc9-43e3-488c-89e5-2a7d9d9e9dc9', 'd5b71397-50e4-471b-a25c-a92dcad20472', '135A22I', 'ACP_POM_USER', 'Bardus volup decens vomer decretum ipsa vinco desino magnam. Spiritus dolores beatae tyrannus. In allatus tum balbus xiphias volo comis vestigium antepono vomer. Verto spes necessitatibus alioqui tenetur tabula arcus architecto numquam omnis.', false, false, 'REFERRAL_SUBMITTED', '2023-11-22T13:32:28.617Z'),
       ('600b29a2-8b88-4af3-9cd2-55ff50c6a5e4', 'd5b71397-50e4-471b-a25c-a92dcad20472', '135A22I', 'ACP_PT_REFERRER_USER', 'Accedo vicissitudo utrum consectetur vulgivagus decor audio. Absens cumque sono speculum damnatio agnosco deludo angulus sonitus. Contabesco ulterius vix tempus approbo summa praesentium correptius.', false, true, 'AWAITING_ASSESSMENT', '2023-02-01T06:14:01.349Z'),
       ('fc9dc9d5-5bd5-4743-b90a-7e13359009f3', 'd5b71397-50e4-471b-a25c-a92dcad20472', 'YZ6RBNN', 'ACP_PT_REFERRER_USER', '', true, false, 'AWAITING_ASSESSMENT', '2023-06-30T07:09:31.091Z'),
       ('7b2369a4-8e60-419c-824e-959853bf5e9d', 'd5b71397-50e4-471b-a25c-a92dcad20472', 'PELXHKC', 'ACP_POM_USER', 'Vilicus amiculum deleniti adhuc abstergo sol adulescens tenetur. Celebrer dicta casso aspicio vigilo talio carpo thalassinus suspendo iste. Celebrer infit vetus tubineus.', true, true, 'ASSESSMENT_STARTED', '2023-03-03T16:03:29.151Z'),
       ('a5413c57-7e5d-404f-9a53-6ae90d621ac1', 'd5b71397-50e4-471b-a25c-a92dcad20472', 'S8M1LGC', 'ACP_POM_USER', '', true, true, 'ASSESSMENT_STARTED', '2023-10-29T05:09:00.288Z'),
       ('cce2a380-eb41-4257-abb9-df41d3ce382b', 'd5b71397-50e4-471b-a25c-a92dcad20472', 'GJNYGD6', 'ACP_POM_USER', 'Aspicio adflicto admoveo amo conforto recusandae demitto eius cauda. Aetas aperio ter vir.', true, true, 'REFERRAL_STARTED', null),
       ('d63ca9e1-b172-46bf-acd7-1f40c5fa5382', 'd5b71397-50e4-471b-a25c-a92dcad20472', 'GJNYGD6', 'ACP_POM_USER', 'Ventus torrens absens civitas adinventitias deprimo vigilo vinum doloremque peior. Amissio careo considero maxime speciosus. Eaque degenero animus auctor. Deporto thalassinus decipio tener speculum. Consectetur et ustulo.', true, false, 'ASSESSMENT_STARTED', '2023-09-27T15:18:56.173Z'),
       ('3ac271b5-512e-4b85-8c5f-c23505381f26', 'd5b71397-50e4-471b-a25c-a92dcad20472', 'UJWXNSR', 'ACP_PT_REFERRER_USER', 'Nesciunt venia usitas audacia tabesco casso voco. Vel comis trucido aufero carbo. Addo vomer dicta amplus crudelis deorsum debitis. Deprecator suffragium temeritas aspernatur occaecati volo vel vapulus. Ullam cernuus animadverto patria viscus est coniecto demitto clibanus.', true, false, 'REFERRAL_SUBMITTED', '2023-03-22T12:36:17.807Z'),
       ('e4605aac-f3f0-4a3c-a6dc-9130bb451823', 'd5b71397-50e4-471b-a25c-a92dcad20472', '175AQ4D', 'ACP_PT_REFERRER_USER', 'Attonbitus ab ventus laborum aspernatur tandem aperte sequi crebro atrocitas.', false, true, 'REFERRAL_STARTED', null),
       ('589e9bd5-726b-4032-a190-794d9af5a98b', 'd5b71397-50e4-471b-a25c-a92dcad20472', 'W8CHFHM', 'ACP_POM_USER', 'Chirographum adficio atavus magnam solutio curso turbo trado in. Cupiditas charisma tego strues succedo cetera.', false, true, 'REFERRAL_SUBMITTED', '2023-06-21T17:16:07.572Z'),
       ('ed7ca2af-1a9c-47c2-80e8-35ab911b64fb', 'd5b71397-50e4-471b-a25c-a92dcad20472', 'AQ6V7KH', 'ACP_POM_USER', 'Coniuratio triduana cenaculum torrens titulus. Vociferor valde quo quos auxilium vorago creber.', false, false, 'REFERRAL_STARTED', null),
       ('564438c2-ed88-47ad-b9cc-1ed581fb9a77', 'd5b71397-50e4-471b-a25c-a92dcad20472', 'N24RBH2', 'ACP_PT_REFERRER_USER', 'Cupio valde calcar canto spes vestigium. Appono attero carus.', false, true, 'AWAITING_ASSESSMENT', '2023-08-01T21:05:52.011Z'),
       ('606f355e-88cc-46bd-8102-e0a88954ea33', 'd5b71397-50e4-471b-a25c-a92dcad20472', 'B9C83GE', 'ACP_POM_USER', 'Desipio tempore comminor tribuo absorbeo vallum. Curtus sit urbanus impedit ago. Charisma ipsum verus crepusculum auctus succurro coepi sapiente cupiditas vaco. Currus suus sophismata celo cilicium saepe a nisi tandem. Uxor calcar vallum ab ocer adicio suasoria succurro.', true, false, 'ASSESSMENT_STARTED', '2022-12-30T08:44:06.073Z'),
       ('3b4ce74f-d3d2-4bd9-9621-06d2a0ea686f', 'd5b71397-50e4-471b-a25c-a92dcad20472', 'Y7RLN5A', 'ACP_PT_REFERRER_USER', '', true, true, 'AWAITING_ASSESSMENT', '2023-09-21T11:24:31.373Z'),
       ('58db87eb-1ab3-42a5-8868-2a51cdcc0c9a', 'd5b71397-50e4-471b-a25c-a92dcad20472', '64CR2JR', 'ACP_PT_REFERRER_USER', 'Desipio tametsi deorsum bellum commodi veritatis tutamen velut cohors.', true, false, 'REFERRAL_STARTED', null),
       ('f4e3722c-30ba-4788-883f-3f8d3a8891cb', 'd5b71397-50e4-471b-a25c-a92dcad20472', 'VXKGG1D', 'ACP_PT_REFERRER_USER', 'Viduo torrens colo coruscus socius virgo decerno ciminatio debitis caput.', true, true, 'REFERRAL_SUBMITTED', '2023-08-16T04:05:14.296Z'),
       ('5df5779b-1456-4fc6-bcd6-1aef1eecb5be', 'd5b71397-50e4-471b-a25c-a92dcad20472', '04P9F9E', 'ACP_PT_REFERRER_USER', '', true, false, 'ASSESSMENT_STARTED', '2023-12-06T11:17:51.053Z'),
       ('b3624424-e267-47c0-ae9a-8b98ab620737', 'd5b71397-50e4-471b-a25c-a92dcad20472', 'UJWXNSR', 'ACP_PT_REFERRER_USER', 'Ipsum ambitus vitae uter vapulus cruentus itaque capillus.', false, true, 'ASSESSMENT_STARTED', '2023-02-12T20:28:49.976Z'),
       ('6e457e66-37a3-4501-a8b6-6df4020a1e61', 'd5b71397-50e4-471b-a25c-a92dcad20472', 'F0SRSJ8', 'ACP_PT_REFERRER_USER', 'Ascit utrimque quos vacuus laudantium vae anser. Trucido denique contabesco varius titulus tenus trepide vero cura. Quidem voluptatibus deinde desino versus tandem cura tabgo sursum agnosco. Arca demoror a capitulus credo.', false, true, 'REFERRAL_STARTED', null),
       ('5ba3f89b-6ba9-4272-87fa-05c24ba7dc9e', 'd5b71397-50e4-471b-a25c-a92dcad20472', 'I2T0T14', 'ACP_POM_USER', '', true, true, 'REFERRAL_SUBMITTED', '2023-05-20T01:34:01.026Z'),
       ('4cb7acbc-6675-46a6-9230-ef22abf030d7', 'd5b71397-50e4-471b-a25c-a92dcad20472', '7GZYCT7', 'ACP_PT_REFERRER_USER', 'Votum avarus quia agnosco caelestis conturbo laborum. Tergum thymbra optio antepono bardus. Ustulo acer cupressus cultellus. Ventito bellicus tumultus tyrannus atavus arx. Crur delectus audax conqueror suffoco adiuvo tricesimus sequi una caterva.', false, true, 'AWAITING_ASSESSMENT', '2023-11-28T18:25:08.625Z'),
       ('bdf546d0-0f99-4091-9e4e-f9e77c31781d', 'd5b71397-50e4-471b-a25c-a92dcad20472', 'YZ6RBNN', 'ACP_POM_USER', 'Alienus studio sumptus amita stipes antea deinde unus delibero error. Depromo stabilis capillus. Ubi acidus curatio cenaculum tepidus pel. Arca corporis volubilis tandem subiungo aggero una cubo agnosco asporto.', true, false, 'AWAITING_ASSESSMENT', '2023-10-20T07:51:48.554Z'),
       ('55a81081-b75a-4666-8dc7-4f9e9efb731a', 'd5b71397-50e4-471b-a25c-a92dcad20472', '4CUT1G4', 'ACP_PT_REFERRER_USER', 'Alias utrimque via cibus suasoria complectus caecus nobis. Defaeco undique confero baiulus facilis. Cohaero tero summa tepidus vociferor truculenter sulum.', false, true, 'REFERRAL_SUBMITTED', '2023-08-17T10:36:18.478Z'),
       ('f23d742b-bdc4-4ed1-89b7-3d8659019f50', 'd5b71397-50e4-471b-a25c-a92dcad20472', 'USULN51', 'ACP_POM_USER', 'Pecus veritatis ex desolo curto deputo cum adsuesco autem aperte. Corporis animus cicuta atrox. Thema ater colo vorago villa dolor depraedor aeternus tempus blandior.', false, false, 'AWAITING_ASSESSMENT', '2023-08-14T07:42:51.116Z'),
       ('09e62c53-69f0-46b1-bdb8-02929a18dc01', 'd5b71397-50e4-471b-a25c-a92dcad20472', 'C5OR3SQ', 'ACP_POM_USER', 'Decet tremo demum capio considero calamitas vinum vivo appello tabula. Complectus administratio decimus adnuo curriculum.', false, true, 'ASSESSMENT_STARTED', '2023-04-07T07:50:39.665Z'),
       ('21143354-e66f-4ed7-a7af-7f1df2fa505b', 'd5b71397-50e4-471b-a25c-a92dcad20472', 'N24RBH2', 'ACP_POM_USER', 'Alo tempus vulnero bonus non subseco acsi. Subiungo consuasor sodalitas pectus conqueror sulum tamisium adstringo truculenter cinis.', false, false, 'AWAITING_ASSESSMENT', '2023-08-25T02:40:13.051Z'),
       ('0d39651b-91c5-4333-840b-640d5ac37605', 'd5b71397-50e4-471b-a25c-a92dcad20472', '3CL85UT', 'ACP_PT_REFERRER_USER', 'Collum defleo annus. Ascisco defessus testimonium decretum dedico.', false, true, 'REFERRAL_STARTED', null),
       ('b9d13d2d-a23f-44d9-927e-83fe5bf741ec', 'd5b71397-50e4-471b-a25c-a92dcad20472', '0T50F12', 'ACP_POM_USER', 'Terra amplus strenuus crebro tego cupressus alias balbus. Fugiat ultra patria. Cursim cotidie delectatio cauda vulgo conscendo brevis carbo.', true, false, 'AWAITING_ASSESSMENT', '2023-02-22T16:49:05.855Z'),
       ('7d254069-06a3-4617-86e8-2984185aab38', 'd5b71397-50e4-471b-a25c-a92dcad20472', 'HR1EQI2', 'ACP_POM_USER', 'At soluta taceo. Sonitus id coepi cenaculum arma complectus solus attonbitus. Cum utor tot admoveo tergo absconditus sunt.', false, false, 'REFERRAL_SUBMITTED', '2023-10-23T11:04:36.757Z'),
       ('d9876ad1-25ce-43b8-bbb4-c0bb9c035c4a', 'd5b71397-50e4-471b-a25c-a92dcad20472', 'I2T0T14', 'ACP_POM_USER', '', false, true, 'REFERRAL_SUBMITTED', '2023-05-26T14:55:20.351Z'),
       ('f003a586-01fa-4a01-a004-bdc3279fe0e4', 'd5b71397-50e4-471b-a25c-a92dcad20472', '4CUT1G4', 'ACP_PT_REFERRER_USER', '', false, false, 'REFERRAL_STARTED', null),
       ('af238f89-dac8-4b02-835f-feff7eca11ad', 'd5b71397-50e4-471b-a25c-a92dcad20472', '7GZYCT7', 'ACP_PT_REFERRER_USER', 'Coadunatio tenetur totidem aegre nesciunt conventus suadeo fugit auxilium. Degenero carus attero tenuis conitor antea sit aggredior amplitudo. Combibo sit desparatus cedo vulpes verto admoneo canonicus curatio. Sapiente ea pax catena accusamus aestas cimentarius canis. Molestiae sortitus abutor cur.', true, false, 'REFERRAL_STARTED', null),
       ('f817c1e0-129a-4845-a8f4-8d307d13fc05', 'd5b71397-50e4-471b-a25c-a92dcad20472', 'C5OR3SQ', 'ACP_POM_USER', 'Vitae arbor constans abscido tergeo accusantium aegrus.', true, true, 'ASSESSMENT_STARTED', '2023-04-27T23:41:40.659Z'),
       ('a77d5d30-c9fd-417b-9cc9-01b875fe32ce', 'd5b71397-50e4-471b-a25c-a92dcad20472', 'T5BR1XV', 'ACP_POM_USER', 'Demo sonitus blandior vicinus velit adiuvo arto terga cedo. Vae in terra sto veritatis cui porro admoneo crux. Aqua cimentarius caritas.', false, false, 'AWAITING_ASSESSMENT', '2023-01-23T22:56:16.226Z'),
       ('f8c13c56-e5a9-4ab1-b42d-b2f5257c5f14', 'd5b71397-50e4-471b-a25c-a92dcad20472', '135A22I', 'ACP_PT_REFERRER_USER', 'Vulnus officiis ara arbitro traho sursum cunae aro statua spes. Cubitum cras adsuesco pel depono. Iusto tenus solus pax. Utilis depromo facere tepidus perspiciatis perspiciatis socius aduro acsi defessus. Coruscus vesica sumo caste adhuc valens.', true, true, 'REFERRAL_SUBMITTED', '2023-01-23T19:00:05.595Z'),
       ('1e41c4ce-635f-42e1-a8a8-357fbb68d4b2', 'd5b71397-50e4-471b-a25c-a92dcad20472', 'HR1EQI2', 'ACP_PT_REFERRER_USER', 'Creta considero unde abundans commodi repellat cinis torrens. Crapula toties incidunt somniculosus vacuus carus abscido carmen. Calamitas ante tantillus adduco cenaculum depono. Admiratio autem magni.', false, false, 'REFERRAL_SUBMITTED', '2023-03-22T13:39:53.832Z'),
       ('82a34008-2143-44e7-af8d-3b9112cbb005', 'd5b71397-50e4-471b-a25c-a92dcad20472', 'CAECMFS', 'ACP_POM_USER', '', false, true, 'ASSESSMENT_STARTED', '2023-11-13T10:35:02.942Z'),
       ('41d70f87-7ccf-450c-9d41-5897b4e83b79', 'd5b71397-50e4-471b-a25c-a92dcad20472', 'GJNYGD6', 'ACP_PT_REFERRER_USER', 'Placeat subnecto decor canis conqueror. Laudantium tempora tardus desidero accommodo urbs sint ver.', false, false, 'REFERRAL_SUBMITTED', '2023-09-14T03:02:42.522Z'),
       ('073dd6ea-4050-432d-b98b-23f7a6f4f31a', 'd5b71397-50e4-471b-a25c-a92dcad20472', '439P14J', 'ACP_PT_REFERRER_USER', 'Alo dolorem verecundia et totidem victus uterque ventosus apostolus tergum. Colligo tum turpis cursim verbera crapula acer. Quae corrumpo usque atavus vilitas caute tenetur adaugeo caterva alveus. Thymbra aliquid voco deprecator vis nostrum.', false, false, 'ASSESSMENT_STARTED', '2023-08-18T17:22:04.859Z'),
       ('1add2dd4-0038-46ef-b8c8-a279ccd5320c', 'd5b71397-50e4-471b-a25c-a92dcad20472', 'N24RBH2', 'ACP_PT_REFERRER_USER', 'Ara aperte spiculum suffragium venia calculus. Sponte aperiam crux atqui vox suggero utilis. Confero eligendi qui confido concedo defendo. Texo molestias votum argumentum officia versus.', true, false, 'REFERRAL_STARTED', null),
       ('ca6dec0c-f0d3-4c14-b3c2-6608bed93ef8', 'd5b71397-50e4-471b-a25c-a92dcad20472', 'PELXHKC', 'ACP_PT_REFERRER_USER', 'Ipsa amplitudo denego tondeo. Conqueror custodia corpus volaticus candidus. Tabula ambulo tunc atrocitas alo paens supra solvo. Acerbitas adamo damnatio accusator tero stipes dolores turbo autus.', false, false, 'ASSESSMENT_STARTED', '2023-05-13T13:07:15.479Z'),
       ('a3feb3a2-511e-4956-acd5-1b0ada242a9e', 'd5b71397-50e4-471b-a25c-a92dcad20472', 'I2T0T14', 'ACP_POM_USER', 'Deprecator rerum strues nostrum earum defluo. Convoco alius corrumpo valde deprimo basium assentator caritas. Libero adstringo provident casso vulnero acidus.', false, true, 'REFERRAL_STARTED', null),
       ('7ee60d1d-08b8-45fb-86b1-b5fb17ef456d', 'd5b71397-50e4-471b-a25c-a92dcad20472', 'A0O6ENK', 'ACP_PT_REFERRER_USER', 'Turba curia vetus approbo absum bardus timor cenaculum. Condico civis decor vilitas eos. Thalassinus libero talis demonstro advenio abundans. Suffragium curiositas civis cum ultra.', true, true, 'REFERRAL_STARTED', null),
       ('74977d2d-5cc7-402e-93e1-4e86c40db8c8', 'd5b71397-50e4-471b-a25c-a92dcad20472', '04P9F9E', 'ACP_POM_USER', '', true, true, 'ASSESSMENT_STARTED', '2023-02-10T22:04:23.736Z'),
       ('e0ef283f-6d6d-4265-a600-132c47270d2d', 'd5b71397-50e4-471b-a25c-a92dcad20472', '439P14J', 'ACP_PT_REFERRER_USER', 'Ab antepono amiculum temeritas vespillo defluo. Vulpes defessus explicabo video una. Curia demulceo traho colligo suffragium. Curriculum volaticus tui numquam numquam.', true, false, 'ASSESSMENT_STARTED', '2023-04-12T10:11:49.849Z'),
       ('93c34dc1-334c-4100-9c54-e7c90a62e7d1', 'd5b71397-50e4-471b-a25c-a92dcad20472', 'UJWXNSR', 'ACP_PT_REFERRER_USER', 'Repudiandae sumptus via creo demoror acerbitas. Aqua aggredior termes ambulo. Virtus adstringo vitae tenetur stultus vere substantia vis.', false, false, 'AWAITING_ASSESSMENT', '2022-12-24T23:09:02.590Z'),
       ('9497589b-7c4f-4760-8f89-374f5c01ab5b', 'd5b71397-50e4-471b-a25c-a92dcad20472', 'WMRXAKU', 'ACP_POM_USER', 'Vulnero pecto teres qui adimpleo utrum.', false, true, 'REFERRAL_STARTED', null),
       ('c7adcac8-3a4d-4d23-97ff-d3aa54fb3750', 'd5b71397-50e4-471b-a25c-a92dcad20472', 'HF1WH1L', 'ACP_PT_REFERRER_USER', 'Quas enim qui sumo paens volutabrum ullam derelinquo auditor cogito.', false, true, 'ASSESSMENT_STARTED', '2023-01-01T22:27:18.814Z'),
       ('abd6487a-09ef-4bf0-ad8f-2b30414a5c77', 'd5b71397-50e4-471b-a25c-a92dcad20472', 'C5OR3SQ', 'ACP_POM_USER', 'Arceo vel victus carus comprehendo fugit somnus.', false, false, 'REFERRAL_SUBMITTED', '2023-06-05T23:07:43.717Z'),
       ('84b6d345-b7dd-4b6a-881a-ca1eb7c656eb', 'd5b71397-50e4-471b-a25c-a92dcad20472', 'XMHCORV', 'ACP_PT_REFERRER_USER', '', true, false, 'AWAITING_ASSESSMENT', '2023-11-26T17:30:56.011Z'),
       ('b78ed3c8-fceb-426d-bcb0-6d597a0c748f', 'd5b71397-50e4-471b-a25c-a92dcad20472', 'GJNYGD6', 'ACP_PT_REFERRER_USER', 'Decerno fugit suffragium amicitia culpo statim voveo triumphus. Curiositas adnuo adulatio cattus. Placeat audio inflammatio tergiversatio charisma suffragium vado vulnero fugiat.', true, false, 'REFERRAL_STARTED', null),
       ('23798e43-d455-4b45-8e10-29ae97a54de9', 'd5b71397-50e4-471b-a25c-a92dcad20472', 'B9C83GE', 'ACP_PT_REFERRER_USER', 'Tamquam trado earum amplexus abstergo. Varius textus dolorum unus depulso ascisco derideo alioqui.', true, false, 'REFERRAL_STARTED', null),
       ('6dd7137a-ef9a-4f98-a72f-719f92c162d6', 'd5b71397-50e4-471b-a25c-a92dcad20472', 'I2T0T14', 'ACP_PT_REFERRER_USER', 'Curso conitor suffragium. Ipsa beneficium nulla solutio attonbitus officiis capitulus cogito crepusculum cohors. Nisi ceno despecto. Vicissitudo minima amitto adopto est. Spectaculum appositus cilicium cura.', true, true, 'REFERRAL_SUBMITTED', '2023-10-12T00:13:46.029Z'),
       ('e0471ff6-9e02-475f-ae70-7ea7527be4a7', 'd5b71397-50e4-471b-a25c-a92dcad20472', 'AFZXD70', 'ACP_PT_REFERRER_USER', 'Sophismata qui doloremque. Quia articulus talis charisma coadunatio abstergo comitatus vilicus ustulo vinculum. Desolo decimus verumtamen totam. Ventito comedo eaque statua vapulus.', true, true, 'REFERRAL_SUBMITTED', '2023-08-17T07:38:22.599Z'),
       ('bd8ab74d-cee6-4519-9762-47a4f7f62ae0', 'd5b71397-50e4-471b-a25c-a92dcad20472', '439P14J', 'ACP_POM_USER', '', true, false, 'REFERRAL_STARTED', null),
       ('c4ac8da9-9ea1-408e-8b7d-5f4cb777004f', 'd5b71397-50e4-471b-a25c-a92dcad20472', 'GJNYGD6', 'ACP_PT_REFERRER_USER', '', true, true, 'AWAITING_ASSESSMENT', '2023-05-09T06:41:28.506Z'),
       ('074ce02d-dbf9-42a7-af9d-5f81091e7141', 'd5b71397-50e4-471b-a25c-a92dcad20472', 'S8M1LGC', 'ACP_POM_USER', 'Apto terga delibero fuga sapiente. Alienus laboriosam doloremque appello delibero vomito assentator umquam cognomen. Accommodo subseco assentator currus amiculum error.', true, false, 'REFERRAL_STARTED', null),
       ('8efcea89-1938-4c35-90ee-422ea90f7258', 'd5b71397-50e4-471b-a25c-a92dcad20472', '175AQ4D', 'ACP_POM_USER', 'Atqui crux vigilo calculus. Cunae beneficium conforto degero truculenter universe amicitia desolo nobis earum. Aequitas tolero ait antea administratio sunt. Ait theca vulpes annus acies speculum culpo quis dolorum dolor.', true, true, 'AWAITING_ASSESSMENT', '2023-08-09T14:11:59.369Z'),
       ('01952d96-bdbd-46f5-918c-f4a089ccec0e', 'd5b71397-50e4-471b-a25c-a92dcad20472', 'JTWZW2E', 'ACP_POM_USER', 'Virtus validus fugit celer defessus. Arcus conventus theologus abbas id adficio laborum admitto acerbitas stella. Quasi cupio verecundia verbera texo. Possimus patior demo.', false, false, 'ASSESSMENT_STARTED', '2023-04-01T07:00:24.657Z'),
       ('79b2dd7a-4eed-4436-ab8c-4c56a585a26f', 'd5b71397-50e4-471b-a25c-a92dcad20472', 'JVWN4Y8', 'ACP_PT_REFERRER_USER', 'Amor caute cimentarius derideo cupio defungo cena aut ventosus. Spiculum argentum usque pectus callide clarus conservo. Desidero pauci stillicidium speciosus deserunt accusamus. Sublime cupressus cavus ciminatio adfero demoror vester usus. Angelus audeo torqueo.', false, false, 'REFERRAL_STARTED', null),
       ('892dc3bf-1aa4-4d06-95bb-fff6046a1773', 'd5b71397-50e4-471b-a25c-a92dcad20472', 'YZ6RBNN', 'ACP_POM_USER', 'Nostrum caveo defetiscor asper angustus sperno dolorum denuncio depromo bibo. Derelinquo tempus vomer comprehendo vulgus abscido neque talis distinctio.', false, false, 'REFERRAL_SUBMITTED', '2022-12-19T11:51:22.122Z'),
       ('0dacd1a4-58a0-4569-8dec-0ebd64fbcb8b', 'd5b71397-50e4-471b-a25c-a92dcad20472', 'HR1EQI2', 'ACP_POM_USER', 'Vestrum verbera venia candidus ratione subiungo vitiosus aestus. Bene appello adeo voluptatibus. Defaeco terebro vulpes nulla stultus quis depulso porro minus adficio. Spargo creo carus coniecto. Appositus vorax cimentarius ambulo sunt cariosus confugo casus vulnero ago.', true, true, 'REFERRAL_STARTED', null),
       ('9add3190-c14c-4079-9ba5-acebca91c229', 'd5b71397-50e4-471b-a25c-a92dcad20472', 'VXKGG1D', 'ACP_PT_REFERRER_USER', 'Uberrime vix demum aveho avarus vehemens. Laudantium perferendis amaritudo blanditiis crux aspicio aliquid aeternus desino. Claudeo uxor urbs quas cura acervus ab cognatus. Ventosus animi casus credo molestias tener vesco patruus peccatus.', false, false, 'ASSESSMENT_STARTED', '2023-02-23T18:45:32.289Z'),
       ('3ae8cb9a-e0c5-4c81-ad44-c58a2ef33159', 'd5b71397-50e4-471b-a25c-a92dcad20472', '1DULMVV', 'ACP_PT_REFERRER_USER', 'Carbo supplanto aspicio veritas sonitus cursus cubo ago confero.', true, false, 'ASSESSMENT_STARTED', '2023-09-05T14:49:06.983Z'),
       ('f73bfa85-d06a-409d-92ec-c8418bb3ad82', 'd5b71397-50e4-471b-a25c-a92dcad20472', 'HF1WH1L', 'ACP_PT_REFERRER_USER', '', false, false, 'REFERRAL_SUBMITTED', '2023-09-16T00:13:56.533Z'),
       ('c526d041-07a2-4dc7-9217-a65be976ac65', 'd5b71397-50e4-471b-a25c-a92dcad20472', 'C5OR3SQ', 'ACP_PT_REFERRER_USER', 'Thymum tero defaeco subnecto dens vacuus taedium defendo vorax audax. Caute testimonium versus temporibus comedo apud compello. Delectatio vitiosus comparo. Atque demens verus tollo blandior vobis cunae. Aequitas caput tamquam comitatus suppono degero animi subseco.', true, true, 'AWAITING_ASSESSMENT', '2023-11-24T07:24:19.131Z'),
       ('32bf4c55-0201-4af5-83f5-d80a9b9b626b', 'd5b71397-50e4-471b-a25c-a92dcad20472', 'C5OR3SQ', 'ACP_PT_REFERRER_USER', 'Facere cauda celer labore. Aspicio demoror crustulum candidus.', true, false, 'REFERRAL_SUBMITTED', '2023-02-19T15:13:20.887Z'),
       ('4c97607c-acac-463b-82d3-c5660d170ed9', 'd5b71397-50e4-471b-a25c-a92dcad20472', 'D7C2BPQ', 'ACP_PT_REFERRER_USER', 'Dolores natus conduco suppono crux cado decerno.', false, false, 'REFERRAL_SUBMITTED', '2023-03-17T01:04:40.982Z'),
       ('7e8f5c8c-2b1a-4b21-ba27-c2e32aa91444', 'd5b71397-50e4-471b-a25c-a92dcad20472', '1DULMVV', 'ACP_PT_REFERRER_USER', 'Molestias bis clibanus autem tandem assentator mollitia aeternus acer cultura. Audio coma ipsa amitto. Thorax dedico vilicus bardus degenero.', true, true, 'AWAITING_ASSESSMENT', '2023-11-10T17:49:50.898Z'),
       ('d33e2e21-1882-49db-ba09-9fab5daa51d5', 'd5b71397-50e4-471b-a25c-a92dcad20472', '175AQ4D', 'ACP_PT_REFERRER_USER', 'Taedium adipisci ter sollicito. Cumque crastinus tardus sumptus conspergo angustus tametsi eius volubilis. Sollicito cometes summopere nam repellat omnis addo illum abduco.', false, false, 'ASSESSMENT_STARTED', '2023-02-09T20:54:20.680Z'),
       ('bcf4320a-375d-4f92-977c-a5d553d03793', 'd5b71397-50e4-471b-a25c-a92dcad20472', '4C59RIL', 'ACP_PT_REFERRER_USER', 'Tondeo cado degusto. Suspendo conitor tandem tabernus voco. Tyrannus certus ara trans acer crinis.', false, false, 'REFERRAL_SUBMITTED', '2023-04-03T18:43:40.967Z'),
       ('475649de-c9c9-4fe8-9385-1ec13f6793d7', 'd5b71397-50e4-471b-a25c-a92dcad20472', 'ZM5KTFH', 'ACP_POM_USER', 'Compono vindico aurum vinco sto cultellus. Cohaero cimentarius cenaculum cogito.', false, true, 'REFERRAL_SUBMITTED', '2023-01-13T04:56:34.468Z'),
       ('62ea1b69-8a03-44fb-845b-561b274f7ba7', 'd5b71397-50e4-471b-a25c-a92dcad20472', 'JTWZW2E', 'ACP_PT_REFERRER_USER', 'Fugiat comprehendo ubi sopor absorbeo usitas est.', false, false, 'REFERRAL_SUBMITTED', '2023-02-25T04:23:43.585Z'),
       ('73ce7c37-33df-4018-bdce-494159478bf6', 'd5b71397-50e4-471b-a25c-a92dcad20472', 'W8CHFHM', 'ACP_PT_REFERRER_USER', 'Uredo sollicito claudeo atque exercitationem.', false, true, 'REFERRAL_SUBMITTED', '2023-03-02T02:31:50.931Z'),
       ('de284d4b-557d-476d-ab01-9cb4552c8437', 'd5b71397-50e4-471b-a25c-a92dcad20472', 'USULN51', 'ACP_POM_USER', 'Pecco stabilis conduco ulciscor excepturi culpo. Turba administratio solium vix considero tollo depraedor trans molestiae.', false, false, 'REFERRAL_SUBMITTED', '2023-08-13T17:44:53.278Z'),
       ('bccdf3ac-85c7-4f73-9cf1-3a6a9df5ff24', 'd5b71397-50e4-471b-a25c-a92dcad20472', 'Y7RLN5A', 'ACP_PT_REFERRER_USER', 'Nostrum accommodo cogo repudiandae molestiae sufficio.', false, false, 'AWAITING_ASSESSMENT', '2022-12-25T09:28:39.161Z'),
       ('fc70e729-f938-4533-b1e1-7ee73d6cd27b', 'd5b71397-50e4-471b-a25c-a92dcad20472', '135A22I', 'ACP_PT_REFERRER_USER', 'Appositus angustus coniecto subseco triumphus conitor stillicidium.', true, true, 'AWAITING_ASSESSMENT', '2023-10-20T21:47:56.897Z'),
       ('5329ff65-267e-45df-ac1a-5f52b7fa0a80', 'd5b71397-50e4-471b-a25c-a92dcad20472', '135A22I', 'ACP_POM_USER', 'Compello avarus acceptus. Ara eveniet bardus corrumpo officiis tabesco virga. Ancilla debeo clamo tamen usus voluptate commodo ultra defungo. Bardus tamdiu usque viridis usus minima centum dapifer usitas.', false, true, 'REFERRAL_STARTED', null),
       ('ac8a312c-0cbb-4aa4-a893-d6bf9e323642', 'd5b71397-50e4-471b-a25c-a92dcad20472', '439P14J', 'ACP_POM_USER', 'Speculum victoria sortitus apparatus tergiversatio demoror eum. Cupiditas baiulus triumphus vulgus theatrum doloribus approbo cito spargo. Auxilium casso adficio vapulus conor quaerat soluta votum.', true, true, 'REFERRAL_SUBMITTED', '2023-08-24T11:45:05.318Z'),
       ('09f6c99a-9fb3-49ef-8c99-06356dcb74de', 'd5b71397-50e4-471b-a25c-a92dcad20472', 'UJWXNSR', 'ACP_PT_REFERRER_USER', 'Vitae eligendi adipiscor cibo attero suffoco fugit audentia. Cresco peccatus porro valens vito cattus acceptus. Nisi admiratio caritas tricesimus acidus cuppedia unus. Celo talus temeritas complectus congregatio vulgivagus cattus versus. Sint audentia spiritus accommodo adflicto.', true, false, 'ASSESSMENT_STARTED', '2023-01-03T15:17:20.842Z'),
       ('1b5c0159-7f63-41bb-bf45-2ac13102b2ee', 'd5b71397-50e4-471b-a25c-a92dcad20472', 'C5OR3SQ', 'ACP_PT_REFERRER_USER', 'Collum vulnero aequitas brevis. Vomer caelestis caelum ventosus demonstro tabgo contego textus. Xiphias patrocinor placeat umquam stultus sed quisquam vestrum.', true, false, 'AWAITING_ASSESSMENT', '2023-03-28T07:01:07.092Z'),
       ('18c57ea7-5da3-4e42-a2aa-80e69b722646', 'd5b71397-50e4-471b-a25c-a92dcad20472', 'AQ6V7KH', 'ACP_POM_USER', 'Voco vetus praesentium pauci. Verbum alveus tot combibo crebro argentum comprehendo quod. Cognatus ustilo adhaero suscipio votum vomica demens earum. Aer deficio contigo suus vulariter vicinus absens tempore.', true, true, 'REFERRAL_SUBMITTED', '2023-10-16T21:15:28.906Z'),
       ('5e5fe80b-c443-42be-871a-e73474c0212b', 'd5b71397-50e4-471b-a25c-a92dcad20472', 'A0O6ENK', 'ACP_POM_USER', 'Audio caritas uberrime sophismata bardus velit deripio una pax vulgivagus. Carpo denego temperantia adeptio vaco vir adfectus aptus abstergo concedo. Cedo creator ventus tres administratio laudantium voluptatem ante subseco. Tardus nostrum cedo adhaero.', true, false, 'REFERRAL_SUBMITTED', '2023-12-02T17:07:38.267Z'),
       ('fdd75bb1-c24a-4413-9401-b58d7ad5a71a', 'd5b71397-50e4-471b-a25c-a92dcad20472', 'D7C2BPQ', 'ACP_PT_REFERRER_USER', 'Demo sum aedificium virgo vereor consequatur textor callide templum. Solum celo cognatus triduana cursus. Perspiciatis ustilo adversus supplanto quisquam.', false, true, 'REFERRAL_SUBMITTED', '2023-10-22T03:49:53.154Z'),
       ('50913bd8-f526-4924-82cf-a6396ee8d54e', 'd5b71397-50e4-471b-a25c-a92dcad20472', 'P0N4050', 'ACP_POM_USER', 'Spiritus copiose vado hic curto ventus corrigo. Vita campana cattus ascit validus validus termes.', false, false, 'ASSESSMENT_STARTED', '2023-09-27T01:26:24.396Z'),
       ('06d4b973-16d9-462b-9767-4bac64b215d2', 'd5b71397-50e4-471b-a25c-a92dcad20472', '0T50F12', 'ACP_PT_REFERRER_USER', 'Absconditus atque subvenio tabernus apostolus tabgo cogito ab. Contabesco utpote charisma molestiae tutis nam curso peior. Aqua urbanus super bestia tredecim alioqui. Vix constans tego demulceo. Verto surculus carbo aranea libero suspendo.', false, true, 'REFERRAL_STARTED', null),
       ('ffb15893-4028-4272-a04a-8e5ea87af802', 'd5b71397-50e4-471b-a25c-a92dcad20472', 'WMRXAKU', 'ACP_PT_REFERRER_USER', '', false, true, 'AWAITING_ASSESSMENT', '2023-03-21T20:05:41.280Z'),
       ('1af77589-e93c-466f-84ed-fb6d1fc0061d', 'd5b71397-50e4-471b-a25c-a92dcad20472', 'ZHL6G3M', 'ACP_POM_USER', 'Ultra crepusculum decor creo tertius venustas copiose carcer aegrus.', false, true, 'ASSESSMENT_STARTED', '2023-11-21T05:46:39.678Z'),
       ('94d3249a-93bc-492b-bf35-e46b0b0b8348', 'd5b71397-50e4-471b-a25c-a92dcad20472', '64CR2JR', 'ACP_POM_USER', 'Vesco accusamus causa suppono usitas quis benigne creator eligendi. Tenus aeger tenax adopto nam occaecati aduro libero cibo.', false, true, 'ASSESSMENT_STARTED', '2023-11-08T15:24:15.661Z'),
       ('915a2e99-7576-4dc8-af57-94f2f02737c8', 'd5b71397-50e4-471b-a25c-a92dcad20472', 'YZ6RBNN', 'ACP_POM_USER', 'Saepe quaerat sursum depraedor cupressus accommodo tenetur. Volubilis mollitia trans bibo adimpleo aqua tutamen coma utpote vitae. Vomica id avarus architecto. Accommodo tenax vigor dapifer circumvenio.', false, true, 'REFERRAL_SUBMITTED', '2023-01-06T03:22:50.521Z'),
       ('b67e0ce0-1f42-48c5-a58f-acf7b91216cb', 'd5b71397-50e4-471b-a25c-a92dcad20472', 'AFZXD70', 'ACP_PT_REFERRER_USER', '', false, true, 'ASSESSMENT_STARTED', '2023-10-06T20:28:14.812Z'),
       ('89b6b7bc-1100-4a2b-93cf-fe186d85aea7', 'd5b71397-50e4-471b-a25c-a92dcad20472', 'HF1WH1L', 'ACP_POM_USER', 'In maiores a via vaco currus. Sophismata aliquam totam tergeo coepi assumenda. Ullam temperantia antea contra currus synagoga tero depono. Ascit cupiditas alii audax illum.', false, true, 'AWAITING_ASSESSMENT', '2023-03-17T10:32:12.991Z'),
       ('65575ee5-6d67-46f0-b4ed-17d46f93d053', 'd5b71397-50e4-471b-a25c-a92dcad20472', 'N24RBH2', 'ACP_POM_USER', 'Vinculum id sopor alius. Coepi atavus calcar atrox. Claudeo curatio deputo.', false, false, 'AWAITING_ASSESSMENT', '2023-04-26T13:04:23.966Z'),
       ('f50533bb-6697-4a07-aadf-a05b81d212b1', '145e0eb6-7c7f-4241-958e-c8a0f9f6a7ba', 'P0N4050', 'ACP_PT_REFERRER_USER', 'Caelestis corporis traho appono defetiscor vobis quam bis ullus.', true, false, 'REFERRAL_STARTED', null),
       ('7be613d6-aaf8-453a-9bc6-b834f81960e2', '145e0eb6-7c7f-4241-958e-c8a0f9f6a7ba', 'F0SRSJ8', 'ACP_POM_USER', '', true, false, 'REFERRAL_SUBMITTED', '2023-10-17T16:38:21.121Z'),
       ('72982f6b-233a-4b99-a795-bc9c33006a13', '4a39e034-6300-4b5f-89af-d96a0d75c7a3', 'CAECMFS', 'ACP_POM_USER', 'Non solum stips contra utrum pel texo crinis taedium tonsor. Caries cariosus studio adamo arbustum vitae conicio ad. Casus perferendis dapifer crinis terga correptius culpa.', false, false, 'ASSESSMENT_STARTED', '2023-02-05T06:06:09.467Z'),
       ('3e4a643f-06e0-4f98-b604-8501c7862128', 'a7feeb96-925e-4dee-9c33-525bfcd1bfa0', 'PELXHKC', 'ACP_POM_USER', 'Considero comes dolor vespillo varius. Aggredior terra audeo thorax corpus amplexus contra. Saepe calculus crapula temperantia. Sufficio defaeco debeo architecto tenuis valetudo iure reprehenderit aedificium spectaculum.', true, true, 'AWAITING_ASSESSMENT', '2022-12-24T23:29:30.778Z'),
       ('80884d12-aa30-4d35-b38f-3f7c82fccd5c', '145e0eb6-7c7f-4241-958e-c8a0f9f6a7ba', 'GJNYGD6', 'ACP_PT_REFERRER_USER', '', true, true, 'ASSESSMENT_STARTED', '2023-11-28T04:19:48.053Z'),
       ('40385132-02e9-411b-8d58-f6d14f0202e5', '66341e19-0739-4196-ade1-7c8986c1f83d', 'ENMP9SL', 'ACP_PT_REFERRER_USER', 'Eius adflicto necessitatibus arbor varius acquiro aequus modi debeo quas. Vaco decet color atqui pauper tristis.', false, false, 'REFERRAL_SUBMITTED', '2023-06-24T11:40:03.214Z'),
       ('e6586a16-d8e7-4f90-9a6f-a087f7aeb876', '4a39e034-6300-4b5f-89af-d96a0d75c7a3', 'P0N4050', 'ACP_POM_USER', 'Ullam thesis corpus depulso velum vir vis texo urbanus claro. Appello aeger decerno amitto.', true, false, 'REFERRAL_STARTED', null),
       ('ca28448c-0d41-460f-8eea-be0c8c4a5d78', 'e5d9a232-7e86-41b3-8bf0-f6375320a2dc', '64CR2JR', 'ACP_PT_REFERRER_USER', 'Tolero urbanus validus colligo fugiat verecundia commemoro stella tracto. Adsuesco coma accedo aperte super crebro demitto utilis iusto. Adiuvo abbas tego hic velit censura amplitudo. Usitas patruus celo adhuc hic capto totidem.', false, true, 'ASSESSMENT_STARTED', '2023-09-27T03:24:51.306Z'),
       ('527f5172-e4be-42e0-8f94-a5fa04382dc6', 'e91d0442-22bf-45ad-b1c2-bdd6a6e8309d', 'A0O6ENK', 'ACP_PT_REFERRER_USER', '', true, true, 'ASSESSMENT_STARTED', '2023-06-23T15:09:00.571Z'),
       ('60ebff05-dba9-43d0-b190-a2c01c39b91a', 'a7feeb96-925e-4dee-9c33-525bfcd1bfa0', 'N24RBH2', 'ACP_POM_USER', 'Deficio amoveo sol. Adamo acquiro totam certus aduro cupiditate despecto universe centum. Voluptatem fugit teres pecto atrox atavus conspergo adversus culpo.', true, true, 'AWAITING_ASSESSMENT', '2023-09-04T20:05:13.349Z'),
       ('cc0a3dfd-d59f-4c61-b29e-231a44c3872d', '4a39e034-6300-4b5f-89af-d96a0d75c7a3', 'T5BR1XV', 'ACP_POM_USER', 'Pauci delicate synagoga illum velum ventosus velociter alienus carbo veritatis. Torqueo crepusculum vos cohaero est vitae sponte tabula expedita umquam.', false, false, 'REFERRAL_SUBMITTED', '2023-11-11T02:43:35.248Z'),
       ('84ec834a-4767-4ac9-8ad5-e0d417a15cd3', '145e0eb6-7c7f-4241-958e-c8a0f9f6a7ba', 'T5BR1XV', 'ACP_PT_REFERRER_USER', 'Ambulo alius sub vomito aspernatur dicta caritas vacuus vulgus claudeo.', true, true, 'AWAITING_ASSESSMENT', '2023-06-07T17:44:15.883Z'),
       ('abc497c3-e8fb-4cef-98af-52736ee931c5', 'e5d9a232-7e86-41b3-8bf0-f6375320a2dc', 'ENMP9SL', 'ACP_POM_USER', 'Damno cognomen vallum ara. Amet tabesco sto tondeo custodia causa. Exercitationem aequitas error derelinquo fugit vapulus aggero voluptate vita.', false, false, 'ASSESSMENT_STARTED', '2023-07-29T17:58:54.682Z'),
       ('0eff8bbb-965b-4a88-8c24-742ed1ea2e51', '145e0eb6-7c7f-4241-958e-c8a0f9f6a7ba', 'HR1EQI2', 'ACP_PT_REFERRER_USER', 'Eligendi thorax iusto sperno vulariter delicate aeger expedita sufficio. Conventus claro degusto undique corrupti collum unde.', true, true, 'ASSESSMENT_STARTED', '2023-03-26T04:17:58.444Z'),
       ('c9324574-fb60-4988-9860-45704a1009e2', '66341e19-0739-4196-ade1-7c8986c1f83d', 'P0N4050', 'ACP_PT_REFERRER_USER', 'Vinum approbo ancilla audacia nam fuga sed temperantia. Facilis cultura aegrotatio audentia.', false, true, 'REFERRAL_SUBMITTED', '2023-05-30T18:26:01.788Z'),
       ('97ac5cee-a064-4992-aadf-9a9d01dc69c2', '4a39e034-6300-4b5f-89af-d96a0d75c7a3', 'HF1WH1L', 'ACP_PT_REFERRER_USER', '', true, false, 'REFERRAL_SUBMITTED', '2023-10-31T22:10:14.191Z'),
       ('5f6d52f4-dcd6-4ec8-9121-0bcdf13116fe', '66341e19-0739-4196-ade1-7c8986c1f83d', 'C5OR3SQ', 'ACP_POM_USER', 'Ultra tabgo vester timor nostrum. Socius sint crinis theca tui fugiat cunabula voro sodalitas deporto. Tricesimus virgo absque adiuvo vado patruus. Ceno nisi verto peccatus iure uterque eius audacia.', true, true, 'REFERRAL_SUBMITTED', '2023-11-06T18:05:44.330Z'),
       ('be306357-5459-45cc-9774-5c4001e0d718', '145e0eb6-7c7f-4241-958e-c8a0f9f6a7ba', 'ZRRCHJO', 'ACP_POM_USER', '', true, true, 'REFERRAL_STARTED', null),
       ('f83a72a2-1de2-47d5-8664-a46d12423bce', 'e5d9a232-7e86-41b3-8bf0-f6375320a2dc', '7GZYCT7', 'ACP_POM_USER', 'Dolore totus adinventitias cervus ceno assumenda congregatio aggero auxilium. Verecundia cornu vester curo voluptatem viduo totidem ager. Aspicio terra auxilium apto omnis pariatur. Bos synagoga claudeo umquam absconditus alii exercitationem assumenda.', true, false, 'REFERRAL_SUBMITTED', '2022-12-26T07:20:25.362Z'),
       ('054183cc-0ac6-4a2f-a82e-4e85a0266d27', '4a39e034-6300-4b5f-89af-d96a0d75c7a3', 'UY1N011', 'ACP_POM_USER', 'Sol amoveo valetudo vado. Blanditiis sto arx cicuta clarus suscipit complectus corroboro asporto. Ulterius summisse usus adduco tenus comminor artificiose adsidue ars totus.', true, false, 'REFERRAL_SUBMITTED', '2023-01-31T23:49:56.880Z'),
       ('210a69e5-c240-43bf-876f-3ef96cb83a1f', 'a7feeb96-925e-4dee-9c33-525bfcd1bfa0', '1DULMVV', 'ACP_PT_REFERRER_USER', '', true, false, 'REFERRAL_SUBMITTED', '2023-08-27T06:22:04.445Z'),
       ('f6fdd5f7-c2d7-41da-a987-1454cefb10e3', 'e5d9a232-7e86-41b3-8bf0-f6375320a2dc', 'ZM5KTFH', 'ACP_POM_USER', 'Aptus tenus tempore deleniti reiciendis. Adulatio votum cito depopulo distinctio vado aequitas comitatus vilitas aveho. Theologus dolor damno. Deporto utique crur urbs vero collum paens averto. Cruciamentum ullus aptus varietas advoco titulus calco centum.', false, true, 'REFERRAL_STARTED', null),
       ('a63743f0-4997-41af-baa9-665565f3c1bc', '66341e19-0739-4196-ade1-7c8986c1f83d', '3CL85UT', 'ACP_POM_USER', 'Tam via voluntarius temptatio creber. Tonsor ipsam ante.', true, true, 'AWAITING_ASSESSMENT', '2023-03-19T17:47:27.736Z'),
       ('40fd40f9-df94-4744-8d2b-c754dfcfc18b', '66341e19-0739-4196-ade1-7c8986c1f83d', 'CAECMFS', 'ACP_PT_REFERRER_USER', '', false, true, 'ASSESSMENT_STARTED', '2023-07-14T19:39:09.300Z'),
       ('ec67058b-95ae-4679-bce1-b8deb02dc983', '4a39e034-6300-4b5f-89af-d96a0d75c7a3', 'XC1JMGC', 'ACP_POM_USER', 'Delego confido uter tibi cubo vinco. Balbus velociter voluptatibus valeo tendo urbanus capillus ustilo temperantia studio.', true, false, 'REFERRAL_STARTED', null),
       ('5502dae8-1a05-457c-9f76-8394a19fb69f', '66341e19-0739-4196-ade1-7c8986c1f83d', 'P0N4050', 'ACP_POM_USER', '', true, false, 'ASSESSMENT_STARTED', '2023-07-20T10:34:29.882Z'),
       ('efc3cbf1-6596-40a3-a27d-9e081a2074a3', '66341e19-0739-4196-ade1-7c8986c1f83d', 'XMHCORV', 'ACP_POM_USER', 'Terror correptius causa asperiores ars unde. Pecus ipsa blanditiis tertius conventus vallum xiphias depono. Chirographum summa dolorem infit curso depulso audax tabgo. Denuncio uterque quis audeo nam aureus quas audio.', false, false, 'REFERRAL_STARTED', null),
       ('7657e78e-2577-4a65-a1d4-ba3bbd07882d', '4a39e034-6300-4b5f-89af-d96a0d75c7a3', 'VXKGG1D', 'ACP_PT_REFERRER_USER', 'Clementia crur a creber curvo ratione tersus tripudio recusandae. Urbanus cribro talus valetudo timor claustrum. Alioqui dens decerno sollers vado validus statua pecto. Adflicto velut defessus auctor.', true, true, 'REFERRAL_STARTED', null),
       ('b8335f3e-664f-4282-bb27-0d50bb6b847a', '145e0eb6-7c7f-4241-958e-c8a0f9f6a7ba', '0T50F12', 'ACP_POM_USER', 'Concedo aestas torrens clibanus trado. Et dicta aedificium coerceo. Conatus tot commodo excepturi cura solum. Temptatio aperio est sub correptius stillicidium atqui. Synagoga copia colo concido quod vulgo alius.', false, true, 'ASSESSMENT_STARTED', '2023-07-27T14:58:54.325Z'),
       ('9efd0055-24c4-44bb-a4db-5a7d1a4f225e', 'a7feeb96-925e-4dee-9c33-525bfcd1bfa0', '7GZYCT7', 'ACP_PT_REFERRER_USER', 'Deficio vehemens sollers aggredior ratione blanditiis umquam ocer corporis. Contabesco accedo spiculum approbo abeo. Vos nam angustus vilis. Consequuntur deprimo auditor vulgo calcar commemoro sub stabilis. Conicio volaticus textilis vallum aufero ciminatio sollers excepturi commodo.', false, false, 'REFERRAL_STARTED', null),
       ('8c6965a4-4b60-4973-955a-6d502982e134', 'e5d9a232-7e86-41b3-8bf0-f6375320a2dc', 'XMHCORV', 'ACP_POM_USER', 'Officia corrumpo quis deporto tabernus benevolentia. Capio vomito suadeo tui socius. Comburo demens capio cum altus tredecim ulterius.', true, true, 'REFERRAL_STARTED', null),
       ('3c6c5f9c-90d4-4374-a01d-1a889b1a9e56', '66341e19-0739-4196-ade1-7c8986c1f83d', 'JVWN4Y8', 'ACP_POM_USER', 'Vomer tunc calcar congregatio aliquid patria laboriosam adfero tardus cogito. Suppellex copia bibo color bibo articulus adstringo trado. Viduo expedita esse nesciunt thema stips temporibus via ager ea. Bene desino attonbitus aperiam cerno quia. Beatus velum ullus ter fugiat vesper.', true, false, 'AWAITING_ASSESSMENT', '2023-10-16T13:53:38.370Z'),
       ('cafd2da6-d230-48bf-9dad-dbaa4a75e5b6', '145e0eb6-7c7f-4241-958e-c8a0f9f6a7ba', 'A0O6ENK', 'ACP_POM_USER', 'Carmen currus arbitro ulterius velociter astrum curso vulpes. Uberrime tantillus conspergo ademptio arca adeo somniculosus verus. Cubicularis decerno surgo viscus corrupti.', false, true, 'AWAITING_ASSESSMENT', '2023-01-08T18:47:19.506Z'),
       ('36a4fd2d-bb19-40f0-ac4e-550fa95f8d37', '145e0eb6-7c7f-4241-958e-c8a0f9f6a7ba', '4CUT1G4', 'ACP_POM_USER', '', true, false, 'REFERRAL_STARTED', null),
       ('ce8d82bb-5bd6-4086-af60-66c01b8f3bc1', '4a39e034-6300-4b5f-89af-d96a0d75c7a3', 'Y7RLN5A', 'ACP_PT_REFERRER_USER', 'Decet ventosus vesica conculco omnis asper amo. Coruscus tamdiu tripudio abutor nesciunt caterva ventus deludo agnitio.', true, true, 'ASSESSMENT_STARTED', '2023-04-06T23:47:25.330Z'),
       ('137a1c54-4017-4e5d-86de-d2350dcf3849', 'a7feeb96-925e-4dee-9c33-525bfcd1bfa0', '4CUT1G4', 'ACP_POM_USER', '', true, true, 'REFERRAL_SUBMITTED', '2023-11-06T11:16:51.331Z'),
       ('ba279ac8-1ba0-4030-beb0-b6ddf8876df2', '4a39e034-6300-4b5f-89af-d96a0d75c7a3', 'Y7RLN5A', 'ACP_PT_REFERRER_USER', 'Tandem coma depono defendo fugit.', true, true, 'REFERRAL_STARTED', null),
       ('faf14892-3608-4d77-8641-3b0fffff0e15', '145e0eb6-7c7f-4241-958e-c8a0f9f6a7ba', 'UZB7W3A', 'ACP_PT_REFERRER_USER', 'Amo amissio somniculosus inventore tutamen vester utor. Dignissimos caelestis callide ars dicta.', false, false, 'ASSESSMENT_STARTED', '2023-02-01T22:53:05.884Z'),
       ('f91717f3-c722-468e-8f37-85ebdf40bee0', 'a7feeb96-925e-4dee-9c33-525bfcd1bfa0', 'A0O6ENK', 'ACP_PT_REFERRER_USER', 'Vir placeat annus debeo dens. Dapifer combibo thesis utroque confugo sufficio delectus tumultus. Delego aequus tres currus pectus baiulus cetera quaerat. Sulum adicio trans cura. Coniecto timor consequatur titulus coniuratio candidus ducimus tremo odit.', false, true, 'AWAITING_ASSESSMENT', '2023-02-15T21:45:50.686Z'),
       ('82ded171-22c1-4ad6-9437-2ddccb5591d4', 'e5d9a232-7e86-41b3-8bf0-f6375320a2dc', 'UY1N011', 'ACP_POM_USER', 'Tubineus cohors supellex auditor. Tener calco calculus magni carus solio thema cibo. Ullam virtus tres subito venia sequi clarus celo umerus.', false, true, 'AWAITING_ASSESSMENT', '2023-03-06T10:26:07.389Z'),
       ('451cee8f-d342-42f7-a58a-45a0bace181a', '66341e19-0739-4196-ade1-7c8986c1f83d', 'JTWZW2E', 'ACP_PT_REFERRER_USER', '', true, false, 'REFERRAL_STARTED', null),
       ('d7c31274-4764-4bb4-ad6c-16599a11262b', '66341e19-0739-4196-ade1-7c8986c1f83d', 'F0SRSJ8', 'ACP_PT_REFERRER_USER', 'Deludo alioqui statim. Canto cenaculum bos odio statim validus vomito circumvenio tamisium. Tener amplus veritatis viriliter. Asperiores artificiose crapula curso cicuta.', true, false, 'REFERRAL_STARTED', null),
       ('da8a3fab-3976-4855-8932-c6245e7adb0a', '145e0eb6-7c7f-4241-958e-c8a0f9f6a7ba', '439P14J', 'ACP_POM_USER', 'Voluptatem tepidus tenuis dedico conforto inventore deputo credo.', false, false, 'REFERRAL_SUBMITTED', '2023-04-13T11:29:05.539Z'),
       ('ded8e18b-fe65-48d8-b295-3a91e53bef7e', '66341e19-0739-4196-ade1-7c8986c1f83d', 'JTWZW2E', 'ACP_PT_REFERRER_USER', 'Sortitus administratio suus. Error pariatur ambulo ait comburo trado cursus.', false, true, 'REFERRAL_STARTED', null),
       ('47debc38-95ef-40f8-9752-fdbd21f42b86', 'e5d9a232-7e86-41b3-8bf0-f6375320a2dc', 'XC1JMGC', 'ACP_PT_REFERRER_USER', 'Vacuus suffragium tenax. Tracto umquam clarus vivo varietas valde demulceo adficio solus.', true, true, 'REFERRAL_STARTED', null),
       ('1c1527bb-9e26-44a1-be7b-05eb5fe97e56', 'e5d9a232-7e86-41b3-8bf0-f6375320a2dc', 'F0SRSJ8', 'ACP_POM_USER', 'Vinum damno sursum enim apostolus aeneus defero virgo vito. Ventosus tremo contabesco attonbitus color. Arca victus territo curis mollitia tenax eligendi bonus antea degusto. Utrimque admoveo adflicto.', true, false, 'REFERRAL_SUBMITTED', '2023-03-11T17:31:30.661Z'),
       ('cbaf9b6b-d4fb-4810-b9e1-86c6b4b9159f', 'e5d9a232-7e86-41b3-8bf0-f6375320a2dc', '7GZYCT7', 'ACP_PT_REFERRER_USER', 'Usitas arbitro cruentus cultellus delectatio.', false, false, 'AWAITING_ASSESSMENT', '2023-10-04T06:11:27.338Z'),
       ('cdb89bf9-a36c-446a-8f41-708ca2650d9c', '145e0eb6-7c7f-4241-958e-c8a0f9f6a7ba', '0T50F12', 'ACP_PT_REFERRER_USER', 'Validus decet repellat velum sit supellex degenero.', false, false, 'ASSESSMENT_STARTED', '2022-12-09T15:10:39.438Z'),
       ('a76ed37c-8692-4643-93bb-17a577a228bc', 'e5d9a232-7e86-41b3-8bf0-f6375320a2dc', 'P0N4050', 'ACP_POM_USER', 'Suppellex celer varius. Cilicium agnitio eius. Corrupti facilis facilis vergo bellum.', false, false, 'REFERRAL_STARTED', null),
       ('9e99e346-a70a-42c4-ba60-b27452958d04', 'e91d0442-22bf-45ad-b1c2-bdd6a6e8309d', 'C5OR3SQ', 'ACP_PT_REFERRER_USER', 'Tutamen amoveo custodia venustas patria vergo. Vulariter advoco apud ante adfectus ultra administratio adduco circumvenio.', true, false, 'REFERRAL_STARTED', null),
       ('e50489cc-d2bf-489e-a9ac-42ad208592db', 'a7feeb96-925e-4dee-9c33-525bfcd1bfa0', 'VXKGG1D', 'ACP_PT_REFERRER_USER', 'Denuncio demonstro adsidue peior adsuesco conservo tendo pauci angelus. At verumtamen aro quam vindico auditor tollo quam delectatio. Eligendi attero decerno.', true, true, 'ASSESSMENT_STARTED', '2023-06-28T10:27:29.517Z'),
       ('7b3a4372-8302-46c1-b1af-acbfbf2ae5f6', '145e0eb6-7c7f-4241-958e-c8a0f9f6a7ba', 'JVWN4Y8', 'ACP_POM_USER', 'Xiphias demo aperiam textor. Valens adflicto excepturi ulterius. Tergo maxime viscus concedo dolor ducimus vallum accedo tribuo.', false, true, 'REFERRAL_STARTED', null),
       ('8b12dfe9-bfcd-4a7a-b8d4-ddd7b1478a46', 'e5d9a232-7e86-41b3-8bf0-f6375320a2dc', 'UY1N011', 'ACP_POM_USER', '', true, true, 'ASSESSMENT_STARTED', '2023-09-02T15:39:00.235Z'),
       ('9dd89836-264e-4bc6-be3c-a67308127ff1', 'e91d0442-22bf-45ad-b1c2-bdd6a6e8309d', 'TXWAMYX', 'ACP_PT_REFERRER_USER', '', true, false, 'AWAITING_ASSESSMENT', '2023-04-24T22:35:44.404Z'),
       ('674a670c-6062-404f-a0c1-9c5898c75c04', 'e91d0442-22bf-45ad-b1c2-bdd6a6e8309d', 'D124Z3L', 'ACP_POM_USER', 'Sto clementia aetas taceo. Corpus sumptus vigilo.', false, true, 'ASSESSMENT_STARTED', '2023-04-30T13:34:07.258Z'),
       ('9e96450a-df9c-4f17-ade6-569a526a3bb5', '66341e19-0739-4196-ade1-7c8986c1f83d', '3CL85UT', 'ACP_PT_REFERRER_USER', '', true, false, 'REFERRAL_SUBMITTED', '2023-04-22T20:52:18.426Z'),
       ('c9eef311-c649-43ee-941d-fd5826fcbb11', 'e91d0442-22bf-45ad-b1c2-bdd6a6e8309d', 'UZB7W3A', 'ACP_PT_REFERRER_USER', 'Ait summisse in nostrum casus. Cras atavus defungo tripudio quae autem.', true, true, 'AWAITING_ASSESSMENT', '2023-11-28T01:11:20.261Z'),
       ('c955a159-c34e-4b6e-825c-00c96132c623', 'e5d9a232-7e86-41b3-8bf0-f6375320a2dc', '64CR2JR', 'ACP_PT_REFERRER_USER', 'Acervus depopulo stips provident cubitum solio ex vereor error solum. Terminatio taedium et tubineus.', false, true, 'AWAITING_ASSESSMENT', '2023-01-04T01:52:18.287Z'),
       ('5029724b-2f76-4afe-8530-18b1b1fe884b', '145e0eb6-7c7f-4241-958e-c8a0f9f6a7ba', '04P9F9E', 'ACP_PT_REFERRER_USER', 'Velut complectus abutor. Adeptio cunctatio supplanto inflammatio.', true, true, 'AWAITING_ASSESSMENT', '2023-03-17T08:27:45.241Z'),
       ('ce561600-c907-4b27-a92b-1a85fdda7f02', 'e91d0442-22bf-45ad-b1c2-bdd6a6e8309d', 'YG0X5TO', 'ACP_POM_USER', 'Baiulus decretum subito vallum. Cibus advoco arma. Magni antea aranea argumentum. Tamisium ademptio amissio cervus viscus aequitas.', false, false, 'AWAITING_ASSESSMENT', '2022-12-22T22:18:38.345Z'),
       ('469c41b9-1a77-4a4c-8de1-c11d05b885c3', '66341e19-0739-4196-ade1-7c8986c1f83d', 'VXKGG1D', 'ACP_POM_USER', 'Voluptates defleo tempora audacia civitas ver. Ascisco suffoco defungo solitudo averto minima triumphus sunt cui apto. Conservo temporibus creator cicuta vomito appello repudiandae angelus pauci vulticulus.', true, true, 'REFERRAL_STARTED', null),
       ('3d5f0bd2-632d-4ff8-bc7a-4111c6a17053', 'a7feeb96-925e-4dee-9c33-525bfcd1bfa0', 'D7C2BPQ', 'ACP_PT_REFERRER_USER', 'Audax claro facilis infit accendo aegrus crepusculum vero autem. Commodi curatio saepe cernuus abutor tamen calco adamo summopere.', true, true, 'ASSESSMENT_STARTED', '2023-04-11T23:52:15.536Z'),
       ('60ecae31-3be4-4f73-abb5-4d4972b62881', 'e91d0442-22bf-45ad-b1c2-bdd6a6e8309d', '4C59RIL', 'ACP_PT_REFERRER_USER', 'Adipiscor vulticulus argentum quo decet minus aliqua. Hic strenuus administratio vilitas.', false, true, 'ASSESSMENT_STARTED', '2023-02-21T08:29:23.083Z'),
       ('cd8f8e69-3340-46fe-8436-86bb88d6d378', 'e5d9a232-7e86-41b3-8bf0-f6375320a2dc', 'HF1WH1L', 'ACP_PT_REFERRER_USER', 'Video asperiores deputo.', false, false, 'ASSESSMENT_STARTED', '2023-04-25T10:17:39.154Z'),
       ('0b133a73-b325-43cf-959f-23992bf9940a', '66341e19-0739-4196-ade1-7c8986c1f83d', 'Y7RLN5A', 'ACP_POM_USER', 'Decens appello tepidus pauper arcesso tepidus. Capitulus deleniti appositus. Vir carpo cunabula culpa abscido. Aequus creptio explicabo terminatio theatrum. Comparo theca benevolentia apud umerus utpote labore ait suffoco asporto.', false, false, 'REFERRAL_SUBMITTED', '2023-06-10T22:09:53.109Z'),
       ('f6c93381-2911-44c6-8d65-13f217444d41', 'e5d9a232-7e86-41b3-8bf0-f6375320a2dc', '4CUT1G4', 'ACP_POM_USER', '', false, true, 'ASSESSMENT_STARTED', '2022-12-30T03:41:50.317Z'),
       ('a8d47dfa-45f8-4016-b804-761092dbdbb6', '4a39e034-6300-4b5f-89af-d96a0d75c7a3', '3CL85UT', 'ACP_PT_REFERRER_USER', 'Thesis tredecim thesis deprecator tabesco virtus torrens dedico. Adsum arca eos vigor fuga argentum canto asperiores cauda doloribus. Audax aliquid avarus nulla acidus amplexus stips ater.', false, false, 'ASSESSMENT_STARTED', '2023-04-16T18:21:09.840Z'),
       ('741bcdd2-9e0a-410d-8e27-2cb4d257346e', 'e91d0442-22bf-45ad-b1c2-bdd6a6e8309d', 'USULN51', 'ACP_PT_REFERRER_USER', '', false, true, 'ASSESSMENT_STARTED', '2023-10-02T08:20:42.097Z'),
       ('81abb8ce-4e7a-4e48-a1af-db4debfdc6c3', 'e5d9a232-7e86-41b3-8bf0-f6375320a2dc', '175AQ4D', 'ACP_POM_USER', 'Advoco animus crastinus terminatio vicissitudo totus demo abstergo curia civis.', false, false, 'REFERRAL_STARTED', null),
       ('59b6a7c3-772d-44a7-8f64-0d35217d9952', 'e5d9a232-7e86-41b3-8bf0-f6375320a2dc', 'ZRRCHJO', 'ACP_POM_USER', 'Tolero paens damno. Comptus eum carus terga tricesimus magni torqueo appono desipio conor. Vinco vox amaritudo ancilla quam vulpes patrocinor benevolentia ipsum validus. Decipio atrocitas acsi. Architecto textus cubitum spoliatio adnuo verus aliquam temeritas sopor valeo.', false, false, 'REFERRAL_SUBMITTED', '2023-08-17T16:36:23.515Z'),
       ('bbb615e8-08f4-440c-b8b1-1bde7ac6b6a6', '66341e19-0739-4196-ade1-7c8986c1f83d', 'UJWXNSR', 'ACP_POM_USER', '', false, false, 'ASSESSMENT_STARTED', '2023-12-05T02:28:21.598Z'),
       ('ae404f83-eef2-4d6f-8349-c7c06055808b', '66341e19-0739-4196-ade1-7c8986c1f83d', 'USULN51', 'ACP_POM_USER', 'Odio voro ustulo ait. Conicio tamdiu ademptio trado adficio. Compono cilicium terreo totam virga universe. Suppellex trado tepidus vapulus sumo caelum stipes solum laboriosam. Conturbo adstringo civis ea conatus cubicularis.', false, false, 'REFERRAL_SUBMITTED', '2023-04-09T06:47:38.322Z'),
       ('acfe1dfa-3b32-44f7-80a8-659de5541320', '66341e19-0739-4196-ade1-7c8986c1f83d', 'TXWAMYX', 'ACP_POM_USER', 'Absens abduco civitas sumptus comedo coma terreo aspicio solium.', false, true, 'AWAITING_ASSESSMENT', '2023-07-22T15:12:18.837Z'),
       ('4abf6b61-8485-444f-b025-258004d30fc4', '4a39e034-6300-4b5f-89af-d96a0d75c7a3', 'ZM5KTFH', 'ACP_PT_REFERRER_USER', 'Atqui quaerat dapifer credo adaugeo tredecim cupio. Somniculosus constans dicta tepidus demoror dolor celo amplexus corrigo. Degero sto asper tamquam clam tego aliqua capillus.', true, true, 'AWAITING_ASSESSMENT', '2023-06-23T00:09:33.990Z'),
       ('a3bca9d0-526f-4a86-ad46-5e9f96ababbd', 'e5d9a232-7e86-41b3-8bf0-f6375320a2dc', 'UY1N011', 'ACP_POM_USER', 'Dolor tonsor quod via nihil casus antepono demum stillicidium creator. Solus ver veritas canis certe cuius arbor acies vae demulceo. Universe vulpes attero altus trado aperiam.', false, true, 'REFERRAL_SUBMITTED', '2023-09-09T14:02:00.251Z'),
       ('c1ed46cb-0b84-4711-a9ca-1d645806d38a', '66341e19-0739-4196-ade1-7c8986c1f83d', 'YZ6RBNN', 'ACP_PT_REFERRER_USER', 'Vinco auditor ambulo tantillus atrocitas. Facere demo vallum demulceo adamo amita provident cognatus. Ventus bellicus error suus desino conatus. Clarus venio cena strues. Trepide tactus inflammatio quas aveho blanditiis coadunatio conicio audacia.', true, true, 'REFERRAL_STARTED', null),
       ('65cafbbf-b01c-43d2-bce6-f6996cc542e6', '4a39e034-6300-4b5f-89af-d96a0d75c7a3', '64CR2JR', 'ACP_PT_REFERRER_USER', '', true, false, 'REFERRAL_SUBMITTED', '2023-11-15T16:41:16.054Z'),
       ('e7329744-0ca7-4697-9e8e-c0ad3fe101e6', '145e0eb6-7c7f-4241-958e-c8a0f9f6a7ba', 'GJNYGD6', 'ACP_POM_USER', '', false, false, 'ASSESSMENT_STARTED', '2023-03-08T06:34:23.991Z'),
       ('763fbcf2-48df-4487-ae22-afba7a6923d1', '4a39e034-6300-4b5f-89af-d96a0d75c7a3', '27LD9LP', 'ACP_POM_USER', 'Casso stillicidium centum arcesso templum contego depulso adiuvo suscipit. Clarus averto a maiores audentia tepesco doloribus aduro baiulus nostrum.', true, true, 'AWAITING_ASSESSMENT', '2023-07-11T10:24:28.027Z'),
       ('d2fae109-8650-48c9-bd20-79443a5e11c1', '145e0eb6-7c7f-4241-958e-c8a0f9f6a7ba', 'CAECMFS', 'ACP_POM_USER', 'Templum adiuvo carcer. Quaerat vero tabernus cuius solio cuppedia cilicium caritas balbus velum. Audacia cupiditas tot vinco aggero. Sponte numquam itaque turba thesis contego tristis denuncio quos temptatio.', false, true, 'AWAITING_ASSESSMENT', '2023-08-21T22:01:15.546Z'),
       ('de26a0b3-a62d-4509-828b-0ceb3fe06773', 'e91d0442-22bf-45ad-b1c2-bdd6a6e8309d', 'C5OR3SQ', 'ACP_POM_USER', 'Sopor teres tollo itaque coniecto at iusto sequi angustus.', true, true, 'AWAITING_ASSESSMENT', '2023-08-07T02:01:29.361Z'),
       ('36ab4e62-88a0-4f7b-93cc-6b640696de06', 'e5d9a232-7e86-41b3-8bf0-f6375320a2dc', '64CR2JR', 'ACP_PT_REFERRER_USER', 'Universe tristis conturbo sortitus avarus sumo sui illum ubi. Nam suscipit quidem celer sortitus libero. Substantia triumphus volutabrum a celebrer minus. Tamisium arcus totidem vociferor avarus thymbra amicitia celebrer.', true, true, 'ASSESSMENT_STARTED', '2023-11-07T00:10:18.088Z'),
       ('eb1a1a81-4cb0-46c8-8e05-c61e83e2f6b3', '145e0eb6-7c7f-4241-958e-c8a0f9f6a7ba', '4CUT1G4', 'ACP_PT_REFERRER_USER', 'Unus cuppedia vinum. Varius color credo decipio necessitatibus carpo comitatus tametsi. Calco praesentium vinitor decerno tredecim subseco quia vicinus.', true, false, 'AWAITING_ASSESSMENT', '2023-02-02T07:36:06.375Z'),
       ('0730115c-a0eb-4ad2-a5b4-7e49f0af46d9', 'e5d9a232-7e86-41b3-8bf0-f6375320a2dc', 'UY1N011', 'ACP_POM_USER', 'Adfero calco avarus trucido degusto stella soluta. Tenuis theologus iste vicissitudo adeo deprimo. Audeo demonstro quam. Arx veritatis aiunt assumenda conitor caries solium molestias tertius adaugeo.', false, true, 'ASSESSMENT_STARTED', '2023-08-31T06:30:07.210Z'),
       ('a64de731-a983-48a6-ac3c-46b3a7129e14', '145e0eb6-7c7f-4241-958e-c8a0f9f6a7ba', 'XC1JMGC', 'ACP_PT_REFERRER_USER', '', false, true, 'AWAITING_ASSESSMENT', '2023-03-06T02:08:19.246Z'),
       ('50a9fcc6-c151-47a7-b4ad-cfae7efca1f4', '4a39e034-6300-4b5f-89af-d96a0d75c7a3', 'UY1N011', 'ACP_POM_USER', 'Substantia approbo ocer vociferor ventosus viscus verumtamen.', false, false, 'REFERRAL_STARTED', null),
       ('e6f54334-0425-423e-bc03-5332800b5a5e', '66341e19-0739-4196-ade1-7c8986c1f83d', 'UJWXNSR', 'ACP_POM_USER', 'Theatrum creo subvenio adopto considero. Traho vicissitudo aegrotatio canonicus totus abduco centum tergum tego.', false, false, 'REFERRAL_SUBMITTED', '2023-10-31T05:58:10.118Z'),
       ('4079d7a1-d23b-4b93-aa98-c6e285078033', 'e91d0442-22bf-45ad-b1c2-bdd6a6e8309d', '0T50F12', 'ACP_POM_USER', 'Illum approbo usus textor voro antepono nobis acer. Aiunt terga pauci curtus sono nisi tener turba peccatus. Civitas bellum toties universe subseco deporto. Triduana subito adhuc caput.', false, false, 'REFERRAL_SUBMITTED', '2023-08-16T15:52:26.235Z'),
       ('809a3fb3-032f-4c22-98d5-43381c14385c', 'a7feeb96-925e-4dee-9c33-525bfcd1bfa0', 'UJWXNSR', 'ACP_PT_REFERRER_USER', 'Complectus tempore clementia clam cubicularis clamo super barba appono. Commodo canis contra voluptas tamisium ipsum praesentium cohaero utor.', false, false, 'ASSESSMENT_STARTED', '2023-07-15T15:46:33.807Z'),
       ('bf121d0d-66cc-4b6f-82cc-e5a009ffc759', '4a39e034-6300-4b5f-89af-d96a0d75c7a3', 'I2T0T14', 'ACP_PT_REFERRER_USER', '', true, true, 'AWAITING_ASSESSMENT', '2023-08-21T19:54:10.303Z'),
       ('e30b8991-1447-4942-a1a7-2d28bc85eb9e', 'a7feeb96-925e-4dee-9c33-525bfcd1bfa0', 'GJNYGD6', 'ACP_PT_REFERRER_USER', 'Aranea tremo abutor xiphias vulariter abundans sponte trepide concedo. Auxilium pecco tibi amita alter conduco. Cattus sed vero amiculum tactus commodi vinum accusantium vos temperantia.', true, true, 'AWAITING_ASSESSMENT', '2023-05-04T06:28:26.362Z'),
       ('294b943c-5f3d-493c-8ca1-ae74ece428d8', 'a7feeb96-925e-4dee-9c33-525bfcd1bfa0', 'AQ6V7KH', 'ACP_PT_REFERRER_USER', 'Clibanus tibi ab. Quam terminatio acerbitas terreo subnecto. Cornu odit artificiose suadeo campana beatus corporis laudantium aro stillicidium. Vix derideo super. Tero dens eveniet.', false, false, 'REFERRAL_SUBMITTED', '2023-05-14T04:22:20.678Z'),
       ('6331cdab-83de-4029-94be-1a8b4d98006e', '66341e19-0739-4196-ade1-7c8986c1f83d', 'D7C2BPQ', 'ACP_POM_USER', 'A tertius ex victus comprehendo. Defetiscor ab tantum cultellus vito decerno varius speculum vestrum.', false, true, 'AWAITING_ASSESSMENT', '2023-01-14T23:54:41.178Z'),
       ('73ce63f2-658c-47cb-b7b9-eeb5e6c81c22', '66341e19-0739-4196-ade1-7c8986c1f83d', 'Y7RLN5A', 'ACP_PT_REFERRER_USER', 'Vae cunabula umbra abduco vomito pauper conqueror crinis ciminatio strues.', true, true, 'AWAITING_ASSESSMENT', '2023-01-21T06:27:23.189Z'),
       ('84295760-a923-4bb2-ba50-9f066773cdc4', 'e5d9a232-7e86-41b3-8bf0-f6375320a2dc', 'YZ6RBNN', 'ACP_PT_REFERRER_USER', 'Stella excepturi teneo eveniet defungo optio bestia. Vobis torrens tollo pecto coma dapifer nostrum volup. Accusamus theatrum teres villa ullus aestivus. Cometes quidem temeritas approbo fugit caelum.', false, true, 'ASSESSMENT_STARTED', '2023-07-21T06:33:22.938Z'),
       ('172ffcab-58be-42b6-93f1-8aeee054ac65', '145e0eb6-7c7f-4241-958e-c8a0f9f6a7ba', 'ENMP9SL', 'ACP_PT_REFERRER_USER', 'Consequatur creber ubi ascisco aggero corona vinum suppellex dolorem. Spiculum bestia utilis brevis defessus terminatio. Venustas antiquus cognatus surculus chirographum trans ducimus depulso.', false, true, 'REFERRAL_STARTED', null),
       ('6f36e8ff-183f-4c4d-8555-e2c1b2dcf44a', 'a7feeb96-925e-4dee-9c33-525bfcd1bfa0', 'ZHL6G3M', 'ACP_POM_USER', '', false, false, 'REFERRAL_STARTED', null),
       ('91450276-4c5e-43ec-9d9b-562d7aa0afba', '145e0eb6-7c7f-4241-958e-c8a0f9f6a7ba', 'VXKGG1D', 'ACP_POM_USER', 'Viriliter voluntarius arbitro timor claro carcer turbo aduro apparatus pauper. Aliquid spero textilis currus.', true, true, 'REFERRAL_SUBMITTED', '2023-05-14T15:39:57.602Z'),
       ('33a8bea4-6c5f-4d18-b665-dc8977923190', '4a39e034-6300-4b5f-89af-d96a0d75c7a3', 'B9C83GE', 'ACP_POM_USER', 'Audio tendo compono tubineus alo. Bonus sapiente voluptatem amplitudo. Ater praesentium vomito audio totus vespillo corona tondeo alii. Autem sequi voluptatibus tui esse. Decumbo ago adnuo blandior.', true, false, 'ASSESSMENT_STARTED', '2023-01-03T17:25:46.724Z'),
       ('3980f42e-210b-414c-8511-4cf4035be60e', '145e0eb6-7c7f-4241-958e-c8a0f9f6a7ba', 'D124Z3L', 'ACP_PT_REFERRER_USER', 'Bellicus carcer vilitas laborum carcer verbera debitis. Vulgivagus summisse defetiscor nobis. Auctor tardus cumque tero calamitas earum tactus cunae colligo. Ulterius tremo ipsa tener iusto solutio causa theca assentator.', false, false, 'REFERRAL_SUBMITTED', '2023-09-11T13:01:04.456Z'),
       ('c7eacd04-03ec-450e-837e-bb239e422647', '53a25578-73da-4108-ab42-5e2542b4e3d6', 'D124Z3L', 'ACP_POM_USER', 'Aranea vitae cupiditate. Texo baiulus libero.', true, true, 'ASSESSMENT_STARTED', '2023-09-30T21:11:33.581Z'),
       ('ff746636-d5a4-47e1-bac2-a035b9bcb9d4', '1d2d0e8b-1755-47be-b1cb-79f662c90555', '4CUT1G4', 'ACP_PT_REFERRER_USER', 'Vita convoco argumentum viscus vehemens adfectus. Cursim cena suscipit.', true, false, 'REFERRAL_SUBMITTED', '2023-06-01T12:48:02.703Z'),
       ('0847cb30-24fb-4b0d-a920-bdad91adb8dd', '9fad0cd9-de99-46e9-8ac0-2b96eda7e598', 'HR1EQI2', 'ACP_PT_REFERRER_USER', '', false, true, 'REFERRAL_STARTED', null),
       ('4cbc4dae-6f14-425d-b166-e374371636b6', 'd36869dd-8512-431f-a0e1-f25812673c0c', '7GZYCT7', 'ACP_POM_USER', 'Assumenda nulla cumque assentator voluptates vulticulus adopto. Valetudo curtus versus. Ascisco adinventitias cotidie quibusdam uxor tardus speculum quaerat qui.', true, false, 'ASSESSMENT_STARTED', '2023-06-03T03:50:33.128Z'),
       ('83c2a407-b42f-46e6-9888-aaaa20a5fa88', '222647b5-1ca7-4248-b61f-dc15c209a0f7', 'Y7RLN5A', 'ACP_POM_USER', 'Vito amo perspiciatis utilis toties voco beneficium. Torqueo virgo spectaculum inflammatio absens tum subvenio. Cogito corporis sumo trans cogito depono spectaculum totidem tepesco sopor.', false, true, 'REFERRAL_SUBMITTED', '2023-08-17T23:04:54.326Z'),
       ('4a314d08-5fae-41c6-8dcb-df5cb337aad6', 'f8265763-fc19-4dbd-b6e4-19233a037f15', 'ZM5KTFH', 'ACP_POM_USER', 'Consequuntur compono tubineus bene advenio minus cibus. Ceno accusamus vacuus constans fugiat cupressus demens corporis trepide. Deprimo bis supellex textor. Vesper totus abutor odio sortitus alias ventito canis tonsor.', false, true, 'AWAITING_ASSESSMENT', '2023-07-26T22:07:29.250Z'),
       ('90d68649-16be-420a-b16b-c028c091a90e', 'f95c900f-2e39-493a-b707-9c9e0b4991ad', 'N24RBH2', 'ACP_PT_REFERRER_USER', '', false, true, 'ASSESSMENT_STARTED', '2023-11-02T11:27:06.634Z'),
       ('3e21d70c-b662-4737-bfe3-8160a905f847', '3e961981-b3ab-4edc-8cc6-b5cb5fd8d560', 'Y7RLN5A', 'ACP_POM_USER', '', false, false, 'REFERRAL_STARTED', null),
       ('8bfacc05-7b1b-45ee-8227-69b4727a80ab', '3151fc94-c797-45c4-99ca-135e4d38fd92', '4CUT1G4', 'ACP_POM_USER', 'Contra arbor adfectus vulnero.', false, true, 'REFERRAL_SUBMITTED', '2023-08-13T04:22:30.235Z'),
       ('00db7c21-0ad0-456e-9d29-8e1c6ea2d7a9', '3f02dd85-f704-4cf2-a6fd-dc55f9909222', 'D124Z3L', 'ACP_POM_USER', 'Contabesco catena nihil. Arbor error laudantium. Nesciunt quidem temptatio vomica audio nesciunt.', true, true, 'ASSESSMENT_STARTED', '2023-08-15T12:59:17.913Z'),
       ('df9bccbe-850f-441d-88e1-e9fb7b372316', '070bd350-af20-455a-93a2-cb19cf827dd2', '4C59RIL', 'ACP_POM_USER', 'Timor qui odio abstergo.', true, false, 'REFERRAL_SUBMITTED', '2023-06-29T04:27:15.285Z'),
       ('e37ccd59-d526-4f4c-b5c2-cfe0fd2ee179', '472e4fd9-5585-446f-8c32-0a498f3df331', '175AQ4D', 'ACP_PT_REFERRER_USER', 'Quo natus suadeo neque trucido antepono libero umbra curto tantillus.', false, true, 'REFERRAL_STARTED', null),
       ('f577c2c4-c8cd-42cd-b6f6-6da976738407', 'f821b33e-2795-45b5-a9e5-908780fe5247', 'TXWAMYX', 'ACP_POM_USER', 'Sortitus convoco carpo creo copiose ut. Pauper dedecor cibo utrimque altus comprehendo depulso cogo villa. Audentia clibanus confido comes confero contego tersus. Terra acidus volutabrum laudantium delectatio clam calcar paens quasi custodia.', true, true, 'REFERRAL_SUBMITTED', '2023-07-17T11:38:37.954Z'),
       ('88e0241c-8aea-4472-af8d-a974bf043703', '9c37f316-6bdc-4cd1-bff6-9a0a72e9427e', 'XC1JMGC', 'ACP_PT_REFERRER_USER', 'Adversus cado carpo aperio. Benigne sophismata bibo vestrum vapulus campana. Texo claro sophismata pariatur deinde victus vereor.', false, false, 'REFERRAL_SUBMITTED', '2023-10-03T18:58:42.445Z'),
       ('80ccbac2-8673-449a-afb1-be36fbf71671', 'fe6aeb9e-6976-46a5-9bb7-d60011fe39d9', 'ENMP9SL', 'ACP_PT_REFERRER_USER', 'Admitto deripio ullam inflammatio tres vis desino. Laudantium deficio spectaculum pauper curso usitas.', false, false, 'REFERRAL_SUBMITTED', '2023-07-30T22:39:04.646Z'),
       ('8ac0d3ed-0fd5-43fb-931d-c34fe267e472', '8d1bd833-5af6-43a8-a5a2-2ab413406030', '1DULMVV', 'ACP_POM_USER', 'Voluptatibus tenus architecto theca verbera uberrime comprehendo subseco balbus. Delego somniculosus ulciscor. Verus aptus capio dolorum versus. Arbor vereor cogito.', true, true, 'AWAITING_ASSESSMENT', '2023-05-15T14:24:27.316Z'),
       ('21cc8fe1-462c-4207-adff-c2da3f0238b0', 'fb8eb03b-4335-4da1-b78a-7c93923fba4c', 'USULN51', 'ACP_POM_USER', 'Atqui ancilla sursum delectus victus sui.', true, false, 'REFERRAL_SUBMITTED', '2023-04-16T14:36:51.504Z'),
       ('e54e694c-0b22-4aee-b2b9-0e7661ac175b', '56c9786c-6710-4385-8fda-626e19d8b953', 'AFZXD70', 'ACP_PT_REFERRER_USER', '', true, true, 'REFERRAL_STARTED', null),
       ('5b3df86c-9976-44cd-8a58-d5e8be59072e', 'e7e6aabf-6773-401f-b2a8-e1c183beed66', 'FFVPDZL', 'ACP_POM_USER', 'Eum cuius at aggero campana rem crux atque. Valens est claudeo valeo. Corporis allatus caries summisse. Subnecto colligo cilicium voluptates blanditiis.', false, true, 'ASSESSMENT_STARTED', '2023-11-01T04:40:02.570Z'),
       ('b90e9a48-5f00-4460-9ea4-aa65a251e27f', 'f7f79fb2-05cd-4d70-9cda-a6e08e92cd1c', 'JVWN4Y8', 'ACP_PT_REFERRER_USER', 'Veritatis necessitatibus saepe decimus. Aureus amiculum decumbo verto deserunt sono officia. Tribuo vorago voluptatibus. Aurum venio advenio cubicularis stillicidium cenaculum.', false, false, 'ASSESSMENT_STARTED', '2022-12-27T20:40:41.290Z'),
       ('ca1e2dce-0f69-468c-89b5-6977c85ec263', '09adbae6-6e93-4da1-a9ad-9300177af1d1', 'D7C2BPQ', 'ACP_PT_REFERRER_USER', 'Defungo illum sopor colo viridis. Corpus thermae deficio deripio tantum tergeo suus cupiditate cariosus abutor.', true, false, 'ASSESSMENT_STARTED', '2023-01-18T17:27:10.408Z'),
       ('6cde9a30-4cb9-4a39-9284-ca7d9034f293', 'ab50f67c-bbd5-4360-85f5-48d24e6ce7b6', 'YZ6RBNN', 'ACP_PT_REFERRER_USER', 'Sono venustas voco solvo verbum dolor ea. Defetiscor adipisci magni sequi accusamus possimus laboriosam. Aurum earum admoneo victoria sol deludo commemoro.', true, true, 'REFERRAL_SUBMITTED', '2023-10-07T00:01:55.050Z'),
       ('73674494-f267-4487-9df0-3e05373e6d47', '1d2d0e8b-1755-47be-b1cb-79f662c90555', 'XMHCORV', 'ACP_POM_USER', 'Cattus asporto debitis calco deleniti temptatio aro sonitus comptus. Blanditiis benigne validus quo umquam. Cimentarius cunabula sublime vobis vulariter decimus. Tonsor defendo administratio tenetur abbas paulatim abduco calco depulso armarium. Suscipio suggero enim urbs attollo atqui trans.', true, false, 'REFERRAL_STARTED', null),
       ('61771aaf-a352-443c-b804-0fcff60ff0c2', 'eb2bbe93-17e4-4d46-9b61-beeef9bf4b67', 'UJWXNSR', 'ACP_PT_REFERRER_USER', '', false, true, 'ASSESSMENT_STARTED', '2023-11-18T14:11:20.215Z'),
       ('fbe42375-33c9-4ee3-b815-acf0433ede9a', 'fd0d6e0a-ea6c-4b73-9220-7282ab462002', 'YZ6RBNN', 'ACP_POM_USER', 'Baiulus arcesso utpote aiunt commodo tamdiu vergo. Aureus magni tenus adstringo umquam denego atque illum eos. Crepusculum ager videlicet tandem cursim totam cresco causa vito. Claro vorago adhaero.', false, false, 'REFERRAL_STARTED', null),
       ('aeb50242-1ac5-4bf0-9e05-7720393e419f', '0178aca3-eb3b-4e1d-b416-bcf1abd611f5', 'XMHCORV', 'ACP_POM_USER', '', false, false, 'REFERRAL_STARTED', null),
       ('6e5d0dab-1503-46a2-aebc-7762b5fdff0a', '81e7cd2d-74b0-4c2f-9bfc-bccb8a51ceaa', '64CR2JR', 'ACP_POM_USER', '', true, true, 'REFERRAL_SUBMITTED', '2023-09-30T18:11:49.707Z'),
       ('c6e9b5dd-58b6-42de-9872-931511c37986', '3a984bef-127b-4bd6-8758-faad9620e7dd', 'I2T0T14', 'ACP_PT_REFERRER_USER', 'Cur iure versus suscipit statim terminatio similique. Beneficium demum ambulo sono capto carcer. Copiose cum corroboro ustulo.', true, false, 'ASSESSMENT_STARTED', '2023-01-24T10:52:55.362Z'),
       ('d434cad9-c286-475a-947f-a6da1e6f135c', '5a3f00c5-8fd5-4e43-92e7-4db2bc61e0aa', '4C59RIL', 'ACP_POM_USER', '', false, true, 'REFERRAL_STARTED', null),
       ('93fae98e-5d8f-4927-8b55-e0fc2e2ff843', 'f06f36bd-00b9-4c2b-ac2f-d319a8a86141', 'AFZXD70', 'ACP_PT_REFERRER_USER', 'Bos corona casso assentator a volutabrum deserunt vestigium statua. Careo alioqui color ubi unde conservo sollers dolore. Animus casso sodalitas trado vomito statua. Talio tergiversatio cauda bellicus catena corrupti defetiscor.', true, true, 'REFERRAL_SUBMITTED', '2023-01-19T23:20:16.137Z'),
       ('a69a50b1-8324-4d29-801d-cad92a74ad8a', 'e2820e73-7180-4654-bc8c-850246e32b8b', 'VXKGG1D', 'ACP_PT_REFERRER_USER', '', false, true, 'REFERRAL_STARTED', null),
       ('0e530516-e42e-4197-b4bf-cc0eb1aa4822', '0e059168-c28b-484f-8212-49701c507a28', 'HF1WH1L', 'ACP_PT_REFERRER_USER', 'Vivo ad atrocitas vomito volubilis. Sub causa versus conor antea adhaero demoror socius perspiciatis. Succurro sono tabgo.', true, true, 'REFERRAL_SUBMITTED', '2023-09-03T21:07:09.608Z'),
       ('685c3a16-e58f-4ac3-a864-438edf5d87e3', '5f62fa2a-dddb-4656-8e46-6c8dfac50940', 'D124Z3L', 'ACP_POM_USER', '', false, true, 'ASSESSMENT_STARTED', '2023-05-29T06:58:23.779Z'),
       ('21489c95-191d-4e28-aab2-cecaee4d1739', '9411cf5e-715a-402c-ba78-a5633c326c7e', 'ZRRCHJO', 'ACP_POM_USER', 'Acies bellum nulla ater deripio. Adficio nostrum voluptate.', true, false, 'REFERRAL_STARTED', null),
       ('ae1126d0-bf73-4d52-acaa-62d6ead2954c', '509e474c-1ead-44a8-877f-1bc44624cb2e', 'ZRRCHJO', 'ACP_PT_REFERRER_USER', '', true, false, 'REFERRAL_SUBMITTED', '2023-09-25T05:50:28.334Z'),
       ('fdb52dcb-fac3-425a-ba0f-ca82b023bfb0', 'c11f3303-5f55-4876-bff3-474cc175f124', 'AQ6V7KH', 'ACP_PT_REFERRER_USER', 'Ciminatio tabula iste nemo campana.', true, false, 'ASSESSMENT_STARTED', '2023-05-19T20:21:18.520Z'),
       ('3f47756c-0c50-4cf9-a5af-18cee683b04e', '6e83ba1a-cc09-4a20-b75f-fa41529050fd', 'GJNYGD6', 'ACP_PT_REFERRER_USER', 'Thema synagoga civis uterque ara alioqui. Caries vir volutabrum vestigium. Somniculosus amo clam tergeo cicuta unde summisse. Aer aegrotatio defero attollo terga tenuis adicio vinco aliqua. Terga aequus aduro adfectus vitae delectus cito bis.', false, false, 'REFERRAL_SUBMITTED', '2023-02-23T11:20:06.063Z'),
       ('0eeeae02-36c2-48a4-8ac8-d243eeeea00b', 'eb3be6b5-67ca-496e-87bc-07b5a44ad5dc', '135A22I', 'ACP_POM_USER', 'Tantillus trepide ab commodi. Vilitas vaco velum temperantia crapula capto vesica sulum cetera audax. Tempora tenax acidus adopto laboriosam reprehenderit trado ante. Suscipio cruciamentum attollo tempora dolor bos.', false, true, 'REFERRAL_SUBMITTED', '2023-11-25T07:10:03.253Z'),
       ('187b6cda-48e5-4a18-acf0-10950f81ff56', '3e961981-b3ab-4edc-8cc6-b5cb5fd8d560', '135A22I', 'ACP_PT_REFERRER_USER', 'Demo quae spero amplitudo aegre. Ulciscor amplexus eos appello cumque subito deserunt suscipio culpa adeptio.', true, false, 'AWAITING_ASSESSMENT', '2023-12-04T07:00:06.571Z'),
       ('b31c309d-07d7-4051-8f9b-4ca977cd2b3e', '87120e01-6fb1-450a-888b-267a709cfd1d', '4C59RIL', 'ACP_PT_REFERRER_USER', 'Conventus sumptus maiores eligendi crapula aqua. Stultus ustulo volva theatrum apud.', false, true, 'REFERRAL_SUBMITTED', '2023-02-02T16:53:41.753Z'),
       ('203b0316-fa37-41a8-8871-c545825e05f8', 'a64181d0-1a02-4c6e-b3b3-a061bd569326', 'AFZXD70', 'ACP_PT_REFERRER_USER', 'Facere tutamen demitto. Defero magni id tibi pauper denego. Spero cubicularis debeo despecto turbo campana optio eaque canto cultura. Coaegresco defungo stillicidium. Aegrus crepusculum textus cito ver tollo demergo usus.', false, false, 'ASSESSMENT_STARTED', '2023-04-03T14:59:52.805Z'),
       ('16478768-5893-45ce-8527-112e9a2b153f', 'f9aa64d8-3093-4283-908b-ef1be3dbd35a', '4CUT1G4', 'ACP_PT_REFERRER_USER', '', true, false, 'REFERRAL_STARTED', null),
       ('1eced875-f30d-4f51-b828-ffaf1015cd7d', 'aef39060-eda2-4cbe-9894-dba1f8e9fa4c', 'N24RBH2', 'ACP_POM_USER', '', true, true, 'REFERRAL_SUBMITTED', '2023-01-16T23:12:31.349Z'),
       ('3c1f56c2-2c6d-45d8-ae27-5804acc4fd83', '23920efa-def7-4c98-8cf3-8beebf67d034', 'HR1EQI2', 'ACP_POM_USER', 'Ulterius comminor recusandae.', true, true, 'REFERRAL_STARTED', null),
       ('5e009aaa-94b1-4b06-bd03-1a8e3dc26bf1', '2aaacc89-725f-4835-aa19-c56e97c20885', 'P0N4050', 'ACP_POM_USER', 'Theatrum volva statua degusto. Triumphus crur crinis varietas. Bellicus vulnero facilis alii titulus accendo.', true, false, 'ASSESSMENT_STARTED', '2023-10-15T14:40:17.140Z'),
       ('1d696335-11ef-48ad-9162-43dd59c39abb', 'bc8be995-8294-4fa8-8e05-de5fbd7e0899', 'T5BR1XV', 'ACP_PT_REFERRER_USER', 'Voluptatibus addo suppellex facere sapiente pax illo ut spiculum consuasor.', true, true, 'AWAITING_ASSESSMENT', '2023-04-14T01:36:07.113Z'),
       ('55a4b77b-fec6-427c-80f8-63761dcec7fe', '39582bd0-8d35-490f-9277-38c65049119d', 'AFZXD70', 'ACP_POM_USER', '', true, true, 'REFERRAL_SUBMITTED', '2022-12-23T02:14:24.235Z'),
       ('b3f17edb-5e14-4d40-8888-20b1e5b053c6', '795b37d3-5f20-4ab8-8e71-a88a8ce4860d', 'WMRXAKU', 'ACP_PT_REFERRER_USER', 'Decretum uxor vae solvo coniuratio aqua vulariter vulariter absens. Optio carcer spoliatio debeo. Usque arbor cito acerbitas derideo terror.', false, true, 'ASSESSMENT_STARTED', '2023-05-07T05:53:47.724Z'),
       ('24053034-9c8a-4a03-852e-414d35067bde', 'e7264694-293e-4abf-b51d-045beea1c51b', 'Y7RLN5A', 'ACP_POM_USER', '', false, true, 'ASSESSMENT_STARTED', '2023-02-01T19:55:44.820Z'),
       ('97dd1d9e-1d2c-4c15-93d7-025f29cdda98', '7342e0c0-666a-4821-b025-a267e873cb9e', 'D7C2BPQ', 'ACP_PT_REFERRER_USER', 'Cuppedia voluptatum abbas ascisco vulgivagus cumque atrocitas adversus admoveo. Advenio thorax aro theologus crinis baiulus benevolentia ultra saepe. Territo labore sub cupiditas ater venio adamo aptus. Sequi abbas viriliter et nesciunt vel. Sollers suppellex assentator caveo.', true, true, 'AWAITING_ASSESSMENT', '2023-07-19T23:12:15.796Z');
